지점,지점명,일시,평균기온(°C),최저기온(°C),최고기온(°C),최대 풍속(m/s),평균 풍속(m/s),최소 상대습도(%),평균 상대습도(%),합계 일조시간(hr),일 최심적설(cm),평균 전운량(1/10)
256,주암,2001-02-01,-0.5,-5.5,3.6,9.3,2.8,25,41.6,8.0,0.0,1.9
256,주암,2001-02-02,-3.0,-9.9,5.1,3.6,1.2,19,47.0,9.1,0.0,0.0
256,주암,2001-02-03,-0.7,-8.3,8.1,2.0,0.3,32,66.0,6.6,0.0,5.1
256,주암,2001-02-04,2.0,-3.0,9.6,3.0,0.2,35,66.3,2.6,0.0,7.7
256,주암,2001-02-05,3.5,-5.1,13.1,2.9,0.4,26,61.3,8.4,0.0,4.0
256,주암,2001-02-06,6.1,2.9,12.5,1.7,0.3,33,57.1,8.4,0.0,7.4
256,주암,2001-02-07,2.1,-3.7,7.6,3.7,1.8,31,50.3,6.9,0.0,6.3
256,주암,2001-02-08,-2.7,-6.8,2.9,3.6,2.0,23,46.8,9.3,0.0,0.6
256,주암,2001-02-09,-2.8,-9.1,5.5,2.8,0.5,41,69.6,5.7,0.0,4.4
256,주암,2001-02-10,-1.1,-6.8,8.2,2.4,0.5,19,61.0,7.3,0.0,3.7
256,주암,2001-02-11,-0.8,-7.9,5.5,2.7,0.7,37,59.4,3.8,0.0,5.7
256,주암,2001-02-12,0.0,-2.9,3.0,2.2,0.7,18,37.6,0.0,0.0,9.3
256,주암,2001-02-13,-0.3,-4.5,6.6,4.5,1.5,16,33.1,7.6,0.0,5.7
256,주암,2001-02-14,-1.5,-5.9,5.0,3.8,1.6,20,44.8,9.3,0.0,0.0
256,주암,2001-02-15,-0.7,-9.3,8.6,4.1,1.4,30,66.8,3.7,0.0,5.7
256,주암,2001-02-16,-1.3,-6.4,3.5,4.2,2.2,36,55.3,8.9,0.2,3.3
256,주암,2001-02-17,-1.4,-9.6,7.6,3.5,0.6,28,59.4,8.8,0.0,2.3
256,주암,2001-02-18,2.4,-2.2,12.0,2.2,0.3,41,65.8,2.5,0.0,6.3
256,주암,2001-02-19,3.6,-4.6,14.8,2.7,0.7,22,63.3,9.3,0.0,2.0
256,주암,2001-02-20,4.3,-3.9,15.5,3.5,0.7,30,67.0,8.5,0.0,0.6
256,주암,2001-02-21,3.1,-0.6,7.7,1.2,0.1,75,86.0,0.0,0.0,10.0
256,주암,2001-02-22,5.7,0.3,18.6,1.9,0.4,19,70.1,6.6,0.0,4.3
256,주암,2001-02-23,4.9,0.1,7.0,2.2,0.3,53,83.9,0.0,0.0,10.0
256,주암,2001-02-24,3.2,-0.2,6.5,4.1,1.3,55,75.5,0.0,0.0,9.0
256,주암,2001-02-25,0.4,-2.9,6.8,4.4,2.2,27,47.0,9.9,0.0,0.3
256,주암,2001-02-26,0.4,-5.0,10.6,2.2,0.4,26,64.5,6.9,0.0,4.0
256,주암,2001-02-27,0.8,-4.6,5.0,0.5,0.0,55,79.5,0.0,0.0,7.5
256,주암,2001-02-28,8.7,4.9,12.8,3.5,1.6,47,67.5,7.2,0.0,8.3
256,주암,2001-03-01,4.6,0.5,10.1,5.0,1.4,27,65.1,4.7,0.0,5.7
256,주암,2001-03-02,4.6,-1.5,13.3,2.3,0.4,33,69.1,4.9,0.0,3.7
256,주암,2001-03-03,4.5,-0.1,12.5,6.8,1.2,49,76.8,1.3,0.0,8.6
256,주암,2001-03-04,-0.8,-2.7,2.0,7.0,2.0,46,72.6,2.0,4.5,7.4
256,주암,2001-03-05,2.6,-2.4,9.8,4.2,1.5,30,56.0,9.4,4.0,0.9
256,주암,2001-03-06,5.9,-1.7,15.8,4.5,1.5,28,58.5,5.7,0.0,4.6
256,주암,2001-03-07,0.8,-1.7,4.1,5.5,2.7,34,52.1,5.7,0.0,4.0
256,주암,2001-03-08,-2.4,-3.5,0.4,3.8,1.9,47,71.4,0.8,3.9,7.6
256,주암,2001-03-09,0.1,-4.4,6.9,3.4,1.5,33,57.3,9.8,3.9,2.4
256,주암,2001-03-10,2.9,-3.7,11.8,4.0,1.8,29,58.0,7.3,0.0,1.7
256,주암,2001-03-11,1.2,-6.0,11.0,2.9,0.8,19,52.3,8.8,0.0,1.1
256,주암,2001-03-12,1.6,-3.7,9.0,4.1,1.5,34,55.3,9.2,0.0,1.9
256,주암,2001-03-13,3.5,-5.3,13.3,3.3,0.9,20,56.8,10.3,0.0,0.9
256,주암,2001-03-14,9.0,-1.2,16.7,3.7,1.3,41,64.6,3.0,0.0,7.4
256,주암,2001-03-15,6.8,0.3,14.6,3.9,2.2,18,49.6,9.8,0.0,2.1
256,주암,2001-03-16,5.9,-4.8,15.8,3.2,0.7,30,61.5,6.7,0.0,6.3
256,주암,2001-03-17,7.9,5.4,11.3,2.7,0.6,52,69.6,0.0,0.0,9.4
256,주암,2001-03-18,8.3,-0.6,17.3,3.6,1.3,24,53.5,9.8,0.0,1.6
256,주암,2001-03-19,9.3,0.3,19.5,4.6,1.1,26,63.0,8.4,0.0,0.4
256,주암,2001-03-20,10.7,2.0,21.2,4.0,1.1,23,60.9,7.8,0.0,3.7
256,주암,2001-03-21,10.1,0.4,21.7,4.0,1.0,15,54.8,9.0,0.0,1.4
256,주암,2001-03-22,10.3,2.5,21.7,4.5,1.3,23,50.9,9.6,0.0,0.0
256,주암,2001-03-23,10.2,2.5,20.2,2.8,0.7,13,41.9,9.9,0.0,3.1
256,주암,2001-03-24,10.7,0.0,21.7,3.3,0.8,13,42.6,8.9,0.0,5.1
256,주암,2001-03-25,11.9,6.1,22.0,4.6,1.4,25,44.1,6.6,0.0,6.7
256,주암,2001-03-26,6.0,1.5,13.0,5.4,1.8,18,35.9,8.6,0.0,1.0
256,주암,2001-03-27,6.9,-1.5,14.1,3.9,1.0,17,42.3,9.1,0.0,7.1
256,주암,2001-03-28,5.2,2.5,9.8,3.4,1.8,44,62.8,7.3,0.0,9.0
256,주암,2001-03-29,3.3,-2.9,9.5,4.3,1.7,22,48.0,6.5,0.0,5.4
256,주암,2001-03-30,0.5,-3.7,4.3,1.6,0.3,67,77.3,0.0,2.5,8.3
256,주암,2001-03-31,3.5,-2.7,11.1,4.6,1.4,22,55.3,10.1,0.0,0.9
256,주암,2001-04-01,4.5,-5.0,14.3,3.9,1.1,25,54.9,9.7,0.0,0.9
256,주암,2001-04-02,8.7,-3.0,20.1,4.9,1.1,26,59.1,10.4,0.0,0.9
256,주암,2001-04-03,10.0,2.2,18.0,4.1,1.7,15,46.8,10.3,0.0,0.9
256,주암,2001-04-04,8.5,-2.5,20.8,3.7,0.8,16,50.6,9.4,0.0,0.0
256,주암,2001-04-05,9.9,-0.8,21.7,3.5,0.9,16,48.3,10.2,0.0,4.4
256,주암,2001-04-06,10.2,0.8,20.6,3.5,0.7,32,59.4,4.2,0.0,3.9
256,주암,2001-04-07,12.3,2.5,23.5,3.5,0.8,27,58.6,10.0,0.0,3.4
256,주암,2001-04-08,13.7,3.2,23.5,2.7,0.6,30,61.6,5.1,0.0,7.1
256,주암,2001-04-09,17.3,11.6,27.5,3.5,0.8,26,62.3,9.3,0.0,6.3
256,주암,2001-04-10,16.5,7.6,26.8,3.9,1.0,20,54.4,7.5,0.0,8.6
256,주암,2001-04-11,9.3,4.5,14.3,3.4,1.5,29,60.4,0.0,0.0,9.9
256,주암,2001-04-12,8.9,1.2,16.3,5.2,1.8,17,49.8,10.7,0.0,0.3
256,주암,2001-04-13,11.2,0.5,20.7,4.6,1.3,19,51.0,9.1,0.0,4.6
256,주암,2001-04-14,10.8,3.0,16.7,4.6,2.1,22,50.3,9.9,0.0,3.6
256,주암,2001-04-15,10.9,-0.5,22.7,3.3,1.0,24,56.3,10.5,0.0,0.0
256,주암,2001-04-16,12.0,2.5,22.8,3.9,1.2,17,54.5,8.7,0.0,2.0
256,주암,2001-04-17,13.5,1.7,25.8,3.8,0.9,13,53.3,9.6,0.0,0.0
256,주암,2001-04-18,15.4,3.0,28.5,4.5,0.7,12,48.1,11.3,0.0,0.0
256,주암,2001-04-19,15.1,4.1,27.5,4.1,1.2,13,48.3,10.8,0.0,3.1
256,주암,2001-04-20,11.5,7.5,17.5,2.7,1.1,44,64.6,0.0,0.0,6.9
256,주암,2001-04-21,13.8,6.3,22.2,3.4,0.9,22,48.4,10.1,0.0,7.0
256,주암,2001-04-22,11.6,1.1,22.5,4.0,1.1,17,49.1,10.3,0.0,0.0
256,주암,2001-04-23,13.7,3.7,25.2,4.0,1.1,17,55.3,5.5,0.0,6.0
256,주암,2001-04-24,13.7,6.1,22.0,3.9,0.9,22,47.4,3.9,0.0,7.9
256,주암,2001-04-25,11.2,2.0,21.2,3.3,0.8,14,42.6,9.0,0.0,3.0
256,주암,2001-04-26,11.7,0.8,22.6,3.4,0.7,14,42.8,9.3,0.0,2.9
256,주암,2001-04-27,12.7,1.7,23.5,4.0,0.9,17,44.5,10.5,0.0,1.9
256,주암,2001-04-28,13.3,5.5,21.7,3.9,0.9,40,69.3,2.5,0.0,9.0
256,주암,2001-04-29,15.2,13.8,17.2,2.7,1.4,66,76.8,0.0,0.0,10.0
256,주암,2001-04-30,16.0,11.3,23.2,2.0,0.6,42,71.8,0.0,0.0,7.6
256,주암,2002-02-01,-1.3,-7.6,8.6,2.5,0.5,23,61.5,7.5,0.0,5.0
256,주암,2002-02-02,-0.2,-6.9,11.0,3.2,0.6,24,65.9,7.1,0.0,0.5
256,주암,2002-02-03,0.1,-6.5,11.8,2.6,0.4,21,65.9,7.2,0.0,1.4
256,주암,2002-02-04,0.5,-5.8,8.1,1.4,0.3,47,73.3,0.2,0.0,5.4
256,주암,2002-02-05,3.8,-3.0,13.8,4.2,0.8,25,60.5,8.1,0.0,4.0
256,주암,2002-02-06,2.5,-6.6,13.3,3.5,0.7,21,61.8,7.6,0.0,0.0
256,주암,2002-02-07,3.6,-3.7,12.5,5.1,1.8,16,43.4,9.0,0.0,0.0
256,주암,2002-02-08,1.9,-6.5,10.8,4.6,1.6,33,60.9,7.5,0.0,5.9
256,주암,2002-02-09,0.6,-3.5,5.5,6.6,3.3,19,28.9,8.5,0.0,0.3
256,주암,2002-02-10,0.4,-5.5,5.6,4.8,1.8,32,60.5,2.9,0.0,6.3
256,주암,2002-02-11,0.2,-5.0,6.1,7.9,3.4,32,52.9,5.2,0.0,3.7
256,주암,2002-02-12,0.1,-6.1,7.8,4.4,1.4,26,52.6,8.6,0.0,0.0
256,주암,2002-02-13,1.1,-5.0,9.6,5.5,1.8,26,53.8,9.2,0.0,2.4
256,주암,2002-02-14,-0.4,-6.5,8.5,5.4,1.5,18,51.0,9.3,0.0,0.4
256,주암,2002-02-15,0.3,-7.5,11.0,4.2,1.2,17,54.3,8.5,0.0,0.0
256,주암,2002-02-16,2.1,-6.3,12.3,3.3,0.7,16,55.3,5.4,0.0,4.1
256,주암,2002-02-17,4.1,-0.1,12.3,7.2,2.1,44,58.6,3.6,0.0,7.0
256,주암,2002-02-18,0.5,-2.5,4.8,8.8,4.0,26,45.4,9.3,0.0,0.6
256,주암,2002-02-19,0.4,-5.0,7.5,5.8,2.7,25,47.4,9.1,0.0,0.7
256,주암,2002-02-20,1.2,-8.8,13.6,4.2,0.9,16,53.4,9.0,0.0,0.7
256,주암,2002-02-21,-0.3,-5.6,2.7,0.8,0.2,59,78.9,0.0,0.0,8.0
256,주암,2002-02-22,4.5,-0.2,12.0,5.0,1.5,44,71.9,6.2,0.0,5.3
256,주암,2002-02-23,3.6,-2.0,11.5,3.4,1.1,24,58.3,3.6,0.0,3.9
256,주암,2002-02-24,3.4,-5.1,14.1,3.6,0.8,32,63.6,9.1,0.0,0.4
256,주암,2002-02-25,6.2,-1.8,14.5,5.3,1.2,36,64.4,5.8,0.0,7.7
256,주암,2002-02-26,7.9,3.5,15.1,4.4,1.1,23,52.9,3.6,0.0,8.6
256,주암,2002-02-27,5.2,0.5,10.1,3.3,0.6,35,64.3,0.0,0.0,8.0
256,주암,2002-02-28,6.3,0.4,14.8,4.6,1.1,27,64.5,8.2,0.0,5.6
256,주암,2002-03-01,4.7,-3.2,15.3,3.0,0.8,24,65.0,5.6,0.0,5.7
256,주암,2002-03-02,5.4,-0.8,15.1,2.4,0.5,20,59.8,5.0,0.0,6.4
256,주암,2002-03-03,4.1,-1.7,12.6,4.9,1.2,18,54.4,7.8,0.0,5.1
256,주암,2002-03-04,5.1,-5.5,15.8,3.5,0.8,13,45.9,8.5,0.0,5.0
256,주암,2002-03-05,4.2,2.5,6.5,3.9,1.1,47,80.0,0.0,0.0,10.0
256,주암,2002-03-06,3.2,0.6,6.8,8.1,4.0,48,60.4,3.0,0.0,8.4
256,주암,2002-03-07,2.3,-3.2,8.8,7.0,3.3,22,43.9,10.0,0.0,0.7
256,주암,2002-03-08,2.2,-6.9,12.8,4.5,1.0,23,56.6,9.9,0.0,0.3
256,주암,2002-03-09,7.2,-4.0,17.5,4.6,1.1,35,61.9,9.2,0.0,1.0
256,주암,2002-03-10,7.8,2.2,16.8,5.2,1.8,23,57.8,5.9,0.0,4.9
256,주암,2002-03-11,5.6,-3.7,17.0,5.7,1.4,16,47.4,10.2,0.0,0.0
256,주암,2002-03-12,6.7,-3.0,19.2,3.3,0.9,15,47.5,9.5,0.0,3.9
256,주암,2002-03-13,8.5,-2.2,19.6,3.7,1.2,32,58.5,9.9,0.0,1.0
256,주암,2002-03-14,8.1,3.9,11.3,2.0,0.4,71,81.9,0.0,0.0,9.3
256,주암,2002-03-15,9.6,4.4,15.1,7.0,2.6,43,61.8,8.0,0.0,6.1
256,주암,2002-03-16,8.6,-0.1,20.1,5.5,1.2,16,49.5,9.9,0.0,4.4
256,주암,2002-03-17,9.6,1.7,19.0,5.1,1.3,13,45.5,8.6,0.0,2.6
256,주암,2002-03-18,7.2,-0.2,14.8,8.0,2.6,13,41.6,10.1,0.0,1.1
256,주암,2002-03-19,7.9,-3.4,18.7,5.8,1.5,27,58.8,9.6,0.0,0.0
256,주암,2002-03-20,12.7,2.4,22.5,4.6,1.8,36,65.9,7.4,0.0,5.3
256,주암,2002-03-21,10.0,6.0,16.3,8.1,3.3,27,51.8,5.8,0.0,6.3
256,주암,2002-03-22,6.3,2.0,9.6,5.1,1.8,40,58.0,1.2,0.0,5.8
256,주암,2002-03-23,6.3,0.1,11.8,6.8,2.6,23,42.1,9.9,0.0,0.0
256,주암,2002-03-24,4.6,-3.0,12.5,5.3,1.4,18,47.5,9.8,0.0,4.7
256,주암,2002-03-25,6.9,-2.2,17.3,4.0,1.0,19,47.5,10.3,0.0,2.3
256,주암,2002-03-26,8.1,-0.6,16.1,2.0,0.5,32,56.0,3.6,0.0,8.6
256,주암,2002-03-27,12.6,7.8,20.7,5.1,2.6,16,46.0,10.4,0.0,2.9
256,주암,2002-03-28,10.5,2.9,18.1,5.3,1.5,31,57.8,7.7,0.0,3.3
256,주암,2002-03-29,11.5,6.3,18.7,5.2,1.5,37,67.3,7.5,0.0,6.0
256,주암,2002-03-30,11.0,2.9,22.0,5.6,1.4,25,64.5,7.8,0.0,6.4
256,주암,2002-03-31,12.7,7.1,20.7,4.8,1.6,31,61.8,8.5,0.0,4.4
256,주암,2002-04-01,13.5,3.7,25.5,4.1,1.1,16,54.4,9.0,0.0,6.0
256,주암,2002-04-02,14.9,3.7,25.6,4.1,1.2,22,52.8,10.5,0.0,2.4
256,주암,2002-04-03,15.2,9.1,24.7,5.7,1.4,31,58.8,9.1,0.0,4.4
256,주암,2002-04-04,11.8,5.0,22.3,3.9,1.3,13,51.6,8.9,0.0,2.7
256,주암,2002-04-05,12.7,-0.1,21.3,5.1,2.1,22,49.6,10.0,0.0,5.5
256,주암,2002-04-06,14.8,11.1,16.8,4.5,2.1,53,78.6,0.0,0.0,10.0
256,주암,2002-04-07,15.5,10.3,23.2,7.0,2.0,38,65.4,9.8,0.0,5.3
256,주암,2002-04-08,10.6,5.5,16.7,5.0,2.6,21,37.6,9.3,0.0,5.8
256,주암,2002-04-09,8.4,3.5,14.3,6.1,2.3,24,48.1,10.5,0.0,0.4
256,주암,2002-04-10,8.9,1.7,16.6,4.5,1.4,26,50.6,8.8,0.0,7.1
256,주암,2002-04-11,8.6,1.2,17.2,3.7,1.1,19,50.8,9.4,0.0,4.6
256,주암,2002-04-12,10.6,1.5,19.8,6.6,1.8,29,56.8,9.5,0.0,6.0
256,주암,2002-04-13,12.2,6.6,20.7,4.7,1.9,18,47.8,11.2,0.0,2.3
256,주암,2002-04-14,14.2,4.1,23.6,4.8,1.9,24,58.3,7.8,0.0,7.9
256,주암,2002-04-15,15.9,13.1,17.6,3.2,1.4,69,80.3,0.0,0.0,10.0
256,주암,2002-04-16,17.1,12.0,20.8,5.9,2.8,64,76.3,0.5,0.0,9.6
256,주암,2002-04-17,11.5,7.5,16.7,8.1,3.0,21,39.4,9.2,0.0,6.3
256,주암,2002-04-18,9.2,1.7,17.0,5.4,1.9,26,51.6,9.9,0.0,5.6
256,주암,2002-04-19,10.5,0.6,20.2,4.0,1.2,19,52.4,8.8,0.0,4.9
256,주암,2002-04-20,12.4,3.2,19.7,4.5,1.1,17,53.3,7.1,0.0,8.7
256,주암,2002-04-21,18.2,10.3,27.7,3.8,1.1,35,62.3,9.6,0.0,4.4
256,주암,2002-04-22,17.5,11.3,24.8,4.5,1.5,37,67.3,8.4,0.0,8.6
256,주암,2002-04-23,17.7,14.8,21.5,3.4,1.0,59,74.1,2.1,0.0,10.0
256,주암,2002-04-24,11.2,5.0,17.7,8.5,3.4,24,50.3,9.6,0.0,6.0
256,주암,2002-04-25,10.4,3.0,18.6,3.9,1.5,20,49.3,12.0,0.0,3.6
256,주암,2002-04-26,11.3,3.2,20.0,3.2,1.0,30,60.6,10.1,0.0,5.7
256,주암,2002-04-27,12.7,7.3,20.8,3.4,1.0,21,55.5,10.0,0.0,5.9
256,주암,2002-04-28,12.2,8.1,16.6,5.1,1.2,32,69.1,5.7,0.0,9.0
256,주암,2002-04-29,15.6,12.5,18.8,3.7,2.0,64,77.3,0.0,0.0,10.0
256,주암,2002-04-30,18.6,17.3,19.7,3.7,1.4,72,80.5,0.0,0.0,10.0
256,주암,2003-02-01,-1.1,-7.0,7.5,3.7,0.5,42,75.6,8.4,2.0,2.8
256,주암,2003-02-02,-1.8,-8.1,5.8,5.9,1.3,33,71.9,8.9,0.0,0.0
256,주암,2003-02-03,-0.6,-7.5,6.6,3.8,1.0,37,71.1,8.4,0.0,2.6
256,주암,2003-02-04,0.1,-3.5,4.9,4.2,1.4,51,72.5,5.1,0.0,4.0
256,주암,2003-02-05,0.1,-3.2,4.0,6.0,2.0,45,68.4,3.8,2.0,5.0
256,주암,2003-02-06,-0.4,-6.5,8.1,4.0,0.7,33,70.8,9.1,0.0,0.6
256,주암,2003-02-07,0.1,-5.5,7.6,1.0,0.1,56,83.3,0.4,0.0,6.0
256,주암,2003-02-08,3.4,-0.8,7.0,3.4,0.5,80,92.5,0.1,0.0,8.5
256,주암,2003-02-09,5.9,3.0,14.3,3.2,0.5,44,80.8,6.0,0.0,4.3
256,주암,2003-02-10,6.8,1.7,13.3,3.2,0.6,45,76.5,5.0,0.0,9.0
256,주암,2003-02-11,2.4,-2.5,6.9,6.2,2.8,32,62.5,7.2,0.0,4.4
256,주암,2003-02-12,-2.5,-6.0,3.5,6.5,2.6,28,52.1,9.3,0.0,0.3
256,주암,2003-02-13,-2.1,-8.6,5.9,4.8,1.0,41,70.9,8.6,0.0,1.4
256,주암,2003-02-14,0.6,-6.0,9.0,5.0,0.8,35,71.8,8.4,0.0,2.5
256,주암,2003-02-15,3.2,-1.0,8.6,1.0,0.2,33,63.6,0.8,0.0,10.0
256,주암,2003-02-16,4.3,-2.2,10.6,4.7,1.4,29,53.0,7.7,0.0,4.3
256,주암,2003-02-17,2.9,-5.3,13.1,3.7,0.8,32,70.4,8.4,0.0,3.0
256,주암,2003-02-18,2.8,-3.9,11.8,4.6,0.8,29,69.0,8.4,0.0,1.4
256,주암,2003-02-19,2.7,-0.8,7.5,5.2,2.0,47,72.0,0.9,0.0,5.8
256,주암,2003-02-20,2.8,-2.5,10.5,4.3,1.2,27,60.5,8.9,0.0,1.4
256,주암,2003-02-21,3.9,-2.9,8.8,4.0,1.0,54,72.1,0.1,0.0,8.4
256,주암,2003-02-22,6.8,5.6,7.8,3.7,0.8,69,91.3,0.0,0.0,10.0
256,주암,2003-02-23,5.6,4.6,6.9,1.6,0.2,72,88.1,0.0,0.0,10.0
256,주암,2003-02-24,4.8,-0.6,9.6,4.7,1.7,48,74.9,6.3,0.0,4.8
256,주암,2003-02-25,4.1,-3.0,13.6,3.3,0.5,26,71.1,8.8,0.0,1.8
256,주암,2003-02-26,5.9,1.7,14.1,4.2,0.8,34,71.3,4.2,0.0,6.6
256,주암,2003-02-27,5.8,-0.6,13.6,3.6,1.1,32,65.8,7.5,0.0,3.8
256,주암,2003-02-28,5.5,-1.8,12.1,2.9,1.0,36,61.9,7.2,0.0,5.4
256,주암,2003-03-01,5.6,2.7,9.8,4.8,1.9,54,78.9,2.2,0.0,7.6
256,주암,2003-03-02,6.3,-1.5,14.6,4.3,1.3,24,63.8,7.7,0.0,5.6
256,주암,2003-03-03,2.6,-2.0,5.9,8.6,2.9,35,64.4,6.1,0.0,5.0
256,주암,2003-03-04,-0.2,-4.4,5.5,4.3,2.0,28,53.0,8.7,0.0,6.1
256,주암,2003-03-05,2.7,-2.5,7.5,2.8,0.7,48,64.9,1.1,0.0,9.5
256,주암,2003-03-06,3.0,0.5,5.5,2.2,0.5,69,89.0,0.0,0.0,10.0
256,주암,2003-03-07,3.5,2.2,5.1,6.1,2.3,54,75.4,0.1,0.0,9.9
256,주암,2003-03-08,2.2,-2.2,6.8,4.9,1.9,43,65.1,3.9,0.0,5.5
256,주암,2003-03-09,2.9,-4.0,10.1,3.7,0.7,36,67.1,9.4,0.0,3.3
256,주암,2003-03-10,3.9,-0.6,11.3,3.4,0.7,26,64.6,9.0,0.0,2.3
256,주암,2003-03-11,3.6,-3.4,12.0,3.0,0.7,31,62.5,8.2,0.0,2.3
256,주암,2003-03-12,5.3,-1.8,13.6,3.1,0.7,31,60.6,6.4,0.0,5.0
256,주암,2003-03-13,4.9,-2.4,13.8,4.1,0.9,29,63.1,9.7,0.0,2.9
256,주암,2003-03-14,4.6,-2.7,12.1,3.8,0.9,39,71.1,6.9,0.0,6.4
256,주암,2003-03-15,7.1,3.3,11.3,2.8,0.7,63,84.0,1.8,0.0,9.5
256,주암,2003-03-16,7.8,7.1,8.7,2.1,0.4,78,92.4,0.0,0.0,10.0
256,주암,2003-03-17,6.2,3.0,10.7,4.4,2.1,59,81.0,1.0,0.0,7.0
256,주암,2003-03-18,5.0,-1.0,13.4,4.6,1.5,29,64.5,8.0,0.0,3.1
256,주암,2003-03-19,5.4,-1.3,13.9,3.1,0.8,24,61.3,8.5,0.0,4.6
256,주암,2003-03-20,5.7,-2.8,15.6,4.1,0.9,29,71.5,10.4,0.0,1.0
256,주암,2003-03-21,7.4,-1.2,14.7,4.8,1.5,34,67.3,6.8,0.0,5.3
256,주암,2003-03-22,8.2,0.1,18.2,4.9,1.0,21,66.1,10.7,0.0,0.4
256,주암,2003-03-23,7.8,1.1,16.4,3.5,0.7,34,72.9,3.7,0.0,5.6
256,주암,2003-03-24,9.5,2.1,17.3,5.0,1.0,39,71.8,5.2,0.0,5.1
256,주암,2003-03-25,9.0,2.3,15.4,6.4,1.8,33,67.4,7.6,0.0,2.3
256,주암,2003-03-26,9.4,-1.1,20.2,4.4,1.2,26,66.1,8.3,0.0,1.8
256,주암,2003-03-27,8.1,2.2,13.9,9.0,3.1,30,67.6,7.0,0.0,4.0
256,주암,2003-03-28,5.3,-1.6,13.5,4.3,1.5,35,66.4,7.5,0.0,4.4
256,주암,2003-03-29,6.9,-2.4,17.2,3.3,0.9,16,57.1,11.0,0.0,0.3
256,주암,2003-03-30,11.1,0.2,21.8,4.1,1.3,25,63.3,9.0,0.0,3.3
256,주암,2003-03-31,14.8,11.1,17.9,2.6,0.7,77,87.3,0.0,0.0,9.8
256,주암,2003-04-01,16.2,11.8,21.2,3.7,1.7,17,47.8,2.9,0.0,7.0
256,주암,2003-04-02,12.0,6.4,19.1,2.8,0.7,33,59.3,0.2,0.0,6.4
256,주암,2003-04-03,12.3,3.6,21.9,4.0,0.8,21,55.0,10.5,0.0,3.6
256,주암,2003-04-04,10.0,5.0,15.2,2.8,0.7,48,75.6,0.0,0.0,8.3
256,주암,2003-04-05,9.8,2.7,19.8,5.6,1.5,19,61.1,8.8,0.0,3.3
256,주암,2003-04-06,10.5,-0.1,21.7,4.6,1.0,21,56.3,10.8,0.0,1.1
256,주암,2003-04-07,9.0,1.2,17.0,3.8,0.8,26,84.3,1.5,0.0,7.4
256,주암,2003-04-08,10.0,8.3,13.1,6.3,2.6,58,81.5,1.6,0.0,9.3
256,주암,2003-04-09,9.8,5.3,16.4,5.2,2.0,30,64.8,10.8,0.0,2.0
256,주암,2003-04-10,9.6,2.6,16.2,4.6,1.6,31,66.9,7.7,0.0,4.9
256,주암,2003-04-11,11.2,6.9,13.9,3.7,1.1,49,92.5,0.0,0.0,10.0
256,주암,2003-04-12,14.8,10.4,20.9,5.5,2.1,31,72.5,7.3,0.0,5.5
256,주암,2003-04-13,13.3,5.9,21.3,5.0,1.5,22,56.1,9.9,0.0,3.9
256,주암,2003-04-14,13.5,5.9,21.7,4.4,1.1,16,48.6,9.0,0.0,4.3
256,주암,2003-04-15,12.2,1.4,23.9,3.8,0.8,15,54.5,11.8,0.0,0.4
256,주암,2003-04-16,13.3,3.7,23.9,4.1,1.2,23,59.9,11.6,0.0,0.6
256,주암,2003-04-17,16.2,6.1,25.7,4.3,1.4,45,75.4,8.7,0.0,4.0
256,주암,2003-04-18,17.6,14.8,21.4,4.9,1.6,67,89.8,1.4,0.0,9.3
256,주암,2003-04-19,14.8,12.0,22.6,4.7,1.9,56,85.5,3.7,0.0,9.3
256,주암,2003-04-20,11.5,9.9,13.8,4.1,1.5,81,89.5,0.0,0.0,9.6
256,주암,2003-04-21,12.3,5.9,20.4,4.7,1.9,36,66.5,11.5,0.0,0.5
256,주암,2003-04-22,13.3,8.1,18.8,4.1,1.7,33,61.6,2.9,0.0,8.3
256,주암,2003-04-23,12.4,10.5,14.1,2.1,0.3,84,97.3,0.0,0.0,10.0
256,주암,2003-04-24,14.5,11.3,19.6,2.7,0.9,61,87.4,1.4,0.0,9.3
256,주암,2003-04-25,14.3,13.1,16.0,3.0,0.8,83,93.8,0.0,0.0,9.8
256,주암,2003-04-26,15.8,9.8,23.0,4.0,1.6,33,70.3,10.7,0.0,1.3
256,주암,2003-04-27,15.4,9.0,24.6,3.3,0.8,27,72.3,8.8,0.0,4.0
256,주암,2003-04-28,15.6,7.5,26.1,4.4,1.0,27,69.0,8.8,0.0,5.9
256,주암,2003-04-29,15.4,12.5,18.3,5.4,2.0,79,90.4,0.0,0.0,10.0
256,주암,2003-04-30,14.8,8.3,21.3,6.3,2.2,27,63.8,9.5,0.0,2.8
256,주암,2004-02-01,3.1,-6.0,13.1,2.9,0.5,47,74.4,2.3,0.0,5.5
256,주암,2004-02-02,1.3,-1.7,5.5,6.2,3.6,24,59.4,5.7,0.0,6.6
256,주암,2004-02-03,-1.2,-3.2,2.7,6.2,2.1,40,72.0,2.6,0.9,6.5
256,주암,2004-02-04,0.1,-6.1,5.0,5.8,1.5,39,67.0,5.1,1.1,4.8
256,주암,2004-02-05,-1.6,-5.0,1.7,7.3,3.2,45,68.0,2.4,3.2,4.9
256,주암,2004-02-06,-2.5,-7.5,2.9,5.6,1.5,40,77.5,4.5,2.9,5.5
256,주암,2004-02-07,-2.1,-5.9,1.6,7.1,2.5,45,71.6,2.6,4.4,3.9
256,주암,2004-02-08,-0.9,-9.3,8.3,5.0,1.1,29,73.0,8.3,0.0,1.5
256,주암,2004-02-09,-1.4,-6.0,5.9,3.7,0.9,29,68.8,9.3,0.0,0.0
256,주암,2004-02-10,-1.2,-9.3,9.3,3.2,0.5,19,67.5,9.3,0.0,0.0
256,주암,2004-02-11,-0.1,-7.5,11.3,5.9,0.9,22,69.9,7.0,0.0,0.8
256,주암,2004-02-12,0.5,-6.3,10.3,5.7,1.0,24,69.1,8.0,0.0,0.9
256,주암,2004-02-13,1.8,-6.3,12.0,3.3,0.6,18,61.4,8.6,0.0,1.8
256,주암,2004-02-14,4.7,-0.5,10.8,7.7,3.4,31,57.8,5.7,0.0,4.6
256,주암,2004-02-15,3.9,-2.9,12.5,5.6,2.0,18,48.3,9.4,0.0,0.0
256,주암,2004-02-16,3.2,-6.0,13.6,3.5,0.9,22,62.9,9.3,0.0,0.9
256,주암,2004-02-17,5.1,-2.0,13.8,6.6,1.7,14,53.1,9.3,0.0,1.8
256,주암,2004-02-18,3.4,-6.9,17.2,2.6,0.4,11,53.3,8.4,0.0,1.0
256,주암,2004-02-19,5.5,-4.0,19.2,2.9,0.4,15,54.5,8.5,0.0,1.9
256,주암,2004-02-20,8.8,-2.2,19.6,4.1,0.9,25,69.0,9.4,0.0,2.6
256,주암,2004-02-21,12.8,8.6,16.0,3.3,1.0,85,93.4,0.0,0.0,10.0
256,주암,2004-02-22,7.7,2.7,15.5,6.5,2.9,71,87.0,0.0,0.0,9.3
256,주암,2004-02-23,3.6,-2.4,10.1,5.9,3.2,30,58.4,9.6,0.0,1.5
256,주암,2004-02-24,2.7,-4.0,11.8,3.0,0.6,17,67.5,6.6,0.0,5.1
256,주암,2004-02-25,5.8,-2.2,16.2,5.0,1.3,32,69.5,5.4,0.0,2.8
256,주암,2004-02-26,3.1,-1.6,8.1,5.7,1.9,31,59.1,5.7,0.0,2.4
256,주암,2004-02-27,2.2,-3.5,10.3,4.6,1.1,19,60.9,9.9,0.0,1.0
256,주암,2004-02-28,5.0,-2.9,13.3,3.5,0.5,46,82.6,1.2,0.0,8.6
256,주암,2004-02-29,8.7,4.8,14.5,5.2,2.3,24,56.8,9.3,0.0,5.3
256,주암,2004-03-01,5.6,0.6,12.1,4.3,1.6,16,39.4,6.6,0.0,6.3
256,주암,2004-03-02,2.4,-2.0,7.5,6.0,3.0,19,33.6,9.1,0.0,4.0
256,주암,2004-03-03,-1.5,-4.6,3.5,3.8,1.0,27,62.8,0.0,0.0,5.9
256,주암,2004-03-04,0.8,-6.3,7.5,4.0,0.9,24,60.8,9.9,1.2,2.0
256,주암,2004-03-05,1.7,-3.4,9.6,5.4,1.9,57,82.8,1.5,0.0,6.6
256,주암,2004-03-06,-1.1,-2.9,2.4,6.3,2.8,44,71.9,3.5,3.5,6.5
256,주암,2004-03-07,-0.4,-4.6,5.5,6.8,2.6,33,62.6,9.3,0.3,1.9
256,주암,2004-03-08,1.6,-5.3,9.5,2.9,0.6,34,74.6,4.5,0.0,4.4
256,주암,2004-03-09,5.1,-2.7,15.6,4.4,1.0,41,80.1,7.4,0.0,1.9
256,주암,2004-03-10,11.4,0.8,19.6,6.3,1.5,50,77.1,1.9,0.0,6.6
256,주암,2004-03-11,10.0,5.5,15.1,5.6,3.0,14,28.9,6.6,0.0,6.4
256,주암,2004-03-12,8.7,1.0,17.6,3.6,0.9,8,32.1,9.1,0.0,2.9
256,주암,2004-03-13,7.0,-2.7,18.2,2.7,0.5,20,54.4,10.0,0.0,2.3
256,주암,2004-03-14,8.2,0.8,17.7,4.4,0.9,22,64.0,8.9,0.0,2.6
256,주암,2004-03-15,8.8,-1.1,21.1,4.5,0.8,14,62.4,9.3,0.0,0.8
256,주암,2004-03-16,12.3,0.5,20.7,5.7,1.4,41,72.6,7.8,0.0,4.1
256,주암,2004-03-17,9.4,1.7,16.2,5.0,2.5,48,78.6,0.0,0.0,9.4
256,주암,2004-03-18,4.1,-0.5,11.8,4.8,2.5,22,49.1,10.6,0.0,0.8
256,주암,2004-03-19,5.6,-3.7,13.8,2.4,0.8,16,49.9,5.6,0.0,5.6
256,주암,2004-03-20,8.3,3.4,16.5,3.9,0.9,20,55.4,8.7,0.0,4.4
256,주암,2004-03-21,8.8,2.4,17.0,4.5,1.3,22,60.8,4.1,0.0,8.6
256,주암,2004-03-22,9.9,5.3,16.6,4.0,1.2,34,69.4,6.5,0.0,6.4
256,주암,2004-03-23,8.9,2.2,17.2,2.7,0.7,35,67.8,4.9,0.0,3.8
256,주암,2004-03-24,7.2,-0.8,14.6,4.3,1.0,38,66.0,5.3,0.0,5.3
256,주암,2004-03-25,7.6,2.4,16.2,3.4,0.6,30,70.4,3.5,0.0,5.5
256,주암,2004-03-26,8.1,-1.6,19.2,4.6,0.9,17,63.4,10.6,0.0,0.4
256,주암,2004-03-27,9.0,1.0,19.5,3.6,0.7,27,66.9,6.5,0.0,5.9
256,주암,2004-03-28,11.3,0.0,22.8,4.3,0.9,27,65.8,10.8,0.0,0.4
256,주암,2004-03-29,13.4,4.3,23.2,4.0,1.1,33,72.9,7.7,0.0,6.0
256,주암,2004-03-30,12.2,4.9,18.6,5.9,2.4,16,52.0,8.3,0.0,3.9
256,주암,2004-03-31,7.6,-0.8,17.1,5.9,1.5,19,47.8,10.3,0.0,0.8
256,주암,2004-04-01,7.1,-1.2,15.3,4.5,0.9,26,76.1,1.0,0.0,7.4
256,주암,2004-04-02,9.1,5.4,14.8,7.0,3.0,28,57.9,10.2,0.0,2.9
256,주암,2004-04-03,6.3,0.8,11.1,4.2,1.7,33,58.1,1.0,0.0,5.8
256,주암,2004-04-04,6.1,-1.8,15.1,4.9,1.4,22,58.4,10.9,0.0,0.1
256,주암,2004-04-05,8.2,-2.4,19.7,3.0,0.6,17,53.1,11.5,0.0,0.0
256,주암,2004-04-06,10.9,-0.4,21.1,4.0,0.9,19,58.6,7.8,0.0,5.8
256,주암,2004-04-07,11.2,6.5,16.2,6.0,2.1,23,56.1,1.7,0.0,8.5
256,주암,2004-04-08,10.2,0.8,20.2,4.8,1.5,15,41.6,11.4,0.0,0.0
256,주암,2004-04-09,11.6,-0.1,23.5,4.5,1.2,22,52.9,11.2,0.0,0.0
256,주암,2004-04-10,14.4,2.2,26.3,3.8,1.1,15,49.0,8.5,0.0,5.1
256,주암,2004-04-11,14.8,9.5,21.7,2.4,0.5,31,58.6,0.8,0.0,7.3
256,주암,2004-04-12,15.6,5.9,25.7,3.5,0.6,30,68.1,6.8,0.0,4.8
256,주암,2004-04-13,15.6,7.0,25.6,3.8,0.8,22,62.4,9.9,0.0,1.4
256,주암,2004-04-14,15.5,7.0,25.6,4.3,1.1,18,57.9,11.2,0.0,1.1
256,주암,2004-04-15,14.1,4.0,24.2,3.5,0.9,12,48.6,7.3,0.0,5.0
256,주암,2004-04-16,14.7,3.5,26.3,4.9,1.1,19,55.5,11.1,0.0,0.9
256,주암,2004-04-17,15.8,4.5,28.5,2.8,0.6,12,48.1,10.9,0.0,3.0
256,주암,2004-04-18,13.1,4.5,20.2,5.0,1.2,27,78.4,1.7,0.0,8.5
256,주암,2004-04-19,15.4,13.0,20.1,4.9,1.5,66,86.1,0.5,0.0,9.4
256,주암,2004-04-20,17.9,10.3,26.2,4.6,1.9,36,68.0,11.1,0.0,1.5
256,주암,2004-04-21,18.4,9.3,30.2,3.7,1.1,31,72.3,9.1,0.0,2.5
256,주암,2004-04-22,17.8,8.8,28.0,5.3,1.8,50,80.3,6.2,0.0,5.8
256,주암,2004-04-23,13.5,6.3,19.7,6.2,3.2,16,38.9,11.5,0.0,3.3
256,주암,2004-04-24,10.3,2.0,19.2,5.5,1.6,18,58.4,11.7,0.0,0.6
256,주암,2004-04-25,12.1,1.0,23.6,3.5,0.9,13,51.0,11.6,0.0,0.6
256,주암,2004-04-26,11.9,5.5,16.2,4.6,1.3,68,89.9,0.0,0.0,9.0
256,주암,2004-04-27,9.5,6.3,14.3,5.5,2.8,71,82.8,0.0,0.0,8.4
256,주암,2004-04-28,10.6,2.0,21.6,4.2,1.0,24,70.5,9.8,0.0,1.5
256,주암,2004-04-29,14.6,3.9,26.2,3.7,0.6,18,62.3,10.5,0.0,3.5
256,주암,2004-04-30,16.1,10.6,22.2,3.3,0.8,59,79.5,0.2,0.0,9.4
256,주암,2005-02-01,-6.0,-8.8,-3.4,2.4,1.0,66,79.0,0.3,8.2,7.4
256,주암,2005-02-02,-3.8,-7.0,-0.1,2.0,0.9,58,74.4,1.3,8.5,6.4
256,주암,2005-02-03,-1.7,-5.1,3.7,1.5,0.6,44,73.5,7.5,4.2,4.4
256,주암,2005-02-04,-0.2,-5.5,6.9,1.6,0.4,25,65.8,8.3,0.5,3.1
256,주암,2005-02-05,-0.5,-6.3,7.9,2.3,0.5,27,69.9,8.1,0.0,1.1
256,주암,2005-02-06,0.3,-6.0,10.1,1.3,0.2,42,79.3,2.0,0.0,3.6
256,주암,2005-02-07,4.9,-1.3,10.3,0.6,0.1,56,79.8,0.0,0.0,10.0
256,주암,2005-02-08,2.5,-1.7,6.3,1.8,0.5,64,86.4,2.9,0.0,7.3
256,주암,2005-02-09,0.9,-3.0,7.3,1.6,0.5,31,75.4,2.1,1.9,6.6
256,주암,2005-02-10,-1.9,-4.3,3.2,2.5,1.2,29,49.6,6.8,1.9,3.8
256,주암,2005-02-11,-2.9,-7.5,3.5,2.2,1.0,27,49.6,9.3,0.0,1.5
256,주암,2005-02-12,-1.7,-6.4,4.5,1.5,0.6,19,46.6,3.8,0.0,4.3
256,주암,2005-02-13,-1.0,-7.5,7.0,2.2,0.6,30,57.8,9.3,0.0,0.0
256,주암,2005-02-14,1.1,-7.5,8.3,1.0,0.2,39,77.9,1.9,0.0,7.4
256,주암,2005-02-15,6.0,3.2,8.6,1.3,0.4,86,94.9,0.0,0.0,10.0
256,주암,2005-02-16,6.4,5.5,7.5,0.7,0.2,93,98.5,0.0,0.0,10.0
256,주암,2005-02-17,7.6,4.9,12.3,1.6,0.4,53,75.3,3.0,0.0,8.0
256,주암,2005-02-18,3.2,0.8,6.5,0.8,0.3,62,89.8,1.5,0.0,8.1
256,주암,2005-02-19,-0.3,-4.4,3.5,2.9,1.1,46,76.6,2.7,0.0,7.5
256,주암,2005-02-20,-3.7,-7.0,1.5,2.0,1.1,36,61.0,7.4,0.4,3.9
256,주암,2005-02-21,-3.4,-8.0,2.7,2.3,0.7,27,63.8,8.2,0.2,2.4
256,주암,2005-02-22,1.0,-9.1,7.9,1.9,0.6,39,71.6,4.7,0.0,3.6
256,주암,2005-02-23,3.0,-1.6,9.4,4.3,1.3,28,56.9,8.8,0.0,0.8
256,주암,2005-02-24,2.1,-1.6,9.8,2.8,0.6,39,66.1,2.5,0.0,5.6
256,주암,2005-02-25,-0.5,-3.2,4.5,6.4,3.5,21,41.3,9.4,0.0,2.0
256,주암,2005-02-26,-2.3,-5.5,3.5,6.5,3.5,24,46.5,9.6,0.0,0.9
256,주암,2005-02-27,-0.8,-7.9,7.5,4.3,1.3,22,52.1,7.8,0.0,3.4
256,주암,2005-02-28,0.9,-6.4,9.0,5.8,1.6,22,55.0,6.1,0.0,1.9
256,주암,2005-03-01,1.5,-5.0,9.5,4.7,1.2,15,45.0,10.0,0.0,0.0
256,주암,2005-03-02,0.9,-4.9,8.8,4.5,1.1,40,67.6,0.0,0.0,7.5
256,주암,2005-03-03,0.4,-2.9,6.5,5.7,2.7,27,50.5,7.5,0.0,3.4
256,주암,2005-03-04,0.0,-6.8,6.0,4.2,1.6,26,51.5,5.6,0.0,3.5
256,주암,2005-03-05,-1.6,-6.4,3.2,5.7,2.1,46,64.4,2.6,0.2,5.1
256,주암,2005-03-06,1.6,-5.5,10.6,4.3,1.5,21,55.0,10.1,0.0,0.4
256,주암,2005-03-07,3.1,-7.1,14.3,4.6,0.9,27,68.9,10.0,0.0,0.0
256,주암,2005-03-08,7.3,-2.7,18.0,4.3,1.0,32,73.3,8.2,0.0,0.6
256,주암,2005-03-09,8.5,0.8,16.7,3.2,0.9,55,84.1,0.7,0.0,6.0
256,주암,2005-03-10,12.0,4.1,21.7,3.6,1.3,41,77.5,6.0,0.0,5.0
256,주암,2005-03-11,3.8,-2.0,9.6,7.9,3.4,45,74.0,2.4,0.0,7.8
256,주암,2005-03-12,-2.0,-4.0,2.7,8.5,4.8,33,53.4,6.4,0.0,4.4
256,주암,2005-03-13,-0.8,-6.5,3.9,7.9,2.9,22,52.3,7.1,0.0,2.8
256,주암,2005-03-14,2.5,-5.9,12.0,4.6,1.3,16,47.5,10.0,0.0,2.5
256,주암,2005-03-15,2.9,-0.8,7.1,1.3,0.4,52,84.1,0.6,0.8,8.6
256,주암,2005-03-16,7.7,1.7,19.1,4.1,1.2,21,78.6,4.4,0.0,8.3
256,주암,2005-03-17,8.2,5.9,13.6,6.6,2.6,47,75.8,3.2,0.0,6.9
256,주암,2005-03-18,4.8,-0.8,10.3,8.0,4.3,24,46.8,10.1,0.0,0.8
256,주암,2005-03-19,5.3,-3.7,15.5,3.7,1.0,13,48.1,9.0,0.0,2.5
256,주암,2005-03-20,6.3,1.8,13.8,6.0,1.8,22,53.1,8.0,0.0,4.4
256,주암,2005-03-21,6.9,-2.9,15.1,4.9,1.4,33,72.8,6.7,0.0,7.0
256,주암,2005-03-22,8.9,5.1,15.6,4.8,1.6,48,82.6,5.5,0.0,7.5
256,주암,2005-03-23,7.9,1.2,15.3,5.7,1.4,24,62.0,6.7,0.0,4.5
256,주암,2005-03-24,2.2,0.6,5.0,7.7,3.9,36,64.4,4.5,0.0,5.9
256,주암,2005-03-25,4.8,-0.4,11.3,6.3,3.0,24,48.8,10.8,0.0,0.5
256,주암,2005-03-26,7.8,-1.7,17.8,3.7,1.0,25,67.8,6.7,0.0,5.9
256,주암,2005-03-27,6.9,1.8,11.0,1.9,0.3,81,96.1,0.0,0.0,9.6
256,주암,2005-03-28,9.9,3.0,19.0,6.5,2.2,32,72.5,7.7,0.0,3.5
256,주암,2005-03-29,4.6,-1.5,11.6,7.5,2.9,20,52.6,10.7,0.0,0.0
256,주암,2005-03-30,6.3,-2.2,17.2,5.2,1.5,16,49.9,10.9,0.0,0.0
256,주암,2005-03-31,8.0,-2.0,19.6,3.9,0.9,19,57.9,10.7,0.0,0.8
256,주암,2005-04-01,10.4,0.2,21.8,3.8,0.9,15,54.1,10.0,0.0,2.4
256,주암,2005-04-02,10.8,3.5,20.6,3.6,1.0,14,53.5,5.5,0.0,4.6
256,주암,2005-04-03,7.9,4.0,12.3,5.5,2.0,47,69.8,4.0,0.0,4.5
256,주암,2005-04-04,7.8,-0.8,18.0,5.8,1.3,15,60.9,8.6,0.0,3.8
256,주암,2005-04-05,11.3,-0.6,25.1,5.0,1.3,15,56.1,11.2,0.0,0.0
256,주암,2005-04-06,10.6,2.7,17.0,3.4,1.2,68,87.0,0.0,0.0,8.4
256,주암,2005-04-07,15.9,8.1,25.7,5.2,1.0,52,83.5,6.8,0.0,3.6
256,주암,2005-04-08,16.2,10.3,27.1,5.2,1.4,24,70.6,8.4,0.0,2.9
256,주암,2005-04-09,13.6,10.6,16.7,4.9,2.0,51,80.5,0.0,0.0,8.5
256,주암,2005-04-10,12.7,8.6,17.7,4.9,2.2,66,86.9,2.9,0.0,6.6
256,주암,2005-04-11,12.4,7.5,19.2,3.4,1.3,30,68.4,5.4,0.0,6.9
256,주암,2005-04-12,10.8,5.6,15.8,4.8,1.6,40,66.4,0.3,0.0,8.5
256,주암,2005-04-13,8.8,1.8,17.3,5.8,2.0,17,59.5,10.7,0.0,0.8
256,주암,2005-04-14,9.8,-0.8,19.5,4.2,1.3,16,56.8,11.4,0.0,0.8
256,주암,2005-04-15,11.1,4.4,19.7,4.9,1.6,14,48.3,11.3,0.0,0.9
256,주암,2005-04-16,10.3,-1.3,22.2,3.9,1.0,12,48.1,11.5,0.0,0.0
256,주암,2005-04-17,12.9,1.1,23.6,3.5,1.2,17,48.3,8.5,0.0,4.1
256,주암,2005-04-18,15.7,7.5,25.7,4.3,1.4,30,64.4,9.9,0.0,3.1
256,주암,2005-04-19,14.0,7.5,23.1,6.5,2.1,43,82.9,3.4,0.0,7.6
256,주암,2005-04-20,13.0,7.8,18.1,7.8,2.6,18,53.8,10.8,0.0,2.8
256,주암,2005-04-21,11.5,5.0,17.3,6.3,2.3,23,49.6,10.3,0.0,3.8
256,주암,2005-04-22,11.0,1.2,19.7,7.2,2.2,17,48.3,11.2,0.0,1.4
256,주암,2005-04-23,11.5,1.5,21.7,4.2,1.2,21,53.6,11.8,0.0,1.6
256,주암,2005-04-24,11.9,3.2,21.3,5.0,1.5,21,58.8,10.6,0.0,4.8
256,주암,2005-04-25,12.9,4.6,21.3,4.4,1.3,32,64.1,6.5,0.0,4.6
256,주암,2005-04-26,14.4,4.5,24.5,3.6,1.1,19,59.5,11.9,0.0,0.3
256,주암,2005-04-27,15.2,4.1,25.8,4.8,2.0,27,64.4,11.4,0.0,0.3
256,주암,2005-04-28,19.3,9.5,29.8,5.3,1.9,37,70.1,11.2,0.0,0.0
256,주암,2005-04-29,21.4,12.6,30.2,5.0,1.8,39,73.0,10.7,0.0,1.4
256,주암,2005-04-30,19.1,16.3,22.2,5.0,1.8,85,93.5,0.0,0.0,9.5
256,주암,2006-02-01,2.2,-3.0,6.3,6.6,2.7,54,79.5,2.4,0.0,5.4
256,주암,2006-02-02,0.2,-4.5,6.9,5.5,1.8,30,69.0,3.7,0.0,5.4
256,주암,2006-02-03,-5.6,-10.1,0.8,6.5,3.8,29,52.4,9.2,0.0,1.0
256,주암,2006-02-04,-6.2,-13.8,2.0,5.7,2.2,25,59.1,9.0,0.0,0.1
256,주암,2006-02-05,-3.3,-11.0,3.5,3.1,1.0,21,59.0,5.2,0.3,6.1
256,주암,2006-02-06,0.7,-2.7,6.9,1.9,0.5,60,87.1,2.8,5.3,8.6
256,주암,2006-02-07,0.5,-2.2,2.5,6.1,2.8,72,86.3,0.1,4.8,10.0
256,주암,2006-02-08,-3.5,-5.5,-0.6,7.2,4.5,53,69.6,3.4,6.7,7.4
256,주암,2006-02-09,-4.0,-8.3,1.7,4.5,2.0,35,67.3,9.3,2.0,2.0
256,주암,2006-02-10,-0.8,-7.6,4.0,3.4,0.9,55,81.3,0.6,0.0,7.5
256,주암,2006-02-11,1.8,-2.7,9.1,5.0,1.1,44,77.9,4.2,0.0,5.4
256,주암,2006-02-12,0.1,-5.4,6.8,6.3,2.3,20,52.3,9.4,0.0,0.1
256,주암,2006-02-13,2.0,-8.3,14.8,4.2,1.0,24,72.3,9.3,0.0,1.6
256,주암,2006-02-14,7.7,3.2,14.6,3.7,1.0,65,91.3,0.8,0.0,9.5
256,주암,2006-02-15,3.9,1.7,6.8,3.3,0.6,65,93.5,0.0,0.0,8.3
256,주암,2006-02-16,3.6,-0.3,8.6,6.0,2.1,34,71.0,0.1,0.0,7.5
256,주암,2006-02-17,-2.2,-5.0,1.7,6.9,3.7,24,43.0,9.5,0.0,1.1
256,주암,2006-02-18,-0.9,-7.0,7.3,4.0,1.1,35,64.1,5.5,0.0,3.6
256,주암,2006-02-19,0.6,-6.6,10.5,3.0,0.6,25,71.9,3.6,0.0,4.8
256,주암,2006-02-20,3.5,-4.9,13.8,3.0,0.7,20,65.1,8.6,0.0,3.1
256,주암,2006-02-21,4.6,-4.5,16.7,3.8,0.8,18,65.1,8.6,0.0,4.3
256,주암,2006-02-22,2.5,-1.2,6.3,4.8,1.3,40,72.3,0.0,0.0,9.0
256,주암,2006-02-23,3.1,-4.1,12.8,4.6,1.4,15,51.4,9.8,0.0,3.6
256,주암,2006-02-24,5.3,-2.0,16.0,3.6,0.9,11,49.3,9.5,0.0,3.3
256,주암,2006-02-25,4.6,-2.7,12.1,3.5,0.8,41,81.8,0.0,0.0,8.3
256,주암,2006-02-26,4.2,-2.5,9.0,6.9,2.9,21,60.4,8.2,0.0,3.6
256,주암,2006-02-27,1.3,-5.4,10.1,3.2,1.1,16,49.4,9.6,0.0,4.6
256,주암,2006-02-28,1.6,-2.7,8.1,1.9,0.5,43,77.8,0.0,0.0,9.3
256,주암,2006-03-01,1.5,0.3,4.5,5.2,2.6,49,74.5,2.3,0.0,7.1
256,주암,2006-03-02,0.2,-4.1,5.5,7.8,3.0,32,64.0,3.6,0.0,5.1
256,주암,2006-03-03,-0.1,-6.4,7.9,5.7,1.4,27,67.0,10.1,0.0,1.1
256,주암,2006-03-04,2.4,-7.5,13.3,4.1,1.1,18,62.6,10.0,0.0,1.5
256,주암,2006-03-05,8.3,0.6,17.7,3.5,0.9,51,75.0,1.0,0.0,7.0
256,주암,2006-03-06,10.5,4.4,18.7,4.3,1.1,28,75.1,5.0,0.0,5.1
256,주암,2006-03-07,10.2,4.4,18.2,4.5,1.4,34,73.4,6.4,0.0,3.9
256,주암,2006-03-08,9.9,2.4,19.3,2.6,0.8,15,59.5,5.7,0.0,5.0
256,주암,2006-03-09,7.3,2.4,15.1,2.9,0.7,44,73.4,0.0,0.0,6.8
256,주암,2006-03-10,8.8,-1.1,20.6,4.9,1.2,23,69.0,8.6,0.0,3.0
256,주암,2006-03-11,8.1,6.3,11.0,5.2,1.3,56,79.3,0.0,0.0,9.3
256,주암,2006-03-12,-0.4,-4.9,6.3,10.1,5.2,26,49.3,5.1,0.2,8.3
256,주암,2006-03-13,-1.7,-8.3,4.5,6.8,2.5,37,62.1,5.2,0.4,4.1
256,주암,2006-03-14,2.1,-2.0,8.6,6.8,3.1,25,49.5,9.1,0.6,1.8
256,주암,2006-03-15,5.5,-5.5,15.1,4.7,1.2,19,50.0,8.7,0.0,3.3
256,주암,2006-03-16,4.2,1.6,6.6,5.5,1.5,54,88.3,0.0,0.0,8.0
256,주암,2006-03-17,8.8,-1.2,21.5,2.7,0.9,14,66.4,7.6,0.0,5.0
256,주암,2006-03-18,8.2,3.7,12.5,4.8,1.3,51,83.9,0.2,0.0,8.6
256,주암,2006-03-19,5.0,-0.3,11.8,5.9,3.0,23,42.4,10.5,0.0,0.0
256,주암,2006-03-20,5.3,-4.5,17.1,3.3,0.8,14,53.0,9.9,0.0,1.0
256,주암,2006-03-21,9.5,0.2,20.3,4.1,1.0,25,61.3,9.3,0.0,3.1
256,주암,2006-03-22,10.3,2.0,21.1,5.0,1.2,21,64.6,8.0,0.0,4.4
256,주암,2006-03-23,7.8,-0.1,15.6,8.2,3.4,12,45.3,9.1,0.0,2.9
256,주암,2006-03-24,5.2,-4.5,15.5,4.3,1.5,15,51.3,10.1,0.0,0.8
256,주암,2006-03-25,8.8,-2.7,19.5,5.2,1.3,16,47.5,10.0,0.0,2.5
256,주암,2006-03-26,11.1,3.7,19.3,4.4,1.6,13,45.9,8.8,0.0,1.8
256,주암,2006-03-27,9.0,0.8,19.7,3.9,1.0,18,48.4,10.1,0.0,3.4
256,주암,2006-03-28,3.3,0.8,7.5,8.2,3.8,40,61.1,3.0,0.0,6.8
256,주암,2006-03-29,6.1,-3.5,13.0,5.7,2.2,19,48.3,10.7,0.0,1.0
256,주암,2006-03-30,6.3,-0.6,12.3,7.7,3.5,18,44.9,10.8,0.0,0.3
256,주암,2006-03-31,7.2,-4.6,19.5,4.5,1.4,24,57.0,10.7,0.0,0.9
256,주암,2006-04-01,9.9,4.0,13.8,5.9,0.9,74,90.0,0.0,0.0,9.8
256,주암,2006-04-02,9.5,2.2,14.0,6.4,2.8,39,75.8,3.7,0.0,5.5
256,주암,2006-04-03,10.5,-0.5,22.1,5.4,1.0,33,72.6,7.6,0.0,3.0
256,주암,2006-04-04,10.0,7.8,11.3,3.8,0.8,87,97.1,0.0,0.0,10.0
256,주암,2006-04-05,12.4,4.3,21.3,5.6,1.6,28,67.5,7.7,0.0,5.5
256,주암,2006-04-06,8.7,2.0,17.0,3.8,1.2,48,76.0,3.9,0.0,5.3
256,주암,2006-04-07,11.7,3.9,19.7,6.4,1.9,32,72.3,7.4,0.0,5.0
256,주암,2006-04-08,12.5,3.0,22.2,4.7,1.6,15,46.9,10.0,0.0,1.3
256,주암,2006-04-09,11.4,4.0,19.8,5.0,2.0,39,77.6,2.4,0.0,8.5
256,주암,2006-04-10,14.7,12.6,17.1,6.2,1.9,82,90.8,0.0,0.0,10.0
256,주암,2006-04-11,13.7,11.6,15.6,2.5,0.7,88,96.3,0.0,0.0,7.8
256,주암,2006-04-12,15.6,7.0,24.7,3.4,1.3,45,75.5,8.4,0.0,5.3
256,주암,2006-04-13,11.6,9.3,16.0,5.0,1.8,51,71.5,0.8,0.0,9.0
256,주암,2006-04-14,11.5,6.5,18.3,3.0,1.1,32,65.9,7.2,0.0,5.3
256,주암,2006-04-15,10.0,4.9,17.8,4.8,1.1,26,64.8,3.2,0.0,5.4
256,주암,2006-04-16,8.5,2.4,15.1,8.4,3.2,15,45.4,11.4,0.0,0.6
256,주암,2006-04-17,11.0,0.2,21.7,5.7,1.4,16,49.8,7.9,0.0,0.8
256,주암,2006-04-18,14.2,4.5,23.1,5.3,1.8,28,65.4,6.8,0.0,4.0
256,주암,2006-04-19,12.5,5.0,16.2,7.3,2.8,54,78.6,0.1,0.0,7.0
256,주암,2006-04-20,8.0,5.5,11.3,7.0,4.0,49,61.8,2.4,0.0,5.5
256,주암,2006-04-21,11.8,4.0,20.3,5.2,2.4,28,52.4,11.6,0.0,2.6
256,주암,2006-04-22,8.8,6.3,14.3,1.7,0.6,63,87.3,0.8,0.0,6.5
256,주암,2006-04-23,10.2,4.0,19.8,6.9,2.0,37,73.6,6.5,0.0,4.3
256,주암,2006-04-24,10.4,1.5,18.5,6.6,2.1,21,57.6,9.9,0.0,0.0
256,주암,2006-04-25,12.9,3.4,22.2,3.4,1.3,13,46.5,9.7,0.0,3.1
256,주암,2006-04-26,11.9,8.0,15.8,3.2,1.0,45,70.1,0.1,0.0,9.0
256,주암,2006-04-27,11.8,6.4,19.7,3.8,1.2,41,76.9,5.1,0.0,5.5
256,주암,2006-04-28,12.7,3.7,22.8,4.7,1.6,29,70.0,9.3,0.0,3.1
256,주암,2006-04-29,11.5,6.1,17.6,1.8,0.6,71,90.0,0.4,0.0,7.5
256,주암,2006-04-30,17.9,9.3,28.0,6.1,1.8,33,71.3,9.3,0.0,3.6
256,주암,2007-02-01,-0.8,-4.8,3.0,7.0,2.8,43,65.3,4.9,1.4,0.0
256,주암,2007-02-02,-1.8,-6.5,4.5,5.1,2.4,32,64.3,8.7,2.4,0.0
256,주암,2007-02-03,1.7,-8.6,10.1,4.2,1.5,43,72.0,8.4,0.0,0.0
256,주암,2007-02-04,4.0,-3.5,15.5,3.6,1.2,23,63.9,9.1,0.0,0.0
256,주암,2007-02-05,2.6,-5.9,15.3,3.3,0.6,30,75.8,6.4,0.0,0.0
256,주암,2007-02-06,6.3,-2.5,20.3,2.1,0.3,22,71.0,7.5,0.0,0.0
256,주암,2007-02-07,8.0,-1.7,21.2,3.6,0.6,18,71.1,7.6,0.0,0.0
256,주암,2007-02-08,9.6,7.0,11.1,2.3,0.3,85,96.4,0.0,0.0,0.0
256,주암,2007-02-09,7.1,4.9,11.1,5.3,2.4,53,77.4,1.3,0.0,0.0
256,주암,2007-02-10,4.2,-1.0,11.0,6.6,2.6,49,70.8,4.7,0.0,0.0
256,주암,2007-02-11,3.9,-2.5,11.1,4.7,2.3,30,53.8,9.2,0.0,0.0
256,주암,2007-02-12,1.8,-6.0,13.5,1.8,0.5,24,68.8,9.4,0.0,0.0
256,주암,2007-02-13,4.7,-4.5,12.1,4.2,1.0,54,86.6,1.3,0.0,0.0
256,주암,2007-02-14,4.8,0.3,13.1,8.5,5.1,40,63.8,5.0,0.0,0.0
256,주암,2007-02-15,2.4,-2.2,9.5,6.9,3.0,25,54.4,9.4,0.0,0.0
256,주암,2007-02-16,3.7,-3.0,13.3,3.5,0.8,26,67.8,3.1,0.0,0.0
256,주암,2007-02-17,5.9,3.5,7.8,2.2,0.5,63,91.9,0.0,0.0,0.0
256,주암,2007-02-18,7.5,1.2,17.0,3.8,1.0,24,71.9,8.1,0.0,0.0
256,주암,2007-02-19,4.3,-2.9,15.8,3.0,0.7,22,72.3,9.3,0.0,0.0
256,주암,2007-02-20,5.0,-3.2,18.2,2.9,0.6,15,67.9,7.8,0.0,0.0
256,주암,2007-02-21,5.2,-3.0,18.2,2.0,0.5,14,64.9,9.2,0.0,0.0
256,주암,2007-02-22,5.1,-2.2,17.1,3.5,0.6,36,76.1,2.9,0.0,0.0
256,주암,2007-02-23,6.9,-0.4,13.1,5.2,2.9,15,48.1,9.5,0.0,0.0
256,주암,2007-02-24,4.9,-4.1,15.1,3.4,1.0,16,54.0,8.0,0.0,0.0
256,주암,2007-02-25,6.9,1.1,13.0,2.4,0.6,44,75.3,0.8,0.0,0.0
256,주암,2007-02-26,5.6,-2.2,17.1,2.7,0.5,27,71.5,8.3,0.0,0.0
256,주암,2007-02-27,6.5,-1.8,18.1,5.0,1.0,24,67.8,8.2,0.0,0.0
256,주암,2007-02-28,6.0,-1.7,16.7,3.4,1.0,30,71.1,9.2,0.0,0.0
256,주암,2007-03-01,7.7,-1.6,16.0,5.0,1.7,27,65.9,2.9,0.0,0.0
256,주암,2007-03-02,9.7,7.1,13.5,1.7,0.4,70,91.9,0.0,0.0,0.0
256,주암,2007-03-03,14.0,10.1,19.8,3.2,0.7,68,90.1,0.7,0.0,0.0
256,주암,2007-03-04,13.5,8.1,16.7,7.0,3.4,78,89.6,0.0,0.0,0.0
256,주암,2007-03-05,1.5,-1.7,8.1,9.5,5.4,58,72.3,0.0,0.0,0.0
256,주암,2007-03-06,-1.3,-4.0,3.5,7.3,4.4,36,59.0,9.6,0.3,0.0
256,주암,2007-03-07,-0.2,-3.2,6.3,5.1,2.0,37,69.9,4.4,0.2,0.0
256,주암,2007-03-08,2.9,-1.5,9.6,5.0,1.8,25,62.4,7.2,0.4,0.0
256,주암,2007-03-09,3.9,-3.5,13.5,4.0,0.9,29,66.9,9.6,0.0,0.0
256,주암,2007-03-10,3.8,-2.0,13.3,7.1,2.4,39,66.0,3.1,0.0,0.0
256,주암,2007-03-11,1.9,-3.2,6.6,7.1,3.9,40,53.4,7.1,0.0,0.0
256,주암,2007-03-12,4.9,-2.5,12.8,5.3,1.9,23,47.1,10.4,0.0,0.0
256,주암,2007-03-13,5.5,-0.6,14.1,4.6,1.3,20,49.0,8.8,0.0,0.0
256,주암,2007-03-14,6.1,0.0,15.3,3.2,0.6,20,51.4,1.9,0.0,0.0
256,주암,2007-03-15,6.6,3.4,14.1,3.5,1.0,42,73.1,4.2,0.0,0.0
256,주암,2007-03-16,7.9,2.7,15.3,2.7,0.7,40,71.4,1.4,0.0,0.0
256,주암,2007-03-17,7.0,0.6,15.3,3.8,1.0,24,76.8,5.1,0.0,0.0
256,주암,2007-03-18,7.1,1.7,14.8,3.5,0.9,31,73.4,5.7,0.0,0.0
256,주암,2007-03-19,5.9,-0.2,13.5,2.8,0.7,33,70.8,2.5,0.0,0.0
256,주암,2007-03-20,6.4,-0.4,15.3,4.2,1.1,31,69.1,5.4,0.0,0.0
256,주암,2007-03-21,6.9,-1.7,17.0,3.8,0.9,28,64.5,6.5,0.0,0.0
256,주암,2007-03-22,8.1,-1.2,19.2,4.1,1.1,29,65.9,9.8,0.0,0.0
256,주암,2007-03-23,10.2,-0.5,20.8,3.8,1.2,22,66.9,6.3,0.0,0.0
256,주암,2007-03-24,12.0,9.8,14.6,5.2,1.4,84,93.3,0.0,0.0,0.0
256,주암,2007-03-25,11.1,3.7,19.3,4.9,2.3,25,59.1,10.5,0.0,0.0
256,주암,2007-03-26,11.1,0.4,22.2,4.7,1.3,16,57.1,7.5,0.0,0.0
256,주암,2007-03-27,12.3,6.0,20.2,5.1,1.5,43,67.0,3.0,0.0,0.0
256,주암,2007-03-28,12.5,0.8,22.6,7.7,2.1,24,65.0,8.5,0.0,0.0
256,주암,2007-03-29,13.6,6.1,20.5,5.0,2.0,42,77.0,7.2,0.0,0.0
256,주암,2007-03-30,13.8,8.1,21.2,4.9,2.2,41,67.8,9.7,0.0,0.0
256,주암,2007-03-31,11.6,7.5,16.0,4.3,1.8,61,85.3,0.0,0.0,0.0
256,주암,2007-04-01,9.6,6.4,13.5,3.8,1.2,46,69.4,0.0,0.0,0.0
256,주암,2007-04-02,7.9,2.9,14.3,8.5,3.2,28,53.1,8.8,0.0,0.0
256,주암,2007-04-03,6.9,1.7,12.1,8.3,3.5,25,45.9,10.3,0.0,0.0
256,주암,2007-04-04,6.7,-0.1,13.8,7.9,2.3,20,56.8,9.9,0.0,0.0
256,주암,2007-04-05,8.0,-2.2,18.1,4.1,1.1,29,61.4,8.9,0.0,0.0
256,주암,2007-04-06,10.2,3.7,19.5,4.2,1.2,29,64.5,6.6,0.0,0.0
256,주암,2007-04-07,10.0,1.7,19.8,5.2,1.4,22,62.3,9.1,0.0,0.0
256,주암,2007-04-08,10.0,3.9,18.5,6.0,1.3,28,59.5,6.3,0.0,0.0
256,주암,2007-04-09,9.0,-0.6,19.8,4.9,1.2,18,56.1,11.3,0.0,0.0
256,주암,2007-04-10,10.9,0.1,23.3,3.9,1.0,16,51.9,8.5,0.0,0.0
256,주암,2007-04-11,11.4,1.5,21.8,4.1,1.2,25,60.8,9.9,0.0,0.0
256,주암,2007-04-12,12.9,4.9,23.0,4.9,1.4,26,70.5,7.4,0.0,0.0
256,주암,2007-04-13,12.4,6.0,16.8,6.8,2.7,56,78.1,4.3,0.0,0.0
256,주암,2007-04-14,11.1,2.4,22.0,4.0,1.2,18,65.1,9.2,0.0,0.0
256,주암,2007-04-15,12.2,3.0,22.1,3.9,1.1,25,63.1,6.5,0.0,0.0
256,주암,2007-04-16,9.2,5.4,12.1,3.0,1.0,72,89.4,0.1,0.0,0.0
256,주암,2007-04-17,8.9,3.9,15.1,4.2,1.2,34,73.4,1.0,0.0,0.0
256,주암,2007-04-18,10.1,5.5,19.6,5.3,1.1,26,77.8,6.7,0.0,0.0
256,주암,2007-04-19,12.0,5.0,22.5,4.4,1.4,23,63.8,7.8,0.0,0.0
256,주암,2007-04-20,14.8,4.5,22.2,5.7,2.0,45,73.5,4.4,0.0,0.0
256,주암,2007-04-21,18.0,13.5,22.3,4.1,1.2,59,81.3,0.4,0.0,0.0
256,주암,2007-04-22,16.2,9.8,21.2,3.8,1.4,36,78.1,0.1,0.0,0.0
256,주암,2007-04-23,13.7,6.1,23.1,5.2,1.2,22,64.3,9.6,0.0,0.0
256,주암,2007-04-24,12.7,6.0,19.5,3.8,1.2,32,64.4,1.2,0.0,0.0
256,주암,2007-04-25,14.0,5.3,22.5,5.5,1.7,25,58.1,11.2,0.0,0.0
256,주암,2007-04-26,15.1,5.6,25.5,3.8,1.0,16,63.4,9.4,0.0,0.0
256,주암,2007-04-27,15.5,7.5,25.6,5.1,1.6,25,63.8,6.9,0.0,0.0
256,주암,2007-04-28,13.9,3.4,25.0,5.1,1.6,13,52.0,11.7,0.0,0.0
256,주암,2007-04-29,14.9,2.0,27.7,3.7,1.1,14,45.1,11.0,0.0,0.0
256,주암,2007-04-30,13.6,7.4,21.5,5.5,1.3,24,66.8,0.1,0.0,0.0
256,주암,2008-02-01,-1.2,-9.0,5.5,3.1,1.0,19,54.4,8.3,0.0,0.0
256,주암,2008-02-02,0.1,-2.5,5.5,2.3,0.7,25,55.4,1.9,0.0,0.0
256,주암,2008-02-03,0.9,-3.0,6.7,6.9,2.6,39,59.4,4.1,0.0,0.0
256,주암,2008-02-04,1.0,-2.7,5.6,5.9,3.1,39,55.6,3.8,0.0,0.0
256,주암,2008-02-05,-0.5,-3.9,4.5,5.7,2.2,22,45.5,3.5,0.0,0.0
256,주암,2008-02-06,-0.7,-4.2,5.0,6.3,2.8,32,58.8,8.5,0.0,0.0
256,주암,2008-02-07,-1.8,-6.4,5.3,6.5,2.3,34,64.0,6.9,0.0,0.0
256,주암,2008-02-08,-1.6,-8.0,6.4,4.0,1.2,29,65.0,9.1,0.0,0.0
256,주암,2008-02-09,-2.6,-6.2,3.6,5.8,1.9,48,77.9,2.7,0.6,0.0
256,주암,2008-02-10,0.5,-7.6,9.9,4.0,1.0,15,56.8,9.1,0.0,0.0
256,주암,2008-02-11,1.4,-4.9,9.1,4.9,1.8,19,55.1,5.8,0.0,0.0
256,주암,2008-02-12,-2.1,-5.7,1.2,6.7,4.7,25,44.8,8.4,0.0,0.0
256,주암,2008-02-13,-3.7,-9.1,2.6,6.3,3.1,21,43.3,9.3,0.0,0.0
256,주암,2008-02-14,-1.0,-5.8,5.8,6.0,2.0,33,63.1,5.2,0.0,0.0
256,주암,2008-02-15,-1.5,-7.3,5.5,7.7,3.1,15,52.0,8.8,0.0,0.0
256,주암,2008-02-16,-0.9,-7.7,5.5,6.7,2.6,21,47.3,9.5,0.0,0.0
256,주암,2008-02-17,-0.8,-6.1,6.0,6.0,1.7,23,57.3,9.0,0.0,0.0
256,주암,2008-02-18,-1.0,-9.8,9.6,3.8,0.9,11,52.0,9.5,0.0,0.0
256,주암,2008-02-19,0.3,-6.5,9.2,5.8,2.0,24,56.9,9.6,0.0,0.0
256,주암,2008-02-20,1.4,-5.9,12.0,5.5,1.6,16,54.5,8.6,0.0,0.0
256,주암,2008-02-21,1.5,-7.5,13.7,3.9,0.9,11,52.3,8.6,0.0,0.0
256,주암,2008-02-22,5.2,-5.1,15.4,4.8,1.2,25,61.0,8.1,0.0,0.0
256,주암,2008-02-23,0.8,-3.3,8.7,9.8,5.0,19,42.5,9.3,0.0,0.0
256,주암,2008-02-24,-0.9,-8.7,7.6,3.2,1.0,13,46.9,9.8,0.0,0.0
256,주암,2008-02-25,1.3,-5.2,6.8,4.6,0.8,42,73.3,0.4,0.0,0.0
256,주암,2008-02-26,1.6,0.1,4.5,6.8,2.9,51,74.6,2.2,0.4,0.0
256,주암,2008-02-27,2.4,-3.1,9.3,7.7,3.3,30,51.4,8.5,0.0,0.0
256,주암,2008-02-28,2.3,-5.9,12.9,4.5,1.1,19,61.3,9.9,0.0,0.0
256,주암,2008-02-29,4.9,-4.0,14.2,5.7,2.1,28,61.9,7.4,0.0,0.0
256,주암,2008-03-01,4.2,-2.2,12.4,5.4,2.1,21,53.1,9.8,0.0,0.0
256,주암,2008-03-02,5.4,-3.2,15.0,4.1,1.0,20,57.8,3.6,0.0,0.0
256,주암,2008-03-03,4.5,-0.3,8.6,6.7,3.0,33,58.6,1.5,0.0,0.0
256,주암,2008-03-04,1.4,-4.8,8.9,6.4,2.3,24,59.1,7.6,0.0,0.0
256,주암,2008-03-05,2.4,-5.8,11.8,5.4,1.6,20,61.6,10.0,0.0,0.0
256,주암,2008-03-06,2.5,-5.6,11.2,6.5,1.5,33,68.5,6.7,0.0,0.0
256,주암,2008-03-07,3.5,-3.7,12.8,5.5,1.9,22,58.8,10.0,0.0,0.0
256,주암,2008-03-08,3.9,-6.4,14.8,3.3,0.7,12,52.9,8.7,0.0,0.0
256,주암,2008-03-09,5.7,-1.9,13.7,4.9,1.3,28,53.9,0.8,0.0,0.0
256,주암,2008-03-10,6.3,-2.3,17.2,4.1,1.3,21,55.5,10.0,0.0,0.0
256,주암,2008-03-11,8.3,-0.9,19.5,3.0,0.8,31,66.5,8.2,0.0,0.0
256,주암,2008-03-12,9.4,0.3,19.6,4.0,0.9,28,68.8,8.1,0.0,0.0
256,주암,2008-03-13,10.4,3.2,18.0,3.8,1.1,41,74.3,1.2,0.0,0.0
256,주암,2008-03-14,9.7,4.2,17.3,4.1,1.9,15,59.5,9.9,0.0,0.0
256,주암,2008-03-15,9.4,0.5,19.7,5.0,1.3,23,66.9,7.8,0.0,0.0
256,주암,2008-03-16,9.5,2.5,17.3,5.8,2.0,13,48.3,7.2,0.0,0.0
256,주암,2008-03-17,8.5,-2.2,20.7,4.1,1.1,13,54.6,10.3,0.0,0.0
256,주암,2008-03-18,9.1,-0.2,17.3,3.0,1.0,21,56.8,0.0,0.0,0.0
256,주암,2008-03-19,13.5,7.5,21.8,3.8,1.4,25,58.3,7.1,0.0,0.0
256,주암,2008-03-20,10.0,2.2,21.1,5.0,1.1,11,55.3,10.2,0.0,0.0
256,주암,2008-03-21,8.7,-1.7,19.2,4.7,1.5,13,54.4,10.0,0.0,0.0
256,주암,2008-03-22,10.0,1.8,16.8,3.6,1.3,34,70.4,4.3,0.0,0.0
256,주암,2008-03-23,9.9,7.5,12.4,5.6,2.4,75,86.3,0.0,0.0,0.0
256,주암,2008-03-24,10.8,6.8,16.8,5.7,2.8,31,63.8,8.6,0.0,0.0
256,주암,2008-03-25,7.2,0.0,13.9,6.0,2.4,21,54.9,8.3,0.0,0.0
256,주암,2008-03-26,6.2,-0.2,12.9,7.1,1.8,35,64.3,7.3,0.0,0.0
256,주암,2008-03-27,5.7,-0.4,13.4,5.7,1.6,23,64.3,4.9,0.0,0.0
256,주암,2008-03-28,8.4,1.2,15.4,4.7,1.7,23,56.5,10.1,0.0,0.0
256,주암,2008-03-29,8.4,4.9,13.0,4.9,1.5,51,74.1,0.1,0.0,0.0
256,주암,2008-03-30,8.6,5.4,14.9,4.9,1.8,50,76.0,2.7,0.0,0.0
256,주암,2008-03-31,7.9,2.3,14.6,6.8,3.3,32,60.3,6.7,0.0,0.0
256,주암,2008-04-01,8.2,-0.4,17.7,5.8,1.7,24,59.5,9.0,0.0,0.0
256,주암,2008-04-02,9.3,3.2,16.9,6.3,1.8,18,58.1,4.6,0.0,0.0
256,주암,2008-04-03,9.1,0.4,18.4,6.8,2.0,15,54.0,10.6,0.0,0.0
256,주암,2008-04-04,10.0,-0.2,20.3,6.4,1.5,15,50.1,9.0,0.0,0.0
256,주암,2008-04-05,12.0,3.6,22.4,4.3,1.1,13,48.6,9.1,0.0,0.0
256,주암,2008-04-06,12.1,1.9,22.5,6.1,2.0,13,57.5,8.7,0.0,0.0
256,주암,2008-04-07,11.4,6.9,17.1,4.7,1.2,57,83.8,1.1,0.0,0.0
256,주암,2008-04-08,12.9,5.9,21.8,4.2,1.6,27,65.3,6.4,0.0,0.0
256,주암,2008-04-09,12.0,10.5,14.5,5.2,2.2,27,73.1,0.0,0.0,0.0
256,주암,2008-04-10,13.1,8.2,19.8,5.8,1.8,47,76.0,2.2,0.0,0.0
256,주암,2008-04-11,13.6,5.6,24.5,4.5,1.1,22,66.0,8.8,0.0,0.0
256,주암,2008-04-12,12.9,5.6,20.9,4.3,1.8,39,71.8,8.0,0.0,0.0
256,주암,2008-04-13,13.2,8.4,19.8,3.8,0.9,47,73.8,1.0,0.0,0.0
256,주암,2008-04-14,12.9,5.5,24.0,4.3,1.1,19,68.5,8.0,0.0,0.0
256,주암,2008-04-15,14.5,5.8,24.9,4.1,1.2,24,62.8,7.9,0.0,0.0
256,주암,2008-04-16,13.4,11.5,15.4,3.0,0.6,66,82.5,0.0,0.0,0.0
256,주암,2008-04-17,15.2,11.0,20.1,4.2,0.9,51,79.0,0.7,0.0,0.0
256,주암,2008-04-18,15.9,7.1,26.3,4.3,1.2,19,63.5,9.9,0.0,0.0
256,주암,2008-04-19,15.6,6.2,27.6,4.7,1.4,21,67.3,10.4,0.0,0.0
256,주암,2008-04-20,15.8,7.7,24.2,4.7,1.6,21,57.8,3.7,0.0,0.0
256,주암,2008-04-21,17.7,14.0,21.6,4.5,2.5,21,37.5,0.0,0.0,0.0
256,주암,2008-04-22,17.6,11.8,25.3,4.4,1.6,21,54.9,2.9,0.0,0.0
256,주암,2008-04-23,12.5,8.2,17.0,5.8,2.5,47,75.4,2.8,0.0,0.0
256,주암,2008-04-24,10.2,3.8,17.6,7.3,3.5,25,50.5,11.7,0.0,0.0
256,주암,2008-04-25,12.0,0.7,21.1,5.4,2.1,18,54.6,9.2,0.0,0.0
256,주암,2008-04-26,10.1,4.0,13.7,6.8,3.1,46,69.0,0.0,0.0,0.0
256,주암,2008-04-27,9.3,2.3,16.6,3.5,0.8,22,68.5,0.0,0.0,0.0
256,주암,2008-04-28,13.1,4.8,22.0,4.5,1.5,32,65.9,10.7,0.0,0.0
256,주암,2008-04-29,16.3,6.4,26.8,4.7,1.5,42,74.4,9.4,0.0,0.0
256,주암,2008-04-30,18.6,12.3,27.4,4.4,1.4,26,68.5,7.5,0.0,0.0
256,주암,2009-02-01,4.4,-1.4,13.2,3.4,0.8,37,74.1,6.7,0.0,3.6
256,주암,2009-02-02,5.1,-1.6,14.7,2.3,0.5,48,79.3,1.9,0.0,6.8
256,주암,2009-02-03,5.6,3.3,10.8,1.7,0.4,74,92.8,0.5,0.0,8.5
256,주암,2009-02-04,6.0,1.7,14.1,2.5,0.7,54,87.9,2.4,0.0,7.0
256,주암,2009-02-05,4.0,-1.6,13.5,5.6,1.3,27,77.6,3.5,0.0,5.0
256,주암,2009-02-06,2.7,-2.2,12.8,2.9,0.6,41,85.3,4.6,0.0,3.1
256,주암,2009-02-07,4.4,-1.9,12.5,5.7,1.5,37,73.4,6.1,0.0,4.8
256,주암,2009-02-08,4.9,-1.7,15.0,4.0,1.0,17,65.9,8.8,0.0,1.1
256,주암,2009-02-09,3.7,-0.7,8.3,5.7,2.0,40,69.8,1.0,0.0,6.5
256,주암,2009-02-10,2.8,-1.8,9.8,4.5,1.5,48,77.3,4.6,0.0,5.1
256,주암,2009-02-11,5.3,-1.9,15.9,7.0,1.6,23,65.4,6.7,0.0,1.8
256,주암,2009-02-12,7.9,-5.2,17.0,5.0,1.7,25,69.0,4.2,0.0,5.9
256,주암,2009-02-13,15.2,7.4,18.7,5.8,3.5,68,82.4,0.0,0.0,10.0
256,주암,2009-02-14,8.6,2.8,16.1,6.1,2.4,20,61.4,7.7,0.0,3.5
256,주암,2009-02-15,2.5,-1.5,8.7,6.0,2.3,41,70.4,2.2,0.0,6.4
256,주암,2009-02-16,-0.8,-3.5,3.7,7.6,4.7,19,34.9,8.6,0.0,5.1
256,주암,2009-02-17,-1.0,-6.7,4.6,5.7,2.7,16,42.4,9.5,0.0,2.8
256,주암,2009-02-18,0.4,-5.6,7.3,5.4,1.8,28,54.6,9.1,0.0,2.1
256,주암,2009-02-19,0.2,-3.6,5.4,3.4,0.5,48,83.4,0.0,1.0,9.3
256,주암,2009-02-20,1.8,-2.2,5.9,8.0,3.7,41,69.9,1.8,0.0,7.0
256,주암,2009-02-21,0.3,-7.5,9.5,3.6,1.2,20,65.6,9.0,0.0,2.6
256,주암,2009-02-22,2.4,-2.6,5.8,1.4,0.5,79,93.9,0.0,0.0,9.5
256,주암,2009-02-23,7.9,1.5,14.4,3.1,1.1,39,74.0,5.2,0.0,7.0
256,주암,2009-02-24,10.5,5.4,16.8,2.9,1.1,45,71.0,1.6,0.0,9.4
256,주암,2009-02-25,7.8,1.6,12.8,5.5,2.7,37,67.6,1.6,0.0,8.8
256,주암,2009-02-26,6.2,1.4,12.6,4.4,1.5,15,42.4,1.9,0.0,9.1
256,주암,2009-02-27,6.4,0.7,12.0,3.6,1.4,17,48.1,3.2,0.0,7.8
256,주암,2009-02-28,4.6,-2.7,14.0,3.9,1.0,15,54.5,6.3,0.0,5.8
256,주암,2009-03-01,4.3,-3.8,13.8,5.6,1.9,13,51.1,9.9,0.0,0.0
256,주암,2009-03-02,4.4,-3.8,11.5,4.8,1.9,35,66.5,5.9,0.0,5.9
256,주암,2009-03-03,2.6,0.5,4.7,4.6,2.0,72,84.5,0.0,0.6,9.5
256,주암,2009-03-04,4.5,-0.2,12.6,2.5,0.9,35,77.3,7.1,0.0,5.6
256,주암,2009-03-05,5.9,-0.6,12.1,4.8,0.9,60,90.6,0.0,0.0,9.1
256,주암,2009-03-06,4.1,-1.5,9.0,9.8,4.1,29,58.4,6.6,0.0,5.3
256,주암,2009-03-07,4.1,-3.0,11.0,5.3,1.8,20,49.1,6.1,0.0,6.9
256,주암,2009-03-08,6.5,-2.1,16.7,4.9,1.2,14,51.6,9.8,0.0,5.0
256,주암,2009-03-09,7.4,-0.2,17.4,4.9,1.2,21,56.6,5.3,0.0,4.1
256,주암,2009-03-10,7.4,1.9,15.3,5.5,2.4,11,45.0,9.8,0.0,3.1
256,주암,2009-03-11,5.5,-0.9,15.3,3.1,1.3,11,41.0,5.9,0.0,5.9
256,주암,2009-03-12,6.1,-2.9,14.0,5.8,2.0,35,67.8,4.1,0.0,8.9
256,주암,2009-03-13,6.7,0.8,11.6,6.6,3.8,45,76.4,0.0,0.0,9.8
256,주암,2009-03-14,1.4,-2.7,7.3,7.4,4.1,32,58.3,7.3,0.0,2.8
256,주암,2009-03-15,4.1,-5.9,14.0,5.2,1.3,30,65.1,10.5,0.0,0.0
256,주암,2009-03-16,9.1,-0.1,19.3,5.1,1.5,36,72.5,7.1,0.0,2.5
256,주암,2009-03-17,11.2,2.2,21.3,4.4,1.4,28,69.3,7.4,0.0,3.3
256,주암,2009-03-18,15.6,10.3,21.3,3.4,1.6,60,80.1,0.6,0.0,7.8
256,주암,2009-03-19,17.6,10.9,25.2,4.4,1.4,51,79.5,3.0,0.0,7.9
256,주암,2009-03-20,13.8,6.4,20.5,5.2,2.1,47,72.9,6.7,0.0,4.3
256,주암,2009-03-21,11.5,2.3,18.2,5.1,2.0,37,78.5,2.2,0.0,7.1
256,주암,2009-03-22,10.7,5.1,15.7,5.5,3.2,61,80.9,0.5,0.0,7.0
256,주암,2009-03-23,7.1,1.7,13.7,4.1,2.4,26,58.1,6.2,0.0,5.0
256,주암,2009-03-24,6.7,-0.9,14.0,5.0,2.2,16,42.8,9.4,0.0,3.4
256,주암,2009-03-25,3.8,-1.4,9.4,7.3,3.4,17,47.4,10.1,0.0,1.1
256,주암,2009-03-26,4.9,-4.7,13.4,6.4,2.6,30,60.0,9.0,0.0,1.5
256,주암,2009-03-27,6.2,-1.1,13.3,6.1,3.0,17,42.4,10.5,0.0,2.1
256,주암,2009-03-28,7.4,1.9,15.4,4.7,2.3,17,40.0,8.9,0.0,5.0
256,주암,2009-03-29,7.4,0.4,14.3,3.8,1.2,26,58.5,3.7,0.0,5.0
256,주암,2009-03-30,8.9,2.9,14.6,3.2,1.3,36,63.4,4.0,0.0,7.1
256,주암,2009-03-31,7.5,3.9,12.4,5.3,2.6,31,61.4,5.1,0.0,6.4
256,주암,2009-04-01,4.5,-0.9,9.8,7.5,3.0,31,57.4,3.3,0.0,3.6
256,주암,2009-04-02,7.1,-3.0,17.1,5.0,1.7,18,57.8,11.0,0.0,1.5
256,주암,2009-04-03,9.4,3.5,15.5,6.0,1.8,20,47.4,0.4,0.0,8.1
256,주암,2009-04-04,11.4,6.3,17.4,7.2,2.3,21,46.3,9.4,0.0,5.4
256,주암,2009-04-05,11.0,2.7,20.4,5.5,1.7,19,56.8,10.1,0.0,2.0
256,주암,2009-04-06,9.8,-0.2,19.4,6.6,1.8,18,55.4,10.7,0.0,0.1
256,주암,2009-04-07,12.8,0.5,24.3,5.9,1.5,16,51.8,10.8,0.0,2.0
256,주암,2009-04-08,14.9,4.8,26.3,5.0,1.6,15,52.3,10.3,0.0,2.3
256,주암,2009-04-09,15.0,4.3,27.7,4.3,1.0,11,54.4,10.8,0.0,0.0
256,주암,2009-04-10,15.6,4.2,27.9,4.0,1.0,14,51.0,10.8,0.0,0.0
256,주암,2009-04-11,15.3,4.6,27.2,4.5,1.3,15,50.1,11.0,0.0,0.4
256,주암,2009-04-12,15.1,5.1,25.2,5.5,1.7,20,52.5,11.0,0.0,1.9
256,주암,2009-04-13,14.7,5.7,22.2,3.0,1.1,35,71.5,1.1,0.0,8.5
256,주암,2009-04-14,16.4,12.7,23.3,4.6,1.3,45,78.8,3.5,0.0,6.6
256,주암,2009-04-15,14.9,11.9,22.5,6.0,1.8,19,68.3,3.3,0.0,8.1
256,주암,2009-04-16,12.9,9.9,17.9,4.5,1.7,58,79.6,2.8,0.0,7.6
256,주암,2009-04-17,13.2,4.9,23.7,4.1,1.3,21,65.4,10.2,0.0,0.0
256,주암,2009-04-18,15.8,4.2,28.7,4.5,1.0,13,55.3,10.2,0.0,0.5
256,주암,2009-04-19,16.4,5.3,26.4,5.2,1.8,15,54.3,10.8,0.0,5.3
256,주암,2009-04-20,14.8,11.8,16.9,7.8,2.8,63,85.6,0.0,0.0,9.9
256,주암,2009-04-21,12.6,10.4,16.6,7.1,3.4,43,65.4,4.3,0.0,5.6
256,주암,2009-04-22,12.5,4.5,19.8,8.3,3.3,22,55.1,11.7,0.0,0.4
256,주암,2009-04-23,12.2,3.0,21.5,4.3,1.7,31,62.8,10.5,0.0,4.5
256,주암,2009-04-24,12.7,9.7,15.4,4.8,1.4,58,77.0,0.0,0.0,10.0
256,주암,2009-04-25,9.9,6.8,12.5,6.4,2.9,58,79.5,0.1,0.0,9.1
256,주암,2009-04-26,10.3,7.4,13.9,5.9,2.6,54,69.1,0.9,0.0,7.1
256,주암,2009-04-27,10.9,4.4,18.3,6.7,2.3,25,60.3,8.9,0.0,2.8
256,주암,2009-04-28,11.5,0.9,22.5,5.0,1.5,18,56.6,11.1,0.0,0.4
256,주암,2009-04-29,13.2,2.7,24.7,4.8,1.2,15,53.1,11.6,0.0,0.0
256,주암,2009-04-30,13.6,2.9,24.3,4.3,1.4,16,51.1,9.7,0.0,3.4
256,주암,2010-02-01,2.5,-0.6,8.5,5.3,1.6,41,72.5,2.5,0.0,5.3
256,주암,2010-02-02,-0.5,-3.5,3.7,5.9,3.4,22,39.6,7.8,0.0,3.4
256,주암,2010-02-03,-3.1,-6.5,1.9,6.1,3.0,22,42.1,9.1,0.0,1.1
256,주암,2010-02-04,-2.7,-7.7,4.5,5.5,1.6,29,58.3,6.4,0.0,3.0
256,주암,2010-02-05,-2.2,-8.5,5.5,6.2,1.5,19,57.0,6.4,0.0,0.8
256,주암,2010-02-06,-1.9,-7.8,7.9,4.0,1.1,13,44.4,9.3,0.0,0.3
256,주암,2010-02-07,0.4,-10.1,10.3,2.6,0.7,38,68.0,3.7,0.0,6.1
256,주암,2010-02-08,5.6,2.9,11.2,3.1,0.5,84,95.4,0.0,0.0,9.9
256,주암,2010-02-09,7.8,4.7,10.0,1.6,0.3,87,95.3,0.0,0.0,10.0
256,주암,2010-02-10,8.4,6.8,10.1,2.9,0.6,91,96.5,0.0,0.0,10.0
256,주암,2010-02-11,5.3,2.6,7.5,2.8,1.0,85,92.8,0.0,0.0,10.0
256,주암,2010-02-12,2.2,1.5,3.5,3.9,0.9,81,90.8,0.0,0.0,10.0
256,주암,2010-02-13,0.2,-1.7,2.9,4.9,2.8,50,63.9,2.4,0.0,7.8
256,주암,2010-02-14,-0.2,-4.4,3.4,2.9,0.9,36,68.6,0.2,0.0,9.1
256,주암,2010-02-15,1.1,-3.1,7.7,6.0,2.3,29,60.6,6.9,0.0,4.8
256,주암,2010-02-16,-0.6,-3.9,5.2,4.7,2.5,21,44.4,7.9,0.0,5.0
256,주암,2010-02-17,-0.1,-4.6,6.2,3.6,1.3,17,49.3,6.4,0.2,6.9
256,주암,2010-02-18,-0.2,-5.1,3.3,8.1,3.4,30,54.6,7.8,2.2,4.4
256,주암,2010-02-19,-1.3,-8.0,7.1,7.3,1.8,27,63.0,7.7,0.3,1.8
256,주암,2010-02-20,1.0,-7.2,11.6,3.0,0.7,22,63.0,9.5,0.0,0.0
256,주암,2010-02-21,2.6,-5.7,13.5,3.8,1.0,32,71.9,7.1,0.0,1.5
256,주암,2010-02-22,3.5,-2.6,13.9,3.9,0.9,54,82.6,4.0,0.0,4.6
256,주암,2010-02-23,6.0,-0.1,18.3,4.4,1.2,20,78.0,5.9,0.0,3.8
256,주암,2010-02-24,10.9,-0.7,18.1,5.1,1.6,60,81.6,2.3,0.0,7.4
256,주암,2010-02-25,15.6,13.5,17.9,5.0,2.3,73,89.5,0.0,0.0,10.0
256,주암,2010-02-26,13.0,10.6,14.8,3.5,0.7,91,94.5,0.0,0.0,9.8
256,주암,2010-02-27,7.9,6.9,10.6,4.6,1.3,70,85.9,0.3,0.0,9.6
256,주암,2010-02-28,9.4,6.5,15.9,3.0,1.0,52,82.0,6.5,0.0,6.4
256,주암,2010-03-01,9.1,6.5,11.1,3.7,1.5,85,91.0,0.0,0.0,10.0
256,주암,2010-03-02,6.4,3.8,8.8,4.0,1.6,74,82.8,0.0,0.0,9.4
256,주암,2010-03-03,6.9,2.2,12.7,4.1,1.7,27,60.3,3.1,0.0,8.9
256,주암,2010-03-04,7.1,5.0,9.3,3.7,0.8,55,91.5,0.0,0.0,10.0
256,주암,2010-03-05,8.7,7.6,11.4,3.2,0.9,80,91.1,0.0,0.0,10.0
256,주암,2010-03-06,6.9,6.0,8.6,2.1,0.7,83,90.8,0.0,0.0,10.0
256,주암,2010-03-07,5.5,3.3,9.5,3.5,1.2,54,79.0,0.7,0.0,8.9
256,주암,2010-03-08,4.7,-1.4,10.5,2.7,1.1,41,67.9,4.6,0.0,6.6
256,주암,2010-03-09,3.6,-0.8,7.4,5.0,1.8,57,74.0,1.1,3.6,9.8
256,주암,2010-03-10,-0.7,-3.3,2.1,5.0,2.8,63,78.0,0.9,8.2,7.6
256,주암,2010-03-11,3.1,-3.4,10.2,4.3,1.4,37,68.0,10.2,0.0,2.1
256,주암,2010-03-12,7.9,-0.1,17.1,4.8,1.7,44,75.0,2.8,0.0,6.0
256,주암,2010-03-13,8.5,2.3,16.2,4.2,1.7,15,48.5,7.8,0.0,1.5
256,주암,2010-03-14,8.7,1.4,12.8,5.5,2.1,62,75.9,0.0,0.0,8.0
256,주암,2010-03-15,10.8,4.1,15.2,7.3,3.5,42,74.0,0.7,0.0,6.3
256,주암,2010-03-16,3.8,-1.2,8.4,8.6,4.3,31,49.0,10.0,0.0,1.5
256,주암,2010-03-17,4.2,-3.6,11.5,3.5,1.2,24,59.1,6.7,0.0,5.3
256,주암,2010-03-18,3.1,-2.5,7.2,6.3,2.4,31,66.1,6.0,0.0,3.9
256,주암,2010-03-19,6.0,-4.8,14.1,5.0,1.4,25,64.8,10.3,0.0,1.4
256,주암,2010-03-20,12.4,7.1,22.8,8.3,2.8,45,69.8,4.8,0.0,7.3
256,주암,2010-03-21,4.9,0.4,9.8,8.5,4.7,20,44.1,9.3,0.0,2.5
256,주암,2010-03-22,4.5,-1.8,10.3,3.4,1.1,22,66.9,1.2,0.0,8.0
256,주암,2010-03-23,7.4,4.8,10.8,2.4,0.7,60,82.5,0.0,0.0,10.0
256,주암,2010-03-24,9.4,5.7,14.7,3.8,1.0,36,70.6,0.3,0.0,9.5
256,주암,2010-03-25,6.7,2.8,9.6,5.9,2.6,25,58.9,0.7,0.0,7.8
256,주암,2010-03-26,3.7,-0.8,9.5,6.8,3.2,18,37.3,11.0,0.0,0.0
256,주암,2010-03-27,5.0,-3.6,12.3,4.9,1.3,27,59.1,0.3,0.0,5.6
256,주암,2010-03-28,6.1,0.0,13.3,6.7,2.0,18,56.4,9.0,0.0,2.5
256,주암,2010-03-29,6.1,-3.6,15.6,6.2,1.8,20,53.9,11.0,0.0,0.6
256,주암,2010-03-30,7.6,1.7,13.0,4.7,1.5,41,65.0,1.4,0.0,8.4
256,주암,2010-03-31,9.3,6.2,11.8,2.1,0.6,69,92.8,0.0,0.0,10.0
256,주암,2010-04-01,9.9,5.4,12.9,6.2,1.7,61,87.6,0.0,0.0,9.6
256,주암,2010-04-02,8.0,1.1,13.1,6.7,2.7,18,42.0,9.7,0.0,3.1
256,주암,2010-04-03,6.9,-0.1,14.7,5.1,2.2,16,40.6,11.3,0.0,0.4
256,주암,2010-04-04,8.4,-1.7,17.2,4.8,1.6,21,58.1,11.1,0.0,4.1
256,주암,2010-04-05,13.7,7.0,21.6,5.2,1.4,32,61.8,8.2,0.0,5.1
256,주암,2010-04-06,11.5,5.6,16.7,6.7,2.6,42,63.8,2.8,0.0,8.4
256,주암,2010-04-07,7.8,-0.1,15.9,4.2,1.6,23,50.1,11.4,0.0,1.0
256,주암,2010-04-08,8.3,-0.5,17.4,3.8,1.4,31,63.9,9.6,0.0,3.1
256,주암,2010-04-09,12.0,4.7,21.1,3.1,1.0,34,64.4,5.1,0.0,4.3
256,주암,2010-04-10,12.7,5.3,20.4,2.8,0.7,47,75.0,0.9,0.0,9.1
256,주암,2010-04-11,13.6,9.2,18.8,5.1,1.6,52,74.5,0.2,0.0,7.9
256,주암,2010-04-12,13.6,10.2,18.7,5.2,1.4,60,82.0,0.6,0.0,9.8
256,주암,2010-04-13,7.2,3.3,12.6,8.9,5.4,30,50.4,9.3,0.0,4.6
256,주암,2010-04-14,4.4,1.0,9.5,6.4,3.3,20,50.8,3.4,0.0,7.5
256,주암,2010-04-15,6.6,0.1,13.7,4.1,1.5,25,59.8,9.5,0.0,4.8
256,주암,2010-04-16,7.3,-0.3,16.9,5.3,1.5,26,60.8,8.4,0.0,1.6
256,주암,2010-04-17,8.8,-1.6,19.3,5.3,1.5,22,58.0,10.8,0.0,1.6
256,주암,2010-04-18,8.0,2.2,14.6,3.0,0.8,38,81.9,0.0,0.0,9.5
256,주암,2010-04-19,12.0,7.7,14.8,4.5,1.3,66,87.8,0.0,0.0,9.9
256,주암,2010-04-20,17.4,11.6,26.2,4.5,1.5,40,74.6,10.0,0.0,6.6
256,주암,2010-04-21,13.6,10.5,16.2,5.1,1.9,63,84.1,0.0,0.0,9.1
256,주암,2010-04-22,11.4,9.5,13.9,3.0,1.1,74,89.1,0.0,0.0,10.0
256,주암,2010-04-23,11.6,6.2,17.0,6.9,2.5,32,67.0,7.0,0.0,4.4
256,주암,2010-04-24,10.3,2.4,19.3,4.4,1.5,23,61.3,11.6,0.0,0.6
256,주암,2010-04-25,11.9,1.1,21.8,4.1,1.3,17,57.5,10.1,0.0,3.9
256,주암,2010-04-26,12.2,8.1,15.9,4.0,1.4,49,83.3,0.0,0.0,10.0
256,주암,2010-04-27,10.2,3.1,15.0,7.3,3.2,28,61.3,6.8,0.0,4.4
256,주암,2010-04-28,5.3,0.4,11.6,7.9,2.0,51,82.0,0.6,0.0,7.8
256,주암,2010-04-29,10.4,5.6,15.8,6.8,3.2,23,50.5,9.7,0.0,1.1
256,주암,2010-04-30,10.6,2.3,19.1,6.7,2.0,25,59.5,9.6,0.0,0.9
256,주암,2011-02-01,-1.8,-10.0,7.8,3.5,0.9,35.0,71.3,6.2,0.0,3.9
256,주암,2011-02-02,0.4,-5.2,9.5,4.1,0.9,30.0,69.6,8.3,0.0,2.0
256,주암,2011-02-03,-1.1,-8.6,10.0,4.1,0.7,27.0,69.1,8.7,0.0,0.0
256,주암,2011-02-04,0.3,-6.5,11.5,4.6,0.9,16.0,66.3,7.3,0.0,1.0
256,주암,2011-02-05,0.5,-7.3,11.5,4.1,0.8,22.0,63.6,8.8,0.0,0.3
256,주암,2011-02-06,2.4,-5.5,12.1,4.3,1.2,30.0,69.5,6.5,0.0,4.0
256,주암,2011-02-07,3.1,-2.7,12.0,2.9,1.0,21.0,63.0,5.5,0.0,3.1
256,주암,2011-02-08,1.4,-0.8,3.3,1.7,0.4,71.0,89.3,0.0,0.0,9.9
256,주암,2011-02-09,1.8,-2.3,7.6,4.5,1.7,30.0,65.9,8.4,0.0,4.3
256,주암,2011-02-10,-0.1,-3.3,3.3,3.5,0.8,46.0,64.3,0.0,0.0,6.6
256,주암,2011-02-11,-1.1,-7.3,6.1,6.9,2.5,23.0,58.9,9.2,0.0,0.9
256,주암,2011-02-12,-2.8,-6.8,1.2,6.8,3.9,34.0,54.3,7.8,0.0,1.8
256,주암,2011-02-13,-2.7,-10.4,5.5,3.8,0.9,20.0,55.4,7.1,0.0,3.8
256,주암,2011-02-14,-1.4,-6.0,3.5,6.3,2.7,37.0,53.6,7.6,0.0,3.3
256,주암,2011-02-15,-1.1,-9.0,8.8,3.7,0.9,30.0,66.5,9.2,0.0,0.0
256,주암,2011-02-16,1.6,-7.6,11.1,3.4,0.7,38.0,75.4,3.1,0.0,6.8
256,주암,2011-02-17,2.4,0.3,5.0,5.6,2.0,70.0,82.8,0.0,0.0,9.0
256,주암,2011-02-18,1.6,-4.4,10.9,4.5,1.0,32.0,70.9,9.3,0.0,0.8
256,주암,2011-02-19,2.5,-4.2,12.5,4.1,0.9,18.0,64.3,6.7,0.0,3.1
256,주암,2011-02-20,4.3,-3.2,15.4,3.8,1.0,18.0,59.8,8.1,0.0,3.9
256,주암,2011-02-21,3.6,-4.2,14.4,3.2,0.8,22.0,66.0,9.5,0.0,0.0
256,주암,2011-02-22,3.7,-4.7,13.6,1.9,0.6,22.0,68.3,6.7,0.0,2.3
256,주암,2011-02-23,4.8,-2.4,15.2,3.4,0.7,34.0,73.0,6.8,0.0,2.8
256,주암,2011-02-24,7.4,-1.9,19.5,5.3,1.2,18.0,66.1,9.1,0.0,0.8
256,주암,2011-02-25,5.4,-2.1,13.7,6.1,1.8,15.0,54.0,6.1,0.0,3.8
256,주암,2011-02-26,5.1,-5.3,14.5,5.2,1.6,34.0,65.8,9.1,0.0,3.8
256,주암,2011-02-27,9.2,6.6,11.5,4.1,0.8,88.0,93.6,0.0,0.0,10.0
256,주암,2011-02-28,8.2,6.7,10.3,4.1,1.2,82.0,91.5,0.0,0.0,10.0
256,주암,2011-03-01,3.0,-0.3,6.8,6.0,3.1,63.0,76.1,0.4,0.0,7.8
256,주암,2011-03-02,1.1,-2.2,5.7,8.2,4.0,30.0,49.1,9.6,0.0,2.4
256,주암,2011-03-03,0.4,-3.4,5.3,8.1,3.7,29.0,47.0,9.2,0.0,1.0
256,주암,2011-03-04,1.4,-3.4,7.7,6.4,2.8,25.0,51.4,10.2,0.0,0.0
256,주암,2011-03-05,2.0,-5.9,11.9,4.1,1.2,16.0,57.5,7.6,0.0,3.1
256,주암,2011-03-06,5.4,-1.8,14.0,4.4,1.3,22.0,55.3,6.9,0.0,6.1
256,주암,2011-03-07,3.9,0.5,8.4,9.1,4.2,21.0,49.0,9.2,0.0,1.3
256,주암,2011-03-08,3.2,-4.4,10.3,6.5,2.5,17.0,51.3,9.6,0.0,0.0
256,주암,2011-03-09,2.4,-2.8,8.1,9.3,3.2,23.0,49.1,9.9,0.0,1.4
256,주암,2011-03-10,3.3,-4.8,10.3,6.1,2.3,22.0,54.6,10.2,0.0,0.5
256,주암,2011-03-11,5.0,-3.5,13.6,5.8,1.9,16.0,53.8,10.2,0.0,1.4
256,주암,2011-03-12,6.4,-1.6,16.1,4.5,1.3,18.0,59.9,7.8,0.0,3.1
256,주암,2011-03-13,8.6,-1.3,20.7,3.2,0.9,28.0,69.0,9.5,0.0,1.3
256,주암,2011-03-14,9.8,1.9,19.6,5.8,1.6,29.0,68.4,3.4,0.0,4.9
256,주암,2011-03-15,4.2,0.5,9.8,9.6,4.5,19.0,48.1,8.3,0.0,2.6
256,주암,2011-03-16,2.3,-0.6,7.1,6.7,4.1,28.0,43.6,7.1,0.0,3.1
256,주암,2011-03-17,3.3,-2.8,10.4,7.1,2.9,19.0,44.5,10.6,0.0,0.4
256,주암,2011-03-18,4.9,-5.3,14.8,4.1,1.3,16.0,52.4,6.6,0.0,5.3
256,주암,2011-03-19,9.9,2.6,16.7,4.4,1.2,44.0,68.4,1.6,0.0,8.4
256,주암,2011-03-20,9.6,7.1,13.6,5.9,1.2,69.0,86.3,2.1,0.0,8.8
256,주암,2011-03-21,9.2,6.6,14.0,4.5,1.4,44.0,64.0,1.1,0.0,9.6
256,주암,2011-03-22,3.5,-0.9,8.3,7.8,4.3,23.0,37.3,6.8,0.0,4.8
256,주암,2011-03-23,3.2,-2.5,9.7,6.5,2.9,22.0,45.1,10.7,0.0,0.5
256,주암,2011-03-24,5.0,-3.3,12.0,5.6,1.8,22.0,55.5,7.4,0.0,6.1
256,주암,2011-03-25,3.6,-1.6,7.6,8.6,4.4,22.0,46.1,10.0,0.0,2.8
256,주암,2011-03-26,2.3,-5.6,10.5,5.9,1.9,21.0,54.0,10.9,0.0,0.3
256,주암,2011-03-27,5.1,-5.5,14.2,4.8,1.3,17.0,46.3,10.1,0.0,2.5
256,주암,2011-03-28,6.7,0.1,13.9,6.1,2.1,18.0,49.9,8.5,0.0,1.9
256,주암,2011-03-29,3.6,-3.6,12.5,6.4,1.5,16.0,54.5,5.0,0.0,2.6
256,주암,2011-03-30,6.6,-3.3,16.9,5.5,1.8,20.0,56.9,10.8,0.0,0.0
256,주암,2011-03-31,9.5,-1.6,22.4,3.8,1.0,12.0,52.4,10.7,0.0,0.0
256,주암,2011-04-01,,1.6,4.1,0.7,,71.0,,,0.0,0.0
256,주암,2011-04-06,,-0.3,18.8,4.8,,32.0,,,0.0,0.0
256,주암,2011-04-12,,-1.5,19.6,5.5,1.6,14.0,,5.2,0.0,0.0
256,주암,2011-04-13,10.3,-1.0,21.2,5.1,1.7,16.0,47.0,11.5,0.0,0.0
256,주암,2011-04-14,12.9,-1.0,23.9,4.7,1.4,11.0,51.9,11.2,0.0,0.0
256,주암,2011-04-15,19.0,13.5,26.3,4.6,1.7,23.0,62.5,8.0,0.0,0.0
256,주암,2011-04-16,13.5,8.1,22.8,6.1,2.4,12.0,55.4,11.3,0.0,0.0
256,주암,2011-04-17,13.7,7.2,21.3,4.3,1.7,17.0,51.1,11.1,0.0,0.0
256,주암,2011-04-18,8.3,6.1,11.3,6.6,2.8,45.0,64.6,2.0,0.0,0.0
256,주암,2011-04-19,9.8,5.0,16.3,8.2,3.4,26.0,55.4,9.0,0.0,0.0
256,주암,2011-04-20,11.1,2.3,21.3,5.9,1.5,17.0,57.6,9.5,0.0,0.0
256,주암,2011-04-21,12.9,2.9,20.8,4.7,1.5,18.0,56.8,7.2,0.0,0.0
256,주암,2011-04-22,13.6,10.3,15.7,4.1,2.4,66.0,86.1,0.0,0.0,0.0
256,주암,2011-04-23,11.0,6.0,16.3,7.2,3.3,31.0,58.5,9.1,0.0,0.0
256,주암,2011-04-24,9.8,2.3,16.9,6.6,1.8,28.0,63.8,7.4,0.0,0.0
256,주암,2011-04-25,13.5,6.0,20.4,5.4,1.9,23.0,53.8,9.4,0.0,0.0
256,주암,2011-04-26,14.5,9.6,18.1,3.7,1.4,60.0,90.3,0.0,0.0,0.0
256,주암,2011-04-27,13.3,7.5,19.8,6.3,2.7,40.0,68.5,5.5,0.0,0.0
256,주암,2011-04-28,10.0,3.7,16.9,7.0,2.5,23.0,56.3,10.7,0.0,0.0
256,주암,2011-04-29,13.1,1.5,21.8,4.6,2.1,23.0,60.1,9.1,0.0,0.0
256,주암,2011-04-30,20.6,16.0,26.9,6.6,3.1,43.0,74.8,4.3,0.0,0.0
256,주암,2012-02-01,-3.2,-6.8,3.6,7.3,4.6,45.0,62.0,7.5,0.0,0.0
256,주암,2012-02-02,-7.7,-11.0,-3.4,7.5,3.9,34.0,55.5,8.4,0.0,0.0
256,주암,2012-02-03,-5.6,-11.9,1.2,5.1,1.4,46.0,72.1,5.9,0.0,0.0
256,주암,2012-02-04,-1.8,-8.1,6.2,5.4,1.1,38.0,70.1,5.9,0.0,0.0
256,주암,2012-02-05,-1.3,-6.0,6.4,1.3,0.4,52.0,78.3,1.3,0.0,0.0
256,주암,2012-02-06,0.0,-5.0,3.0,1.5,0.2,76.0,89.6,0.1,0.0,0.0
256,주암,2012-02-07,-2.9,-6.8,3.2,9.4,4.6,47.0,58.4,4.3,0.0,0.0
256,주암,2012-02-08,-5.5,-9.2,-0.2,6.9,2.5,37.0,66.8,6.4,0.0,0.0
256,주암,2012-02-09,-2.6,-7.8,3.0,5.1,1.5,35.0,64.8,7.7,0.0,0.0
256,주암,2012-02-10,-1.2,-6.8,4.9,5.7,1.4,30.0,61.9,3.9,0.0,0.0
256,주암,2012-02-11,-1.4,-7.0,5.9,4.5,1.8,14.0,46.9,9.4,0.0,0.0
256,주암,2012-02-12,0.1,-9.8,10.2,3.4,0.7,14.0,49.3,8.4,0.0,0.0
256,주암,2012-02-13,2.6,0.8,4.3,1.6,0.3,48.0,69.4,0.0,0.0,0.0
256,주암,2012-02-14,3.2,0.4,9.0,2.0,0.4,59.0,90.0,0.7,0.0,0.0
256,주암,2012-02-15,3.7,0.4,9.9,4.9,1.9,14.0,46.3,6.0,0.0,0.0
256,주암,2012-02-16,2.0,-1.2,6.6,6.8,3.7,15.0,30.8,9.3,0.0,0.0
256,주암,2012-02-17,-2.2,-4.2,1.2,8.0,3.9,28.0,54.6,4.2,0.0,0.0
256,주암,2012-02-18,-4.1,-7.4,-0.1,7.4,3.1,28.0,55.0,8.0,0.0,0.0
256,주암,2012-02-19,-2.4,-6.9,4.3,6.5,2.4,30.0,54.6,9.4,0.0,0.0
256,주암,2012-02-20,-0.9,-10.5,9.1,3.6,0.8,11.0,52.1,9.6,0.0,0.0
256,주암,2012-02-21,-0.8,-5.9,4.2,2.8,0.3,36.0,74.8,0.0,0.0,0.0
256,주암,2012-02-22,4.3,-2.1,11.3,3.3,0.7,54.0,80.9,1.9,0.0,0.0
256,주암,2012-02-23,6.4,2.3,12.0,5.8,1.9,29.0,68.0,6.1,0.0,0.0
256,주암,2012-02-24,5.1,-2.0,12.7,3.5,1.0,36.0,69.6,2.6,0.0,0.0
256,주암,2012-02-25,3.0,-0.2,5.5,5.4,2.7,54.0,68.6,0.0,0.0,0.0
256,주암,2012-02-26,0.8,-2.0,6.7,4.5,2.2,18.0,48.9,2.7,0.0,0.0
256,주암,2012-02-27,0.5,-6.2,9.9,3.5,1.2,13.0,47.4,9.9,0.0,0.0
256,주암,2012-02-28,1.1,-4.6,7.4,3.7,0.4,31.0,73.4,0.0,0.0,0.0
256,주암,2012-02-29,4.6,-2.1,15.4,2.7,0.8,29.0,73.5,6.8,0.0,0.0
256,주암,2012-03-01,7.4,-1.3,16.4,2.7,0.7,24.0,63.1,4.8,0.0,0.0
256,주암,2012-03-02,6.2,5.1,7.8,1.4,0.3,71.0,90.4,0.0,0.0,0.0
256,주암,2012-03-03,8.0,4.4,13.6,3.8,1.1,44.0,71.5,0.2,0.0,0.0
256,주암,2012-03-04,5.8,1.8,10.9,4.6,1.2,58.0,83.1,0.0,0.0,0.0
256,주암,2012-03-05,7.0,5.4,8.0,3.1,0.6,86.0,90.8,0.0,0.0,0.0
256,주암,2012-03-06,6.0,2.6,9.0,6.1,2.6,51.0,75.0,2.3,0.0,0.0
256,주암,2012-03-07,5.6,1.5,12.1,4.3,1.6,32.0,60.9,2.5,0.0,0.0
256,주암,2012-03-08,5.3,0.2,12.7,4.1,1.6,24.0,54.0,6.4,0.0,0.0
256,주암,2012-03-09,5.0,-2.0,13.2,4.3,1.2,28.0,53.6,8.6,0.0,0.0
256,주암,2012-03-10,4.9,-0.7,11.9,5.5,1.8,29.0,55.8,8.3,0.0,0.0
256,주암,2012-03-11,0.5,-2.4,3.4,10.2,4.5,23.0,48.8,8.3,0.0,0.0
256,주암,2012-03-12,0.9,-3.1,7.3,6.6,3.6,19.0,40.5,10.3,0.0,0.0
256,주암,2012-03-13,1.5,-6.4,10.6,4.6,1.2,21.0,56.9,10.3,0.0,0.0
256,주암,2012-03-14,3.9,-5.8,13.8,4.1,1.0,23.0,63.8,9.7,0.0,0.0
256,주암,2012-03-15,7.6,-0.9,16.7,4.2,1.5,11.0,51.8,9.4,0.0,0.0
256,주암,2012-03-16,8.0,6.2,10.8,4.3,1.8,56.0,79.9,0.0,0.0,0.0
256,주암,2012-03-17,10.5,9.0,14.5,4.0,1.5,69.0,85.0,0.5,0.0,0.0
256,주암,2012-03-18,8.2,1.7,14.0,6.7,2.7,57.0,75.6,4.2,0.0,0.0
256,주암,2012-03-19,5.2,-0.7,13.2,4.1,1.5,22.0,58.1,7.6,0.0,0.0
256,주암,2012-03-20,4.4,-2.9,12.1,5.7,2.3,14.0,43.6,10.2,0.0,0.0
256,주암,2012-03-21,5.7,-3.0,16.1,4.1,1.2,13.0,47.6,10.4,0.0,0.0
256,주암,2012-03-22,3.4,-0.9,5.3,1.1,0.3,67.0,86.3,0.0,0.0,0.0
256,주암,2012-03-23,6.8,4.6,9.0,7.7,1.7,64.0,88.6,0.0,0.0,0.0
256,주암,2012-03-24,5.9,2.8,10.5,8.6,5.0,26.0,50.0,6.6,0.0,0.0
256,주암,2012-03-25,5.2,1.8,10.2,9.6,4.3,18.0,39.3,10.0,0.0,0.0
256,주암,2012-03-26,5.0,-2.6,12.9,5.6,2.3,20.0,46.4,11.0,0.0,0.0
256,주암,2012-03-27,8.2,-3.3,18.2,6.2,1.5,12.0,55.1,10.7,0.0,0.0
256,주암,2012-03-28,10.9,2.5,21.0,6.5,1.4,15.0,56.0,10.0,0.0,0.0
256,주암,2012-03-29,11.4,0.6,18.9,4.7,1.4,43.0,71.9,6.2,0.0,0.0
256,주암,2012-03-30,12.8,7.9,15.3,5.8,1.5,39.0,84.6,0.0,0.0,0.0
256,주암,2012-03-31,7.6,2.7,13.4,8.1,4.2,21.0,42.1,10.9,0.0,0.0
256,주암,2012-04-01,6.8,0.0,15.6,5.8,2.0,17.0,42.6,11.2,0.0,0.0
256,주암,2012-04-02,9.8,-0.8,16.9,6.0,1.9,41.0,76.6,7.5,0.0,0.0
256,주암,2012-04-03,8.0,4.0,16.4,10.4,5.1,31.0,59.6,4.2,0.0,0.0
256,주암,2012-04-04,8.7,-1.3,16.7,7.6,2.8,27.0,54.8,10.7,0.0,0.0
256,주암,2012-04-05,9.4,2.6,16.8,7.5,2.7,15.0,43.6,10.1,0.0,0.0
256,주암,2012-04-06,6.7,-1.1,14.1,8.9,3.0,21.0,41.3,11.3,0.0,0.0
256,주암,2012-04-07,8.6,0.1,17.0,5.6,2.5,18.0,38.8,11.0,0.0,0.0
256,주암,2012-04-08,12.4,-0.1,22.2,6.8,1.8,21.0,53.5,10.7,0.0,0.0
256,주암,2012-04-09,17.0,11.2,24.3,5.5,1.5,25.0,60.5,6.3,0.0,0.0
256,주암,2012-04-10,12.6,10.3,16.7,5.8,1.3,62.0,85.9,0.0,0.0,0.0
256,주암,2012-04-11,13.1,7.3,17.5,6.5,2.1,57.0,78.5,2.3,0.0,0.0
256,주암,2012-04-12,11.5,1.2,20.0,5.9,2.1,19.0,47.5,11.1,0.0,0.0
256,주암,2012-04-13,10.5,7.2,14.6,2.9,0.8,36.0,65.6,0.0,0.0,0.0
256,주암,2012-04-14,14.4,5.8,23.0,3.7,1.1,25.0,58.4,11.0,0.0,0.0
256,주암,2012-04-15,16.2,7.7,26.1,4.1,1.0,16.0,51.0,9.2,0.0,0.0
256,주암,2012-04-16,14.6,5.2,25.4,5.8,1.7,16.0,53.5,11.2,0.0,0.0
256,주암,2012-04-17,12.7,3.0,21.9,4.8,1.4,27.0,63.1,10.6,0.0,0.0
256,주암,2012-04-18,14.0,6.1,22.3,4.2,1.4,22.0,58.6,7.8,0.0,0.0
256,주암,2012-04-19,11.6,8.6,14.9,3.0,0.6,57.0,79.6,0.0,0.0,0.0
256,주암,2012-04-20,14.8,11.4,18.2,5.2,1.7,60.0,76.4,0.1,0.0,0.0
256,주암,2012-04-21,14.6,12.9,16.3,5.2,3.1,66.0,85.3,0.0,0.0,0.0
256,주암,2012-04-22,11.9,7.5,16.0,6.7,1.6,60.0,81.1,2.1,0.0,0.0
256,주암,2012-04-23,15.9,7.2,26.1,3.6,1.0,33.0,71.8,8.3,0.0,0.0
256,주암,2012-04-24,17.5,9.9,26.8,4.7,1.4,32.0,70.9,6.6,0.0,0.0
256,주암,2012-04-25,15.5,11.4,18.5,5.9,2.7,57.0,83.1,0.0,0.0,0.0
256,주암,2012-04-26,12.5,5.2,18.5,8.7,3.8,21.0,51.3,11.9,0.0,0.0
256,주암,2012-04-27,12.5,1.9,24.1,4.3,1.3,15.0,53.8,11.9,0.0,0.0
256,주암,2012-04-28,15.1,3.5,26.3,4.6,1.5,18.0,60.5,11.8,0.0,0.0
256,주암,2012-04-29,15.4,9.1,20.2,2.9,0.7,65.0,81.0,0.0,0.0,0.0
256,주암,2012-04-30,18.0,14.9,21.2,5.1,1.8,55.0,70.3,0.8,0.0,0.0
