????,??,??????,??????.1
,,???,???(???)
????,2001.0,2001-03-28,-2??
????,2002.0,2002-03-21,-9??
????,2003.0,2003-03-28,-2??
????,2004.0,2004-03-24,-6??
????,2005.0,2005-04-04,5??
????,2006.0,2006-03-27,-3??
????,2007.0,2007-03-25,-5??
????,2008.0,2008-03-27,-3??
????,2009.0,,
????,2010.0,,
????,2011.0,,
????,2012.0,,
????,2013.0,,
????,2014.0,,
????,2015.0,,
????,2016.0,,
????,2017.0,,
????,2018.0,,
????,2019.0,,
????,2020.0,,
????,2021.0,,
????,2022.0,,
????,2023.0,,
????,2024.0,,
????,2025.0,,
???,2001.0,2001-04-05,-1??
???,2002.0,2002-03-29,-8??
???,2003.0,2003-04-05,-1??
???,2004.0,2004-04-01,-5??
???,2005.0,2005-04-11,5??
???,2006.0,2006-04-05,-1??
???,2007.0,2007-03-30,-7??
???,2008.0,2008-04-04,-2??
???,2009.0,2009-04-01,-5??
???,2010.0,2010-04-11,5??
???,2011.0,2011-04-11,5??
???,2012.0,2012-04-12,6??
???,2013.0,2013-04-03,-3??
???,2014.0,2014-03-31,-6??
???,2015.0,2015-03-31,-6??
???,2016.0,,
???,2017.0,,
???,2018.0,,
???,2019.0,,
???,2020.0,,
???,2021.0,,
???,2022.0,,
???,2023.0,,
???,2024.0,,
???,2025.0,,
????,2001.0,2001-03-25,-5??
????,2002.0,2002-03-21,-9??
????,2003.0,2003-03-28,-2??
????,2004.0,2004-03-24,-6??
????,2005.0,2005-04-05,6??
????,2006.0,2006-03-30,0??
????,2007.0,2007-03-26,-4??
????,2008.0,2008-03-28,-2??
????,2009.0,,
????,2010.0,,
????,2011.0,,
????,2012.0,,
????,2013.0,,
????,2014.0,,
????,2015.0,,
????,2016.0,,
????,2017.0,,
????,2018.0,,
????,2019.0,,
????,2020.0,,
????,2021.0,,
????,2022.0,,
????,2023.0,,
????,2024.0,,
????,2025.0,,
?¬à?,2001.0,2001-03-27,-5??
?¬à?,2002.0,2002-03-21,-11??
?¬à?,2003.0,2003-03-30,-2??
?¬à?,2004.0,2004-03-26,-6??
?¬à?,2005.0,2005-04-06,5??
?¬à?,2006.0,2006-03-31,-1??
?¬à?,2007.0,2007-03-27,-5??
?¬à?,2008.0,2008-03-28,-4??
?¬à?,2009.0,,
?¬à?,2010.0,,
?¬à?,2011.0,,
?¬à?,2012.0,,
?¬à?,2013.0,,
?¬à?,2014.0,,
?¬à?,2015.0,,
?¬à?,2016.0,,
?¬à?,2017.0,,
?¬à?,2018.0,,
?¬à?,2019.0,,
?¬à?,2020.0,,
?¬à?,2021.0,,
?¬à?,2022.0,,
?¬à?,2023.0,,
?¬à?,2024.0,,
?¬à?,2025.0,,
???,2001.0,2001-04-02,1??
???,2002.0,2002-03-22,-10??
???,2003.0,2003-03-31,-1??
???,2004.0,2004-03-27,-5??
???,2005.0,2005-04-04,3??
???,2006.0,2006-03-30,-2??
???,2007.0,2007-03-26,-6??
???,2008.0,2008-03-28,-4??
???,2009.0,,
???,2010.0,,
???,2011.0,,
???,2012.0,,
???,2013.0,,
???,2014.0,,
???,2015.0,,
???,2016.0,,
???,2017.0,,
???,2018.0,,
???,2019.0,,
???,2020.0,,
???,2021.0,,
???,2022.0,,
???,2023.0,,
???,2024.0,,
???,2025.0,,
????,2001.0,2001-03-31,-2??
????,2002.0,2002-03-22,-11??
????,2003.0,2003-03-28,-5??
????,2004.0,2004-03-29,-4??
????,2005.0,2005-04-06,4??
????,2006.0,2006-03-31,-2??
????,2007.0,2007-03-27,-6??
????,2008.0,2008-03-31,-2??
????,2009.0,2009-03-23,-10??
????,2010.0,2010-04-03,1??
????,2011.0,2011-04-08,6??
????,2012.0,2012-04-07,5??
????,2013.0,2013-03-27,-6??
????,2014.0,2014-03-27,-6??
????,2015.0,2015-03-29,-4??
????,2016.0,,
????,2017.0,,
????,2018.0,,
????,2019.0,,
????,2020.0,,
????,2021.0,,
????,2022.0,,
????,2023.0,,
????,2024.0,,
????,2025.0,,
???,2001.0,2001-03-27,-2??
???,2002.0,2002-03-21,-8??
???,2003.0,2003-03-27,-2??
???,2004.0,2004-03-22,-7??
???,2005.0,2005-04-06,8??
???,2006.0,2006-03-27,-2??
???,2007.0,2007-03-27,-2??
???,2008.0,2008-03-27,-2??
???,2009.0,2009-03-21,-8??
???,2010.0,2010-03-29,0??
???,2011.0,2011-04-01,3??
???,2012.0,2012-04-05,7??
???,2013.0,2013-03-22,-7??
???,2014.0,2014-03-26,-3??
???,2015.0,2015-03-28,-1??
???,2016.0,2016-03-28,-1??
???,2017.0,2017-03-27,-2??
???,2018.0,2018-03-28,-1??
???,2019.0,2019-03-21,-8??
???,2020.0,2020-03-23,-6??
???,2021.0,2021-03-18,-11??
???,2022.0,2022-03-27,-2??
???,2023.0,2023-03-21,-8??
???,2024.0,2024-03-23,-6??
???,2025.0,2025-03-27,-2??
?—µ,2001.0,2001-04-01,2??
?—µ,2002.0,2002-03-21,-9??
?—µ,2003.0,2003-03-28,-2??
?—µ,2004.0,2004-03-24,-6??
?—µ,2005.0,2005-04-04,5??
?—µ,2006.0,2006-03-26,-4??
?—µ,2007.0,2007-03-25,-5??
?—µ,2008.0,2008-03-30,0??
?—µ,2009.0,2009-03-23,-7??
?—µ,2010.0,2010-03-30,0??
?—µ,2011.0,2011-03-31,1??
?—µ,2012.0,2012-04-05,6??
?—µ,2013.0,2013-03-25,-5??
?—µ,2014.0,2014-03-27,-3??
?—µ,2015.0,2015-03-28,-2??
?—µ,2016.0,,
?—µ,2017.0,,
?—µ,2018.0,,
?—µ,2019.0,,
?—µ,2020.0,,
?—µ,2021.0,,
?—µ,2022.0,,
?—µ,2023.0,,
?—µ,2024.0,,
?—µ,2025.0,,
???,2001.0,2001-03-27,-3??
???,2002.0,2002-03-19,-11??
???,2003.0,2003-04-01,2??
???,2004.0,2004-03-24,-6??
???,2005.0,2005-04-02,3??
???,2006.0,2006-03-27,-3??
???,2007.0,2007-03-23,-7??
???,2008.0,2008-03-26,-4??
???,2009.0,,
???,2010.0,,
???,2011.0,,
???,2012.0,,
???,2013.0,,
???,2014.0,,
???,2015.0,,
???,2016.0,,
???,2017.0,,
???,2018.0,,
???,2019.0,,
???,2020.0,,
???,2021.0,,
???,2022.0,,
???,2023.0,,
???,2024.0,,
???,2025.0,,
