일시,지점명,지점,평균기온(°C),최저기온(°C),최고기온(°C),일강수량(mm),합계 일조시간(hr),월
2001-02-01,대구광역시,143.0,1.2,-4.0,5.0,0.0,9.6,2.0
2001-02-02,대구광역시,143.0,-0.7,-6.1,4.9,,9.5,2.0
2001-02-03,대구광역시,143.0,3.2,-2.5,9.2,,7.3,2.0
2001-02-04,대구광역시,143.0,4.8,1.1,9.1,,0.7,2.0
2001-02-05,대구광역시,143.0,6.6,-0.7,12.9,,8.1,2.0
2001-02-06,대구광역시,143.0,8.1,5.7,11.5,,2.3,2.0
2001-02-07,대구광역시,143.0,5.3,-1.2,8.6,0.0,4.7,2.0
2001-02-08,대구광역시,143.0,-1.1,-5.0,3.0,,10.1,2.0
2001-02-09,대구광역시,143.0,2.0,-3.5,7.6,,8.9,2.0
2001-02-10,대구광역시,143.0,3.3,-1.2,8.3,,9.6,2.0
2001-02-11,대구광역시,143.0,2.2,-3.3,6.8,,6.5,2.0
2001-02-12,대구광역시,143.0,2.4,1.2,4.1,,0.0,2.0
2001-02-13,대구광역시,143.0,1.8,-0.8,6.6,,5.6,2.0
2001-02-14,대구광역시,143.0,0.2,-3.7,4.7,,10.1,2.0
2001-02-15,대구광역시,143.0,3.0,-4.1,10.0,1.7,5.9,2.0
2001-02-16,대구광역시,143.0,0.6,-2.1,4.3,,10.3,2.0
2001-02-17,대구광역시,143.0,2.0,-3.7,7.2,,7.1,2.0
2001-02-18,대구광역시,143.0,6.9,2.1,12.5,,9.0,2.0
2001-02-19,대구광역시,143.0,9.2,3.4,15.2,,7.6,2.0
2001-02-20,대구광역시,143.0,9.0,2.8,15.9,,9.1,2.0
2001-02-21,대구광역시,143.0,6.9,3.5,9.8,3.0,0.4,2.0
2001-02-22,대구광역시,143.0,8.8,1.4,17.7,,7.8,2.0
2001-02-23,대구광역시,143.0,5.9,4.5,7.4,24.6,0.0,2.0
2001-02-24,대구광역시,143.0,4.1,2.3,6.0,4.6,0.0,2.0
2001-02-25,대구광역시,143.0,2.3,-1.2,6.6,,10.7,2.0
2001-02-26,대구광역시,143.0,4.5,-1.2,12.2,,10.0,2.0
2001-02-27,대구광역시,143.0,5.1,0.0,8.7,7.8,2.6,2.0
2001-02-28,대구광역시,143.0,8.6,5.2,13.3,20.2,3.0,2.0
2001-03-01,대구광역시,143.0,7.7,5.4,11.8,0.3,1.7,3.0
2001-03-02,대구광역시,143.0,7.9,1.8,13.4,,7.6,3.0
2001-03-03,대구광역시,143.0,8.6,3.9,15.0,1.4,0.9,3.0
2001-03-04,대구광역시,143.0,2.2,0.6,4.9,0.1,5.8,3.0
2001-03-05,대구광역시,143.0,6.0,0.8,11.4,,9.6,3.0
2001-03-06,대구광역시,143.0,9.1,1.8,17.2,0.0,5.6,3.0
2001-03-07,대구광역시,143.0,3.6,-0.1,7.2,,9.4,3.0
2001-03-08,대구광역시,143.0,-0.5,-2.0,3.0,0.0,3.7,3.0
2001-03-09,대구광역시,143.0,2.5,-3.2,7.6,,10.6,3.0
2001-03-10,대구광역시,143.0,7.0,2.6,13.9,,8.3,3.0
2001-03-11,대구광역시,143.0,4.9,-1.8,11.0,,10.5,3.0
2001-03-12,대구광역시,143.0,5.8,1.7,10.5,,10.7,3.0
2001-03-13,대구광역시,143.0,7.8,0.2,14.7,,10.8,3.0
2001-03-14,대구광역시,143.0,13.0,4.4,19.4,,8.4,3.0
2001-03-15,대구광역시,143.0,11.1,6.7,16.4,,10.9,3.0
2001-03-16,대구광역시,143.0,9.2,1.1,15.0,,7.4,3.0
2001-03-17,대구광역시,143.0,10.7,8.9,14.1,0.2,1.4,3.0
2001-03-18,대구광역시,143.0,13.4,7.0,20.3,,10.4,3.0
2001-03-19,대구광역시,143.0,16.0,8.6,22.3,,9.4,3.0
2001-03-20,대구광역시,143.0,16.9,10.4,24.6,,7.8,3.0
2001-03-21,대구광역시,143.0,15.7,7.8,24.3,,10.1,3.0
2001-03-22,대구광역시,143.0,15.8,10.4,23.6,0.0,7.2,3.0
2001-03-23,대구광역시,143.0,14.3,8.3,21.0,,8.9,3.0
2001-03-24,대구광역시,143.0,15.6,6.2,23.1,,8.5,3.0
2001-03-25,대구광역시,143.0,16.3,11.1,23.7,,5.5,3.0
2001-03-26,대구광역시,143.0,8.9,5.1,13.7,,11.1,3.0
2001-03-27,대구광역시,143.0,8.1,1.8,13.1,0.0,4.8,3.0
2001-03-28,대구광역시,143.0,7.8,4.8,11.8,0.8,2.3,3.0
2001-03-29,대구광역시,143.0,6.5,4.1,11.2,,9.8,3.0
2001-03-30,대구광역시,143.0,3.7,1.3,6.7,2.8,1.5,3.0
2001-03-31,대구광역시,143.0,7.7,3.0,13.2,,10.8,3.0
2001-04-01,대구광역시,143.0,9.9,3.2,16.7,,11.3,4.0
2001-04-02,대구광역시,143.0,13.1,4.9,21.2,,11.3,4.0
2001-04-03,대구광역시,143.0,12.3,8.4,18.6,,10.2,4.0
2001-04-04,대구광역시,143.0,12.8,3.7,21.2,,11.7,4.0
2001-04-05,대구광역시,143.0,15.8,8.9,22.9,,9.4,4.0
2002-02-01,대구광역시,143.0,0.5,-5.1,6.7,,8.3,2.0
2002-02-02,대구광역시,143.0,1.7,-3.9,9.6,,7.9,2.0
2002-02-03,대구광역시,143.0,3.1,-3.1,10.7,,8.8,2.0
2002-02-04,대구광역시,143.0,3.0,-2.0,7.4,,2.2,2.0
2002-02-05,대구광역시,143.0,6.0,1.6,12.7,,7.6,2.0
2002-02-06,대구광역시,143.0,6.3,-1.2,13.7,,8.6,2.0
2002-02-07,대구광역시,143.0,6.0,1.8,11.5,,9.7,2.0
2002-02-08,대구광역시,143.0,4.2,-2.1,10.8,0.0,3.9,2.0
2002-02-09,대구광역시,143.0,0.1,-4.1,4.5,,9.4,2.0
2002-02-10,대구광역시,143.0,0.7,-3.2,6.0,0.0,7.2,2.0
2002-02-11,대구광역시,143.0,-0.5,-4.0,4.0,0.0,9.0,2.0
2002-02-12,대구광역시,143.0,0.3,-4.8,5.7,,9.9,2.0
2002-02-13,대구광역시,143.0,2.3,-1.7,8.1,,9.8,2.0
2002-02-14,대구광역시,143.0,2.2,-3.9,8.3,,10.0,2.0
2002-02-15,대구광역시,143.0,3.0,-4.6,9.8,,10.2,2.0
2002-02-16,대구광역시,143.0,4.5,-2.6,11.3,,6.6,2.0
2002-02-17,대구광역시,143.0,5.7,0.1,13.6,,7.7,2.0
2002-02-18,대구광역시,143.0,0.0,-2.4,4.0,,10.5,2.0
2002-02-19,대구광역시,143.0,0.3,-3.9,5.8,,10.4,2.0
2002-02-20,대구광역시,143.0,4.4,-2.9,12.2,,10.4,2.0
2002-02-21,대구광역시,143.0,3.4,-0.3,7.5,1.5,0.1,2.0
2002-02-22,대구광역시,143.0,6.2,1.5,12.5,,6.7,2.0
2002-02-23,대구광역시,143.0,6.8,0.7,13.0,,8.1,2.0
2002-02-24,대구광역시,143.0,5.8,0.9,12.7,,9.1,2.0
2002-02-25,대구광역시,143.0,8.0,0.7,12.9,,5.0,2.0
2002-02-26,대구광역시,143.0,9.3,4.3,15.0,0.0,4.5,2.0
2002-02-27,대구광역시,143.0,8.2,2.3,14.2,0.0,1.0,2.0
2002-02-28,대구광역시,143.0,9.9,5.5,15.9,,8.2,2.0
2002-03-01,대구광역시,143.0,8.0,0.9,14.7,,4.1,3.0
2002-03-02,대구광역시,143.0,7.0,1.9,13.8,,1.3,3.0
2002-03-03,대구광역시,143.0,8.0,5.0,12.3,,2.2,3.0
2002-03-04,대구광역시,143.0,8.4,1.0,14.5,,8.8,3.0
2002-03-05,대구광역시,143.0,5.6,4.9,8.9,7.5,0.0,3.0
2002-03-06,대구광역시,143.0,4.4,1.0,9.3,0.5,4.1,3.0
2002-03-07,대구광역시,143.0,2.8,-1.2,8.2,,10.8,3.0
2002-03-08,대구광역시,143.0,5.4,-0.9,12.3,,10.8,3.0
2002-03-09,대구광역시,143.0,10.5,0.3,19.4,,10.2,3.0
2002-03-10,대구광역시,143.0,11.7,7.9,17.8,0.0,4.6,3.0
2002-03-11,대구광역시,143.0,10.3,2.0,18.6,,10.8,3.0
2002-03-12,대구광역시,143.0,12.4,5.3,20.8,,10.2,3.0
2002-03-13,대구광역시,143.0,12.8,5.2,22.1,,9.6,3.0
2002-03-14,대구광역시,143.0,9.0,8.0,11.7,15.0,0.0,3.0
2002-03-15,대구광역시,143.0,12.4,8.6,18.0,0.5,9.1,3.0
2002-03-16,대구광역시,143.0,12.7,4.8,20.9,,9.9,3.0
2002-03-17,대구광역시,143.0,13.5,9.2,20.0,,7.2,3.0
2002-03-18,대구광역시,143.0,11.1,7.3,15.7,,10.3,3.0
2002-03-19,대구광역시,143.0,12.4,3.0,21.2,,9.9,3.0
2002-03-20,대구광역시,143.0,15.4,5.7,24.5,,8.9,3.0
2002-03-21,대구광역시,143.0,12.8,9.2,18.8,9.0,0.2,3.0
2002-03-22,대구광역시,143.0,7.7,5.2,10.8,0.5,0.0,3.0
2002-03-23,대구광역시,143.0,7.3,3.0,13.0,,10.7,3.0
2002-03-24,대구광역시,143.0,7.4,1.9,13.0,,9.4,3.0
2002-03-25,대구광역시,143.0,9.8,1.5,17.9,,10.4,3.0
2002-03-26,대구광역시,143.0,10.3,3.3,15.6,0.0,0.2,3.0
2002-03-27,대구광역시,143.0,11.8,7.5,16.7,,10.2,3.0
2002-03-28,대구광역시,143.0,12.6,4.4,20.3,,9.1,3.0
2002-03-29,대구광역시,143.0,11.2,8.6,17.5,17.5,3.7,3.0
2002-03-30,대구광역시,143.0,13.1,5.6,20.1,0.0,7.0,3.0
2002-03-31,대구광역시,143.0,15.5,9.9,21.5,0.0,7.0,3.0
2002-04-01,대구광역시,143.0,18.0,8.4,28.0,,10.0,4.0
2002-04-02,대구광역시,143.0,19.9,10.6,28.4,,10.8,4.0
2002-04-03,대구광역시,143.0,15.3,8.3,20.9,,7.1,4.0
2002-04-04,대구광역시,143.0,13.7,3.4,23.5,,11.5,4.0
2002-04-05,대구광역시,143.0,15.6,5.5,24.5,0.0,10.3,4.0
2003-02-01,대구광역시,143.0,1.4,-4.6,7.8,,8.3,2.0
2003-02-02,대구광역시,143.0,1.9,-2.1,7.4,,9.6,2.0
2003-02-03,대구광역시,143.0,1.9,-3.6,7.3,,9.6,2.0
2003-02-04,대구광역시,143.0,2.1,-0.2,6.1,,6.8,2.0
2003-02-05,대구광역시,143.0,1.2,-1.7,5.3,,8.3,2.0
2003-02-06,대구광역시,143.0,2.3,-3.0,8.3,,9.8,2.0
2003-02-07,대구광역시,143.0,3.8,-2.0,10.1,,9.6,2.0
2003-02-08,대구광역시,143.0,2.8,1.6,4.2,19.0,0.0,2.0
2003-02-09,대구광역시,143.0,3.2,1.2,6.9,,3.1,2.0
2003-02-10,대구광역시,143.0,5.8,0.8,12.1,0.0,5.5,2.0
2003-02-11,대구광역시,143.0,4.0,-1.4,7.4,1.5,5.2,2.0
2003-02-12,대구광역시,143.0,-1.2,-5.0,3.7,,10.2,2.0
2003-02-13,대구광역시,143.0,1.3,-4.4,7.0,,10.0,2.0
2003-02-14,대구광역시,143.0,3.9,-2.2,10.0,,9.5,2.0
2003-02-15,대구광역시,143.0,5.1,-0.7,9.7,,3.3,2.0
2003-02-16,대구광역시,143.0,7.4,2.9,12.0,,8.8,2.0
2003-02-17,대구광역시,143.0,5.2,-1.1,12.3,,7.3,2.0
2003-02-18,대구광역시,143.0,6.9,1.5,11.1,,6.4,2.0
2003-02-19,대구광역시,143.0,5.7,2.3,10.4,,3.1,2.0
2003-02-20,대구광역시,143.0,4.1,0.7,8.5,,9.7,2.0
2003-02-21,대구광역시,143.0,3.6,-0.8,6.6,0.0,0.1,2.0
2003-02-22,대구광역시,143.0,4.7,3.3,6.3,15.0,0.0,2.0
2003-02-23,대구광역시,143.0,4.6,3.9,6.0,1.0,0.0,2.0
2003-02-24,대구광역시,143.0,4.8,2.3,8.7,4.5,3.1,2.0
2003-02-25,대구광역시,143.0,5.7,0.6,11.7,,8.6,2.0
2003-02-26,대구광역시,143.0,8.3,4.7,13.6,,2.7,2.0
2003-02-27,대구광역시,143.0,4.6,1.2,9.3,,6.5,2.0
2003-02-28,대구광역시,143.0,6.0,-0.8,10.8,0.0,7.4,2.0
2003-03-01,대구광역시,143.0,5.7,2.7,8.0,9.5,0.0,3.0
2003-03-02,대구광역시,143.0,8.6,2.2,15.0,,8.4,3.0
2003-03-03,대구광역시,143.0,4.7,-1.3,8.9,0.1,6.1,3.0
2003-03-04,대구광역시,143.0,1.1,-3.1,5.2,,7.2,3.0
2003-03-05,대구광역시,143.0,3.6,-1.0,7.6,,0.0,3.0
2003-03-06,대구광역시,143.0,4.2,2.2,5.8,14.5,0.0,3.0
2003-03-07,대구광역시,143.0,4.9,3.6,7.2,0.5,0.2,3.0
2003-03-08,대구광역시,143.0,3.9,1.5,8.3,0.0,1.5,3.0
2003-03-09,대구광역시,143.0,4.3,1.4,9.3,,6.0,3.0
2003-03-10,대구광역시,143.0,4.2,0.3,9.9,,9.3,3.0
2003-03-11,대구광역시,143.0,4.5,-1.3,10.4,,10.3,3.0
2003-03-12,대구광역시,143.0,6.5,0.6,12.5,,8.8,3.0
2003-03-13,대구광역시,143.0,7.4,0.9,13.5,,10.3,3.0
2003-03-14,대구광역시,143.0,8.0,1.7,13.3,0.0,5.9,3.0
2003-03-15,대구광역시,143.0,7.7,6.0,9.0,0.0,0.0,3.0
2003-03-16,대구광역시,143.0,7.6,6.9,8.5,6.5,0.1,3.0
2003-03-17,대구광역시,143.0,7.7,5.2,11.6,0.5,0.7,3.0
2003-03-18,대구광역시,143.0,8.3,3.9,13.3,,10.1,3.0
2003-03-19,대구광역시,143.0,7.7,2.2,13.2,,8.9,3.0
2003-03-20,대구광역시,143.0,8.4,1.4,15.1,,9.9,3.0
2003-03-21,대구광역시,143.0,8.6,3.1,15.0,0.0,7.3,3.0
2003-03-22,대구광역시,143.0,9.6,4.6,15.4,,10.5,3.0
2003-03-23,대구광역시,143.0,10.1,4.0,16.5,,3.3,3.0
2003-03-24,대구광역시,143.0,11.6,5.1,18.0,0.0,6.0,3.0
2003-03-25,대구광역시,143.0,11.7,8.8,16.4,,6.4,3.0
2003-03-26,대구광역시,143.0,13.1,4.5,20.9,,9.4,3.0
2003-03-27,대구광역시,143.0,10.3,5.3,15.8,9.5,7.0,3.0
2003-03-28,대구광역시,143.0,8.7,2.4,14.1,,6.6,3.0
2003-03-29,대구광역시,143.0,10.5,4.6,16.9,,10.9,3.0
2003-03-30,대구광역시,143.0,14.2,7.3,20.7,,7.7,3.0
2003-03-31,대구광역시,143.0,15.5,11.6,20.4,0.0,0.5,3.0
2003-04-01,대구광역시,143.0,12.4,9.5,16.5,,5.3,4.0
2003-04-02,대구광역시,143.0,11.2,8.4,15.4,,7.1,4.0
2003-04-03,대구광역시,143.0,11.3,6.2,16.3,,10.2,4.0
2003-04-04,대구광역시,143.0,10.5,7.2,14.7,0.0,1.4,4.0
2003-04-05,대구광역시,143.0,11.3,3.1,18.8,,11.6,4.0
2004-02-01,대구광역시,143.0,4.9,-2.5,12.4,,7.9,2.0
2004-02-02,대구광역시,143.0,2.7,-2.4,5.9,,5.1,2.0
2004-02-03,대구광역시,143.0,-1.4,-4.1,2.1,,9.2,2.0
2004-02-04,대구광역시,143.0,0.1,-4.4,4.0,,8.0,2.0
2004-02-05,대구광역시,143.0,-1.7,-4.0,1.4,0.3,9.0,2.0
2004-02-06,대구광역시,143.0,-2.1,-6.3,2.4,0.3,7.9,2.0
2004-02-07,대구광역시,143.0,-1.7,-4.2,1.8,0.7,8.8,2.0
2004-02-08,대구광역시,143.0,2.0,-6.0,9.6,,9.0,2.0
2004-02-09,대구광역시,143.0,1.1,-2.9,6.6,,10.0,2.0
2004-02-10,대구광역시,143.0,1.7,-5.9,9.1,,9.7,2.0
2004-02-11,대구광역시,143.0,4.4,-2.6,11.9,,9.1,2.0
2004-02-12,대구광역시,143.0,5.2,1.6,11.4,,8.5,2.0
2004-02-13,대구광역시,143.0,4.8,-1.8,11.9,,6.3,2.0
2004-02-14,대구광역시,143.0,5.7,2.1,9.4,0.1,8.5,2.0
2004-02-15,대구광역시,143.0,5.6,0.9,11.6,,10.0,2.0
2004-02-16,대구광역시,143.0,6.4,-1.5,13.3,,9.3,2.0
2004-02-17,대구광역시,143.0,8.4,4.1,13.0,,9.9,2.0
2004-02-18,대구광역시,143.0,7.3,-0.7,15.9,,9.8,2.0
2004-02-19,대구광역시,143.0,9.4,0.3,19.9,,9.5,2.0
2004-02-20,대구광역시,143.0,10.5,2.1,19.2,,9.4,2.0
2004-02-21,대구광역시,143.0,11.7,8.3,14.3,6.0,0.0,2.0
2004-02-22,대구광역시,143.0,10.4,4.3,16.3,21.5,0.0,2.0
2004-02-23,대구광역시,143.0,5.2,1.5,10.2,,10.3,2.0
2004-02-24,대구광역시,143.0,6.2,-0.1,13.4,,6.3,2.0
2004-02-25,대구광역시,143.0,8.5,1.1,16.2,,8.8,2.0
2004-02-26,대구광역시,143.0,3.7,1.0,8.1,,9.7,2.0
2004-02-27,대구광역시,143.0,4.1,-0.1,9.4,0.0,10.5,2.0
2004-02-28,대구광역시,143.0,6.7,-0.6,12.7,3.5,2.1,2.0
2004-02-29,대구광역시,143.0,9.6,6.8,14.3,0.5,9.1,2.0
2004-03-01,대구광역시,143.0,6.6,3.5,12.2,,9.6,3.0
2004-03-02,대구광역시,143.0,2.3,-0.4,5.9,,10.6,3.0
2004-03-03,대구광역시,143.0,-0.8,-2.5,3.0,0.0,2.0,3.0
2004-03-04,대구광역시,143.0,1.1,-3.5,6.4,,9.8,3.0
2004-03-05,대구광역시,143.0,3.3,0.1,9.7,1.5,1.6,3.0
2004-03-06,대구광역시,143.0,-1.2,-3.9,2.3,0.0,7.3,3.0
2004-03-07,대구광역시,143.0,-0.7,-5.2,3.7,,10.8,3.0
2004-03-08,대구광역시,143.0,4.1,-2.8,9.9,,6.8,3.0
2004-03-09,대구광역시,143.0,7.8,-0.1,16.2,,10.1,3.0
2004-03-10,대구광역시,143.0,14.0,5.9,20.1,,6.8,3.0
2004-03-11,대구광역시,143.0,9.7,6.2,15.9,,2.5,3.0
2004-03-12,대구광역시,143.0,9.7,5.2,15.8,,9.7,3.0
2004-03-13,대구광역시,143.0,10.4,3.8,17.2,,8.0,3.0
2004-03-14,대구광역시,143.0,10.4,4.9,16.9,,9.1,3.0
2004-03-15,대구광역시,143.0,10.6,3.0,18.6,,9.5,3.0
2004-03-16,대구광역시,143.0,15.0,6.6,23.1,,7.8,3.0
2004-03-17,대구광역시,143.0,11.4,3.8,19.0,7.0,0.0,3.0
2004-03-18,대구광역시,143.0,5.0,0.0,11.0,,10.3,3.0
2004-03-19,대구광역시,143.0,6.9,0.4,12.5,,8.6,3.0
2004-03-20,대구광역시,143.0,9.9,4.9,16.0,,10.1,3.0
2004-03-21,대구광역시,143.0,10.3,5.3,16.9,,5.8,3.0
2004-03-22,대구광역시,143.0,9.1,5.4,14.9,0.5,6.0,3.0
2004-03-23,대구광역시,143.0,10.7,4.0,18.0,,6.5,3.0
2004-03-24,대구광역시,143.0,9.6,5.7,13.4,,4.3,3.0
2004-03-25,대구광역시,143.0,8.4,4.9,13.9,,3.8,3.0
2004-03-26,대구광역시,143.0,9.3,1.9,15.7,,11.1,3.0
2004-03-27,대구광역시,143.0,11.4,3.4,19.4,,9.1,3.0
2004-03-28,대구광역시,143.0,14.7,5.2,23.3,,11.1,3.0
2004-03-29,대구광역시,143.0,15.9,9.1,23.7,1.0,8.6,3.0
2004-03-30,대구광역시,143.0,14.2,6.9,21.4,2.5,9.3,3.0
2004-03-31,대구광역시,143.0,11.0,5.2,17.3,,10.0,3.0
2004-04-01,대구광역시,143.0,10.1,4.5,17.4,19.0,3.7,4.0
2004-04-02,대구광역시,143.0,10.6,6.7,15.4,1.0,10.7,4.0
2004-04-03,대구광역시,143.0,8.4,4.8,12.0,,5.9,4.0
2004-04-04,대구광역시,143.0,9.2,4.5,14.7,,10.9,4.0
2005-02-01,대구광역시,143.0,-6.3,-9.4,-2.7,,9.5,2.0
2005-02-02,대구광역시,143.0,-3.6,-8.2,0.7,,9.7,2.0
2005-02-03,대구광역시,143.0,-0.4,-4.0,4.7,,9.5,2.0
2005-02-04,대구광역시,143.0,2.7,-1.0,8.0,,8.3,2.0
2005-02-05,대구광역시,143.0,2.6,-0.9,8.3,,8.2,2.0
2005-02-06,대구광역시,143.0,3.1,-4.2,10.0,,7.5,2.0
2005-02-07,대구광역시,143.0,5.6,0.5,9.7,,0.7,2.0
2005-02-08,대구광역시,143.0,5.9,1.7,10.0,0.4,5.1,2.0
2005-02-09,대구광역시,143.0,2.3,-0.7,6.8,0.2,0.8,2.0
2005-02-10,대구광역시,143.0,-0.8,-4.0,4.2,,6.8,2.0
2005-02-11,대구광역시,143.0,-2.3,-6.6,2.9,,9.8,2.0
2005-02-12,대구광역시,143.0,-1.3,-5.0,3.2,,2.0,2.0
2005-02-13,대구광역시,143.0,0.9,-3.8,6.8,,10.0,2.0
2005-02-14,대구광역시,143.0,2.7,-3.2,7.1,,3.0,2.0
2005-02-15,대구광역시,143.0,5.6,2.9,8.9,8.0,0.0,2.0
2005-02-16,대구광역시,143.0,5.7,4.6,6.7,5.5,0.0,2.0
2005-02-17,대구광역시,143.0,6.5,4.4,10.2,0.0,1.9,2.0
2005-02-18,대구광역시,143.0,3.8,2.4,5.8,2.5,0.0,2.0
2005-02-19,대구광역시,143.0,1.8,-4.4,7.2,,3.3,2.0
2005-02-20,대구광역시,143.0,-3.7,-7.6,1.1,,10.2,2.0
2005-02-21,대구광역시,143.0,-3.0,-7.1,1.6,,10.5,2.0
2005-02-22,대구광역시,143.0,1.6,-6.8,8.8,0.0,3.0,2.0
2005-02-23,대구광역시,143.0,4.4,1.1,8.8,,8.5,2.0
2005-02-24,대구광역시,143.0,2.3,0.2,5.8,,2.0,2.0
2005-02-25,대구광역시,143.0,0.0,-3.3,3.9,,10.0,2.0
2005-02-26,대구광역시,143.0,-1.8,-6.1,3.5,,10.8,2.0
2005-02-27,대구광역시,143.0,0.8,-4.5,6.7,,9.4,2.0
2005-02-28,대구광역시,143.0,3.3,-1.0,9.0,,8.8,2.0
2005-03-01,대구광역시,143.0,3.6,-1.3,8.7,,10.6,3.0
2005-03-02,대구광역시,143.0,3.5,0.9,7.4,,1.0,3.0
2005-03-03,대구광역시,143.0,2.1,-0.8,6.9,,9.4,3.0
2005-03-04,대구광역시,143.0,2.3,-2.6,8.0,,9.5,3.0
2005-03-05,대구광역시,143.0,1.1,-2.5,6.5,3.7,5.4,3.0
2005-03-06,대구광역시,143.0,3.3,-2.3,9.7,0.1,10.8,3.0
2005-03-07,대구광역시,143.0,7.6,-0.5,15.6,,10.5,3.0
2005-03-08,대구광역시,143.0,11.2,3.1,18.6,,9.7,3.0
2005-03-09,대구광역시,143.0,11.2,4.5,18.0,,8.2,3.0
2005-03-10,대구광역시,143.0,14.8,8.7,21.6,,8.4,3.0
2005-03-11,대구광역시,143.0,5.5,-1.6,12.4,5.5,0.9,3.0
2005-03-12,대구광역시,143.0,-0.9,-4.1,3.7,,11.1,3.0
2005-03-13,대구광역시,143.0,0.2,-4.1,5.4,,10.4,3.0
2005-03-14,대구광역시,143.0,4.8,-1.0,11.0,,11.0,3.0
2005-03-15,대구광역시,143.0,6.3,1.9,11.7,0.4,3.8,3.0
2005-03-16,대구광역시,143.0,9.0,2.5,15.9,0.5,6.2,3.0
2005-03-17,대구광역시,143.0,8.4,5.6,12.6,25.0,2.6,3.0
2005-03-18,대구광역시,143.0,7.0,3.6,11.8,0.0,11.1,3.0
2005-03-19,대구광역시,143.0,7.7,1.2,14.6,,9.8,3.0
2005-03-20,대구광역시,143.0,9.6,5.9,14.7,,9.8,3.0
2005-03-21,대구광역시,143.0,10.6,3.0,17.9,0.4,8.2,3.0
2005-03-22,대구광역시,143.0,8.6,6.0,13.0,27.0,3.9,3.0
2005-03-23,대구광역시,143.0,9.8,6.3,14.4,,2.3,3.0
2005-03-24,대구광역시,143.0,4.5,1.4,8.8,0.5,5.4,3.0
2005-03-25,대구광역시,143.0,5.9,-0.2,12.1,,11.4,3.0
2005-03-26,대구광역시,143.0,10.8,2.8,18.4,,9.3,3.0
2005-03-27,대구광역시,143.0,9.9,5.6,13.2,4.0,2.2,3.0
2005-03-28,대구광역시,143.0,12.9,7.4,21.0,,8.1,3.0
2005-03-29,대구광역시,143.0,8.1,4.1,13.5,,11.5,3.0
2005-03-30,대구광역시,143.0,10.2,2.7,18.3,,11.3,3.0
2005-03-31,대구광역시,143.0,12.7,5.1,19.2,,11.0,3.0
2005-04-01,대구광역시,143.0,13.3,6.3,20.5,,8.9,4.0
2005-04-02,대구광역시,143.0,14.1,7.5,20.9,,6.6,4.0
2005-04-03,대구광역시,143.0,8.5,4.0,13.6,1.5,1.4,4.0
2005-04-04,대구광역시,143.0,10.8,1.6,19.9,,11.0,4.0
2005-04-05,대구광역시,143.0,16.4,7.7,26.0,,10.9,4.0
2006-02-01,대구광역시,143.0,4.4,1.1,8.1,8.0,4.4,2.0
2006-02-02,대구광역시,143.0,2.2,-0.9,7.0,,6.1,2.0
2006-02-03,대구광역시,143.0,-4.7,-8.8,1.0,,10.0,2.0
2006-02-04,대구광역시,143.0,-5.1,-10.1,0.6,,9.9,2.0
2006-02-05,대구광역시,143.0,-1.5,-6.4,3.1,,6.8,2.0
2006-02-06,대구광역시,143.0,0.3,-3.0,2.3,1.3,0.3,2.0
2006-02-07,대구광역시,143.0,2.2,0.2,5.6,3.0,2.4,2.0
2006-02-08,대구광역시,143.0,-2.6,-5.4,0.5,0.0,8.4,2.0
2006-02-09,대구광역시,143.0,-2.3,-6.8,2.5,,10.1,2.0
2006-02-10,대구광역시,143.0,1.3,-4.5,7.5,,4.4,2.0
2006-02-11,대구광역시,143.0,2.8,-1.9,7.8,,4.3,2.0
2006-02-12,대구광역시,143.0,1.9,-2.6,6.7,,10.4,2.0
2006-02-13,대구광역시,143.0,5.9,-1.9,15.0,,10.2,2.0
2006-02-14,대구광역시,143.0,11.1,5.7,17.5,3.5,4.2,2.0
2006-02-15,대구광역시,143.0,5.8,4.0,9.1,4.5,0.0,2.0
2006-02-16,대구광역시,143.0,5.4,2.0,9.7,0.5,0.3,2.0
2006-02-17,대구광역시,143.0,-1.0,-3.7,2.7,,9.5,2.0
2006-02-18,대구광역시,143.0,1.8,-3.1,7.2,,7.9,2.0
2006-02-19,대구광역시,143.0,4.8,0.3,10.9,,5.4,2.0
2006-02-20,대구광역시,143.0,7.3,1.3,14.2,,9.7,2.0
2006-02-21,대구광역시,143.0,8.6,0.6,16.3,,9.4,2.0
2006-02-22,대구광역시,143.0,6.8,4.5,9.2,0.5,1.2,2.0
2006-02-23,대구광역시,143.0,5.9,0.3,11.9,,10.1,2.0
2006-02-24,대구광역시,143.0,6.6,3.0,12.6,,10.0,2.0
2006-02-25,대구광역시,143.0,6.0,0.0,11.4,3.0,0.8,2.0
2006-02-26,대구광역시,143.0,6.5,0.3,11.3,0.5,9.6,2.0
2006-02-27,대구광역시,143.0,3.0,-2.0,8.4,,8.0,2.0
2006-02-28,대구광역시,143.0,3.5,2.1,5.9,0.4,0.0,2.0
2006-03-01,대구광역시,143.0,2.6,1.0,5.4,1.5,3.5,3.0
2006-03-02,대구광역시,143.0,1.7,0.1,5.6,,6.5,3.0
2006-03-03,대구광역시,143.0,2.8,-1.5,7.8,,10.8,3.0
2006-03-04,대구광역시,143.0,5.9,-1.1,12.9,,9.9,3.0
2006-03-05,대구광역시,143.0,11.7,6.3,17.6,,4.7,3.0
2006-03-06,대구광역시,143.0,10.0,6.9,17.0,,4.4,3.0
2006-03-07,대구광역시,143.0,11.7,6.1,17.8,,6.8,3.0
2006-03-08,대구광역시,143.0,11.3,5.4,18.9,,8.5,3.0
2006-03-09,대구광역시,143.0,9.9,6.9,14.0,,1.4,3.0
2006-03-10,대구광역시,143.0,12.0,3.7,20.2,,9.1,3.0
2006-03-11,대구광역시,143.0,11.8,8.5,17.9,,1.8,3.0
2006-03-12,대구광역시,143.0,1.3,-4.8,8.7,,7.5,3.0
2006-03-13,대구광역시,143.0,-0.4,-5.9,5.6,,8.1,3.0
2006-03-14,대구광역시,143.0,3.1,-1.3,7.8,0.0,10.1,3.0
2006-03-15,대구광역시,143.0,9.0,1.5,15.2,,9.1,3.0
2006-03-16,대구광역시,143.0,5.8,1.5,10.2,8.5,0.0,3.0
2006-03-17,대구광역시,143.0,10.8,2.0,19.6,,8.5,3.0
2006-03-18,대구광역시,143.0,10.4,8.4,12.5,0.5,0.9,3.0
2006-03-19,대구광역시,143.0,7.0,2.8,12.7,,10.9,3.0
2006-03-20,대구광역시,143.0,8.5,2.1,15.4,,8.7,3.0
2006-03-21,대구광역시,143.0,11.3,6.4,18.3,,8.8,3.0
2006-03-22,대구광역시,143.0,12.2,5.3,18.6,,8.4,3.0
2006-03-23,대구광역시,143.0,10.3,6.2,15.7,,9.2,3.0
2006-03-24,대구광역시,143.0,7.9,0.7,14.2,,10.6,3.0
2006-03-25,대구광역시,143.0,12.4,2.8,20.0,,9.2,3.0
2006-03-26,대구광역시,143.0,12.8,8.5,17.8,,10.0,3.0
2006-03-27,대구광역시,143.0,11.4,3.6,18.6,,9.8,3.0
2006-03-28,대구광역시,143.0,5.9,1.5,10.0,1.0,4.6,3.0
2006-03-29,대구광역시,143.0,7.0,0.5,12.3,,9.1,3.0
2006-03-30,대구광역시,143.0,7.8,4.1,12.8,,11.1,3.0
2006-03-31,대구광역시,143.0,9.3,0.0,17.4,,11.0,3.0
2006-04-01,대구광역시,143.0,11.6,7.3,15.2,4.0,0.0,4.0
2006-04-02,대구광역시,143.0,12.8,9.2,17.3,,7.6,4.0
2006-04-03,대구광역시,143.0,14.9,4.9,24.4,,9.6,4.0
2006-04-04,대구광역시,143.0,11.6,9.5,15.8,10.5,0.0,4.0
2006-04-05,대구광역시,143.0,11.6,8.6,19.1,0.2,7.5,4.0
2007-02-01,대구광역시,143.0,-0.8,-3.9,2.7,,8.1,2.0
2007-02-02,대구광역시,143.0,-1.0,-5.1,3.6,,9.1,2.0
2007-02-03,대구광역시,143.0,3.2,-4.1,10.3,,8.5,2.0
2007-02-04,대구광역시,143.0,6.0,0.0,13.1,,8.8,2.0
2007-02-05,대구광역시,143.0,6.3,0.0,14.3,,7.2,2.0
2007-02-06,대구광역시,143.0,8.9,2.2,16.9,,5.6,2.0
2007-02-07,대구광역시,143.0,9.4,3.0,18.1,,7.4,2.0
2007-02-08,대구광역시,143.0,8.4,7.2,9.1,9.5,0.0,2.0
2007-02-09,대구광역시,143.0,8.0,5.7,10.8,,1.2,2.0
2007-02-10,대구광역시,143.0,5.8,2.2,11.3,0.0,5.1,2.0
2007-02-11,대구광역시,143.0,4.4,0.4,10.4,,8.8,2.0
2007-02-12,대구광역시,143.0,4.9,0.8,10.6,,8.6,2.0
2007-02-13,대구광역시,143.0,5.4,-0.5,11.1,14.0,2.8,2.0
2007-02-14,대구광역시,143.0,4.8,-0.3,9.2,3.0,6.0,2.0
2007-02-15,대구광역시,143.0,2.7,-1.9,7.9,,9.4,2.0
2007-02-16,대구광역시,143.0,5.0,-2.3,11.6,,8.7,2.0
2007-02-17,대구광역시,143.0,5.7,4.1,7.1,3.5,0.0,2.0
2007-02-18,대구광역시,143.0,7.0,2.2,13.4,,6.5,2.0
2007-02-19,대구광역시,143.0,8.2,3.0,14.2,,9.2,2.0
2007-02-20,대구광역시,143.0,8.3,2.1,15.5,,8.6,2.0
2007-02-21,대구광역시,143.0,8.6,1.3,16.8,,9.2,2.0
2007-02-22,대구광역시,143.0,8.1,1.4,15.1,,4.1,2.0
2007-02-23,대구광역시,143.0,8.4,4.3,13.6,,9.8,2.0
2007-02-24,대구광역시,143.0,5.4,0.0,10.3,,5.9,2.0
2007-02-25,대구광역시,143.0,7.1,4.1,11.6,,3.4,2.0
2007-02-26,대구광역시,143.0,7.6,1.2,14.0,,9.3,2.0
2007-02-27,대구광역시,143.0,9.0,1.8,16.3,,9.1,2.0
2007-02-28,대구광역시,143.0,8.2,4.4,13.2,,10.2,2.0
2007-03-01,대구광역시,143.0,8.2,0.1,15.1,,7.2,3.0
2007-03-02,대구광역시,143.0,9.3,7.1,11.4,6.0,0.2,3.0
2007-03-03,대구광역시,143.0,12.9,9.8,18.7,,2.9,3.0
2007-03-04,대구광역시,143.0,13.6,11.4,16.7,27.0,0.0,3.0
2007-03-05,대구광역시,143.0,4.7,-1.8,13.8,0.0,8.1,3.0
2007-03-06,대구광역시,143.0,-1.2,-4.4,2.7,,10.2,3.0
2007-03-07,대구광역시,143.0,0.4,-4.0,5.3,,10.4,3.0
2007-03-08,대구광역시,143.0,3.7,-0.6,9.0,0.0,9.7,3.0
2007-03-09,대구광역시,143.0,5.9,0.0,12.3,,8.8,3.0
2007-03-10,대구광역시,143.0,6.3,1.3,15.8,,6.6,3.0
2007-03-11,대구광역시,143.0,2.3,-2.5,7.6,,9.0,3.0
2007-03-12,대구광역시,143.0,6.0,1.2,11.5,,9.5,3.0
2007-03-13,대구광역시,143.0,7.4,2.7,12.8,,8.0,3.0
2007-03-14,대구광역시,143.0,8.8,3.2,14.5,,5.3,3.0
2007-03-15,대구광역시,143.0,9.0,5.3,14.3,,3.4,3.0
2007-03-16,대구광역시,143.0,8.8,6.8,13.1,,3.7,3.0
2007-03-17,대구광역시,143.0,5.7,3.9,7.9,2.0,0.7,3.0
2007-03-18,대구광역시,143.0,6.4,0.3,13.1,,9.0,3.0
2007-03-19,대구광역시,143.0,5.8,3.2,11.6,0.0,2.3,3.0
2007-03-20,대구광역시,143.0,7.9,2.5,12.8,,6.5,3.0
2007-03-21,대구광역시,143.0,10.1,3.2,15.6,,6.0,3.0
2007-03-22,대구광역시,143.0,11.7,4.3,18.3,,9.0,3.0
2007-03-23,대구광역시,143.0,14.2,5.9,21.5,,8.0,3.0
2007-03-24,대구광역시,143.0,13.0,10.1,16.8,4.0,0.0,3.0
2007-03-25,대구광역시,143.0,14.1,9.6,19.8,,10.0,3.0
2007-03-26,대구광역시,143.0,13.4,7.4,21.6,0.2,8.1,3.0
2007-03-27,대구광역시,143.0,14.4,10.5,21.2,,3.6,3.0
2007-03-28,대구광역시,143.0,14.9,7.0,22.7,0.5,5.7,3.0
2007-03-29,대구광역시,143.0,11.9,8.6,15.5,19.0,4.6,3.0
2007-03-30,대구광역시,143.0,12.5,8.1,17.8,0.0,5.4,3.0
2007-03-31,대구광역시,143.0,12.1,9.3,16.5,6.0,0.0,3.0
2007-04-01,대구광역시,143.0,12.2,9.5,15.8,,0.0,4.0
2007-04-02,대구광역시,143.0,9.9,5.5,14.6,,9.2,4.0
2007-04-03,대구광역시,143.0,7.8,3.5,12.8,,9.6,4.0
2007-04-04,대구광역시,143.0,8.8,5.3,13.5,,11.5,4.0
2007-04-05,대구광역시,143.0,10.3,2.2,17.3,,9.9,4.0
2008-02-01,대구광역시,143.0,0.2,-4.9,6.1,,8.9,2.0
2008-02-02,대구광역시,143.0,0.7,-1.9,5.7,,2.4,2.0
2008-02-03,대구광역시,143.0,1.5,-3.1,6.7,,5.0,2.0
2008-02-04,대구광역시,143.0,0.8,-2.2,6.0,,9.6,2.0
2008-02-05,대구광역시,143.0,-0.4,-4.4,3.9,,2.5,2.0
2008-02-06,대구광역시,143.0,0.2,-2.5,4.8,,9.0,2.0
2008-02-07,대구광역시,143.0,-0.4,-4.8,5.0,,10.0,2.0
2008-02-08,대구광역시,143.0,0.2,-4.2,5.3,,8.9,2.0
2008-02-09,대구광역시,143.0,0.0,-1.9,3.2,,5.5,2.0
2008-02-10,대구광역시,143.0,2.2,-5.0,9.4,,9.2,2.0
2008-02-11,대구광역시,143.0,3.0,0.2,6.8,,2.0,2.0
2008-02-12,대구광역시,143.0,-2.2,-5.9,1.7,,7.9,2.0
2008-02-13,대구광역시,143.0,-3.5,-8.5,2.1,,10.0,2.0
2008-02-14,대구광역시,143.0,0.6,-3.8,5.5,,9.9,2.0
2008-02-15,대구광역시,143.0,0.5,-3.3,4.8,,9.6,2.0
2008-02-16,대구광역시,143.0,-0.8,-5.0,4.3,,10.1,2.0
2008-02-17,대구광역시,143.0,0.0,-3.7,5.3,,10.3,2.0
2008-02-18,대구광역시,143.0,0.6,-6.7,7.4,,9.4,2.0
2008-02-19,대구광역시,143.0,2.9,-1.8,8.1,,10.1,2.0
2008-02-20,대구광역시,143.0,4.9,-0.9,11.0,,9.6,2.0
2008-02-21,대구광역시,143.0,5.0,-2.7,12.1,,9.2,2.0
2008-02-22,대구광역시,143.0,6.5,-1.4,14.3,,8.7,2.0
2008-02-23,대구광역시,143.0,1.6,-2.3,8.9,0.0,9.7,2.0
2008-02-24,대구광역시,143.0,1.0,-4.3,6.5,,10.4,2.0
2008-02-25,대구광역시,143.0,1.4,-4.2,6.7,0.5,3.2,2.0
2008-02-26,대구광역시,143.0,1.7,0.2,4.1,4.5,1.8,2.0
2008-02-27,대구광역시,143.0,3.6,-1.6,9.5,,10.5,2.0
2008-02-28,대구광역시,143.0,5.5,-1.1,12.2,,10.0,2.0
2008-02-29,대구광역시,143.0,7.3,-0.2,14.6,,6.5,2.0
2008-03-01,대구광역시,143.0,6.5,1.6,12.3,,10.6,3.0
2008-03-02,대구광역시,143.0,7.4,0.9,14.0,,3.6,3.0
2008-03-03,대구광역시,143.0,6.5,3.5,10.0,,2.5,3.0
2008-03-04,대구광역시,143.0,2.7,-0.6,7.2,1.0,3.2,3.0
2008-03-05,대구광역시,143.0,4.7,-2.0,11.0,,10.4,3.0
2008-03-06,대구광역시,143.0,5.6,-1.2,12.2,,8.9,3.0
2008-03-07,대구광역시,143.0,6.4,2.1,11.5,,10.1,3.0
2008-03-08,대구광역시,143.0,7.2,-0.9,14.3,,9.6,3.0
2008-03-09,대구광역시,143.0,9.5,3.6,16.3,,7.8,3.0
2008-03-10,대구광역시,143.0,10.3,4.7,17.5,,10.3,3.0
2008-03-11,대구광역시,143.0,12.1,4.5,19.1,,8.4,3.0
2008-03-12,대구광역시,143.0,12.0,5.9,18.7,,7.4,3.0
2008-03-13,대구광역시,143.0,10.9,5.9,16.5,0.5,0.3,3.0
2008-03-14,대구광역시,143.0,10.5,7.1,16.3,0.5,8.0,3.0
2008-03-15,대구광역시,143.0,11.7,4.5,18.9,,9.6,3.0
2008-03-16,대구광역시,143.0,11.7,8.3,17.1,,9.1,3.0
2008-03-17,대구광역시,143.0,11.5,2.8,19.5,,10.4,3.0
2008-03-18,대구광역시,143.0,11.9,5.5,17.8,,1.9,3.0
2008-03-19,대구광역시,143.0,10.8,6.1,15.0,0.0,0.0,3.0
2008-03-20,대구광역시,143.0,8.3,1.3,16.3,,11.2,3.0
2008-03-21,대구광역시,143.0,9.6,1.0,17.9,,9.9,3.0
2008-03-22,대구광역시,143.0,11.4,4.5,17.5,0.4,5.0,3.0
2008-03-23,대구광역시,143.0,10.2,9.1,11.4,11.5,0.0,3.0
2008-03-24,대구광역시,143.0,12.4,6.9,18.7,0.0,10.7,3.0
2008-03-25,대구광역시,143.0,9.6,5.9,15.2,,10.1,3.0
2008-03-26,대구광역시,143.0,8.3,4.4,12.6,,7.7,3.0
2008-03-27,대구광역시,143.0,8.0,3.4,13.5,0.4,2.2,3.0
2008-03-28,대구광역시,143.0,9.0,3.6,15.0,,10.7,3.0
2008-03-29,대구광역시,143.0,8.9,6.5,12.9,3.5,0.4,3.0
2008-03-30,대구광역시,143.0,7.9,5.0,10.8,6.0,0.0,3.0
2008-03-31,대구광역시,143.0,8.6,5.7,12.1,,1.3,3.0
2008-04-01,대구광역시,143.0,10.9,3.4,17.2,,8.9,4.0
2008-04-02,대구광역시,143.0,12.3,7.7,17.7,,5.9,4.0
2008-04-03,대구광역시,143.0,12.9,6.6,19.7,,11.6,4.0
2008-04-04,대구광역시,143.0,14.0,8.2,20.7,,11.0,4.0
2009-02-01,대구광역시,143.0,4.8,-1.0,10.3,,7.7,2.0
2009-02-02,대구광역시,143.0,7.8,1.5,14.3,,8.1,2.0
2009-02-03,대구광역시,143.0,8.4,6.2,11.9,,2.2,2.0
2009-02-04,대구광역시,143.0,7.8,2.5,13.8,,6.2,2.0
2009-02-05,대구광역시,143.0,7.4,2.1,13.0,,6.3,2.0
2009-02-06,대구광역시,143.0,6.3,0.7,12.2,,6.6,2.0
2009-02-07,대구광역시,143.0,6.9,1.9,11.9,,5.9,2.0
2009-02-08,대구광역시,143.0,7.0,1.6,12.7,,8.2,2.0
2009-02-09,대구광역시,143.0,7.1,4.1,11.9,,3.7,2.0
2009-02-10,대구광역시,143.0,5.8,3.0,10.9,,9.3,2.0
2009-02-11,대구광역시,143.0,7.3,0.2,15.7,,7.0,2.0
2009-02-12,대구광역시,143.0,9.5,0.6,16.0,,4.2,2.0
2009-02-13,대구광역시,143.0,17.3,13.0,20.1,4.5,0.2,2.0
2009-02-14,대구광역시,143.0,10.9,6.8,16.1,,7.7,2.0
2009-02-15,대구광역시,143.0,5.2,-0.5,9.7,0.0,1.1,2.0
2009-02-16,대구광역시,143.0,-1.3,-4.3,3.1,,9.5,2.0
2009-02-17,대구광역시,143.0,-0.5,-5.3,4.8,,10.3,2.0
2009-02-18,대구광역시,143.0,1.8,-2.3,6.6,,9.5,2.0
2009-02-19,대구광역시,143.0,2.2,-0.6,6.6,2.5,0.0,2.0
2009-02-20,대구광역시,143.0,2.2,-2.5,6.4,0.5,4.3,2.0
2009-02-21,대구광역시,143.0,1.0,-5.3,8.7,,10.1,2.0
2009-02-22,대구광역시,143.0,2.6,0.4,4.1,12.5,0.0,2.0
2009-02-23,대구광역시,143.0,7.1,2.9,13.1,,4.1,2.0
2009-02-24,대구광역시,143.0,10.3,6.0,15.6,0.5,4.6,2.0
2009-02-25,대구광역시,143.0,9.7,5.4,14.2,3.0,2.7,2.0
2009-02-26,대구광역시,143.0,7.7,3.4,12.0,,5.1,2.0
2009-02-27,대구광역시,143.0,9.1,6.7,13.1,0.0,4.2,2.0
2009-02-28,대구광역시,143.0,8.2,1.3,14.2,,8.1,2.0
2009-03-01,대구광역시,143.0,8.4,3.3,14.4,,10.6,3.0
2009-03-02,대구광역시,143.0,4.6,0.3,7.7,,0.8,3.0
2009-03-03,대구광역시,143.0,3.9,2.3,5.7,2.0,0.0,3.0
2009-03-04,대구광역시,143.0,6.9,2.5,12.7,,6.8,3.0
2009-03-05,대구광역시,143.0,7.6,3.0,13.1,3.0,0.1,3.0
2009-03-06,대구광역시,143.0,6.3,1.3,10.7,0.2,8.0,3.0
2009-03-07,대구광역시,143.0,5.1,-1.0,11.5,,7.8,3.0
2009-03-08,대구광역시,143.0,9.4,2.8,16.6,,9.2,3.0
2009-03-09,대구광역시,143.0,10.3,4.6,17.1,,5.3,3.0
2009-03-10,대구광역시,143.0,9.2,4.9,15.1,,8.8,3.0
2009-03-11,대구광역시,143.0,7.1,3.2,13.2,,6.5,3.0
2009-03-12,대구광역시,143.0,8.5,-0.3,15.6,,6.6,3.0
2009-03-13,대구광역시,143.0,7.4,1.4,10.5,7.0,0.0,3.0
2009-03-14,대구광역시,143.0,2.7,-2.0,8.2,,10.9,3.0
2009-03-15,대구광역시,143.0,7.5,-0.7,15.3,,10.8,3.0
2009-03-16,대구광역시,143.0,13.3,6.0,20.3,,5.7,3.0
2009-03-17,대구광역시,143.0,15.0,6.7,23.3,,9.7,3.0
2009-03-18,대구광역시,143.0,17.1,11.8,22.3,,3.2,3.0
2009-03-19,대구광역시,143.0,19.5,12.5,26.6,0.0,8.8,3.0
2009-03-20,대구광역시,143.0,10.7,7.7,15.5,0.0,5.6,3.0
2009-03-21,대구광역시,143.0,12.3,3.6,19.3,5.5,5.8,3.0
2009-03-22,대구광역시,143.0,14.4,9.7,17.5,1.5,2.7,3.0
2009-03-23,대구광역시,143.0,9.7,5.0,14.9,,7.9,3.0
2009-03-24,대구광역시,143.0,7.2,2.7,12.3,0.0,8.8,3.0
2009-03-25,대구광역시,143.0,5.1,1.1,9.8,0.0,10.6,3.0
2009-03-26,대구광역시,143.0,7.4,0.3,14.8,,8.9,3.0
2009-03-27,대구광역시,143.0,7.4,2.2,13.2,,11.0,3.0
2009-03-28,대구광역시,143.0,8.3,3.5,14.5,,9.8,3.0
2009-03-29,대구광역시,143.0,7.1,3.3,10.9,,6.9,3.0
2009-03-30,대구광역시,143.0,9.6,5.7,14.6,,4.9,3.0
2009-03-31,대구광역시,143.0,9.6,6.3,13.5,0.0,7.3,3.0
2009-04-01,대구광역시,143.0,6.8,3.2,11.0,,5.6,4.0
2009-04-02,대구광역시,143.0,10.5,3.3,17.5,,11.2,4.0
2009-04-03,대구광역시,143.0,13.2,8.3,19.0,,4.8,4.0
2009-04-04,대구광역시,143.0,12.6,10.0,17.3,,8.7,4.0
2009-04-05,대구광역시,143.0,14.3,8.8,21.0,,10.6,4.0
2010-02-01,대구광역시,143.0,3.9,0.7,8.7,,1.2,2.0
2010-02-02,대구광역시,143.0,-0.2,-3.9,3.0,,6.7,2.0
2010-02-03,대구광역시,143.0,-3.5,-6.7,1.5,,9.9,2.0
2010-02-04,대구광역시,143.0,-1.6,-6.5,3.8,,9.3,2.0
2010-02-05,대구광역시,143.0,0.7,-2.0,5.1,,9.2,2.0
2010-02-06,대구광역시,143.0,-0.2,-5.2,6.8,,10.2,2.0
2010-02-07,대구광역시,143.0,2.3,-6.8,9.6,,8.2,2.0
2010-02-08,대구광역시,143.0,5.1,4.2,6.3,1.0,0.0,2.0
2010-02-09,대구광역시,143.0,6.0,4.2,8.3,2.5,0.0,2.0
2010-02-10,대구광역시,143.0,6.5,5.8,7.4,7.5,0.0,2.0
2010-02-11,대구광역시,143.0,3.4,1.7,6.9,9.0,0.0,2.0
2010-02-12,대구광역시,143.0,1.7,0.7,3.7,0.4,0.0,2.0
2010-02-13,대구광역시,143.0,0.8,-0.7,3.8,2.2,2.7,2.0
2010-02-14,대구광역시,143.0,0.7,-2.4,4.3,,0.0,2.0
2010-02-15,대구광역시,143.0,2.3,-2.1,8.8,,6.7,2.0
2010-02-16,대구광역시,143.0,1.0,-1.8,6.3,,8.2,2.0
2010-02-17,대구광역시,143.0,0.7,-2.7,4.3,,5.0,2.0
2010-02-18,대구광역시,143.0,0.4,-2.1,4.2,,8.6,2.0
2010-02-19,대구광역시,143.0,0.7,-4.4,7.1,0.0,9.1,2.0
2010-02-20,대구광역시,143.0,3.9,-2.4,11.1,,9.9,2.0
2010-02-21,대구광역시,143.0,5.4,-2.1,12.9,,7.1,2.0
2010-02-22,대구광역시,143.0,7.7,1.1,15.5,,9.0,2.0
2010-02-23,대구광역시,143.0,9.0,0.7,18.0,,9.6,2.0
2010-02-24,대구광역시,143.0,12.7,2.1,20.4,,7.3,2.0
2010-02-25,대구광역시,143.0,16.1,15.1,18.6,33.5,0.0,2.0
2010-02-26,대구광역시,143.0,9.1,5.2,15.4,1.5,0.0,2.0
2010-02-27,대구광역시,143.0,6.4,5.4,7.4,0.5,0.0,2.0
2010-02-28,대구광역시,143.0,8.0,2.6,14.1,,7.5,2.0
2010-03-01,대구광역시,143.0,6.7,4.7,9.4,12.0,0.0,3.0
2010-03-02,대구광역시,143.0,5.8,3.9,7.6,0.1,0.0,3.0
2010-03-03,대구광역시,143.0,6.0,0.7,10.2,,8.6,3.0
2010-03-04,대구광역시,143.0,7.2,5.8,8.4,4.0,0.0,3.0
2010-03-05,대구광역시,143.0,8.4,6.9,10.2,1.0,0.0,3.0
2010-03-06,대구광역시,143.0,6.3,3.1,8.9,2.0,0.2,3.0
2010-03-07,대구광역시,143.0,3.9,2.5,5.6,1.0,0.0,3.0
2010-03-08,대구광역시,143.0,4.3,2.9,6.9,,1.9,3.0
2010-03-09,대구광역시,143.0,3.4,0.9,6.4,2.0,0.5,3.0
2010-03-10,대구광역시,143.0,0.0,-2.7,3.5,9.0,4.7,3.0
2010-03-11,대구광역시,143.0,3.7,-1.8,10.1,,11.0,3.0
2010-03-12,대구광역시,143.0,10.5,2.5,16.4,,5.3,3.0
2010-03-13,대구광역시,143.0,9.2,5.5,14.6,,5.1,3.0
2010-03-14,대구광역시,143.0,8.6,3.1,12.4,,1.2,3.0
2010-03-15,대구광역시,143.0,11.5,7.6,16.1,8.5,0.3,3.0
2010-03-16,대구광역시,143.0,4.6,1.4,9.0,,8.7,3.0
2010-03-17,대구광역시,143.0,4.2,-0.3,8.9,,5.8,3.0
2010-03-18,대구광역시,143.0,3.4,1.3,7.8,2.0,4.6,3.0
2010-03-19,대구광역시,143.0,7.6,-1.8,16.7,,9.7,3.0
2010-03-20,대구광역시,143.0,15.7,9.9,24.5,0.0,5.1,3.0
2010-03-21,대구광역시,143.0,6.7,2.8,11.3,,11.2,3.0
2010-03-22,대구광역시,143.0,6.5,3.6,9.1,0.0,0.0,3.0
2010-03-23,대구광역시,143.0,8.6,6.0,12.5,0.0,0.0,3.0
2010-03-24,대구광역시,143.0,8.9,6.3,12.4,,0.3,3.0
2010-03-25,대구광역시,143.0,5.7,2.9,7.9,8.0,0.0,3.0
2010-03-26,대구광역시,143.0,4.7,0.0,10.0,,11.2,3.0
2010-03-27,대구광역시,143.0,7.5,0.1,13.4,,2.6,3.0
2010-03-28,대구광역시,143.0,9.0,4.7,16.1,,9.3,3.0
2010-03-29,대구광역시,143.0,7.2,2.8,15.2,,11.3,3.0
2010-03-30,대구광역시,143.0,9.0,4.4,13.4,,1.4,3.0
2010-03-31,대구광역시,143.0,8.9,6.8,10.4,9.5,0.0,3.0
2010-04-01,대구광역시,143.0,9.9,6.8,12.2,20.5,0.0,4.0
2010-04-02,대구광역시,143.0,9.4,4.4,15.6,,10.1,4.0
2010-04-03,대구광역시,143.0,8.4,3.8,14.5,,11.6,4.0
2010-04-04,대구광역시,143.0,10.7,1.9,19.1,,10.9,4.0
2010-04-05,대구광역시,143.0,14.8,8.9,22.4,,8.4,4.0
2011-02-01,대구광역시,143.0,1.9,-3.3,8.7,,9.1,2.0
2011-02-02,대구광역시,143.0,3.7,-2.4,10.7,,8.6,2.0
2011-02-03,대구광역시,143.0,3.3,-3.4,11.1,,9.3,2.0
2011-02-04,대구광역시,143.0,4.2,-2.7,11.9,,8.6,2.0
2011-02-05,대구광역시,143.0,4.8,-0.8,11.5,,9.1,2.0
2011-02-06,대구광역시,143.0,5.8,-0.3,11.9,,5.5,2.0
2011-02-07,대구광역시,143.0,5.4,1.3,10.2,,6.9,2.0
2011-02-08,대구광역시,143.0,3.8,2.1,5.2,1.0,0.0,2.0
2011-02-09,대구광역시,143.0,3.8,0.1,8.6,,8.4,2.0
2011-02-10,대구광역시,143.0,1.8,-2.6,5.3,,0.0,2.0
2011-02-11,대구광역시,143.0,1.4,-1.0,4.4,0.4,0.0,2.0
2011-02-12,대구광역시,143.0,-1.0,-3.6,3.8,,8.5,2.0
2011-02-13,대구광역시,143.0,-0.7,-6.0,5.0,,6.8,2.0
2011-02-14,대구광역시,143.0,-1.2,-2.6,0.9,8.0,0.0,2.0
2011-02-15,대구광역시,143.0,1.1,-4.9,6.9,,9.6,2.0
2011-02-16,대구광역시,143.0,3.2,-3.9,10.0,0.5,6.2,2.0
2011-02-17,대구광역시,143.0,3.4,2.1,4.9,8.0,0.0,2.0
2011-02-18,대구광역시,143.0,4.0,-0.8,9.2,,8.6,2.0
2011-02-19,대구광역시,143.0,5.1,-1.2,11.2,,7.7,2.0
2011-02-20,대구광역시,143.0,5.7,-0.4,12.6,,7.6,2.0
2011-02-21,대구광역시,143.0,5.7,0.8,11.3,,9.3,2.0
2011-02-22,대구광역시,143.0,7.1,1.9,12.9,,5.6,2.0
2011-02-23,대구광역시,143.0,7.4,0.5,15.2,,8.9,2.0
2011-02-24,대구광역시,143.0,10.9,2.3,19.4,,10.0,2.0
2011-02-25,대구광역시,143.0,8.4,4.4,13.9,,5.4,2.0
2011-02-26,대구광역시,143.0,7.1,1.0,12.8,,10.1,2.0
2011-02-27,대구광역시,143.0,6.1,4.4,7.9,41.5,0.0,2.0
2011-02-28,대구광역시,143.0,6.4,5.5,8.1,5.0,0.0,2.0
2011-03-01,대구광역시,143.0,5.2,1.8,8.8,4.0,2.7,3.0
2011-03-02,대구광역시,143.0,1.6,-1.0,6.6,,10.4,3.0
2011-03-03,대구광역시,143.0,0.8,-3.4,5.7,,10.4,3.0
2011-03-04,대구광역시,143.0,3.0,-1.9,8.8,,10.9,3.0
2011-03-05,대구광역시,143.0,5.4,-0.2,11.0,,7.0,3.0
2011-03-06,대구광역시,143.0,7.7,3.0,12.9,,7.2,3.0
2011-03-07,대구광역시,143.0,5.8,2.0,10.0,,10.0,3.0
2011-03-08,대구광역시,143.0,5.0,-0.2,11.1,,10.7,3.0
2011-03-09,대구광역시,143.0,3.6,0.3,7.9,,8.8,3.0
2011-03-10,대구광역시,143.0,4.4,-0.8,11.4,,10.9,3.0
2011-03-11,대구광역시,143.0,7.5,0.9,13.8,,10.8,3.0
2011-03-12,대구광역시,143.0,9.6,2.4,17.3,,8.1,3.0
2011-03-13,대구광역시,143.0,11.9,3.7,20.2,,10.5,3.0
2011-03-14,대구광역시,143.0,12.9,7.6,20.1,,5.5,3.0
2011-03-15,대구광역시,143.0,6.7,0.0,10.6,,7.7,3.0
2011-03-16,대구광역시,143.0,2.5,-1.2,7.5,,9.1,3.0
2011-03-17,대구광역시,143.0,4.1,-1.1,10.2,,11.4,3.0
2011-03-18,대구광역시,143.0,7.6,-1.0,14.6,,4.7,3.0
2011-03-19,대구광역시,143.0,12.8,6.7,18.3,,4.8,3.0
2011-03-20,대구광역시,143.0,8.6,6.8,13.0,12.5,0.0,3.0
2011-03-21,대구광역시,143.0,10.0,6.2,13.8,,2.5,3.0
2011-03-22,대구광역시,143.0,5.8,2.4,10.3,,6.3,3.0
2011-03-23,대구광역시,143.0,4.7,-0.6,10.3,,11.5,3.0
2011-03-24,대구광역시,143.0,7.3,1.0,12.6,0.0,8.1,3.0
2011-03-25,대구광역시,143.0,4.8,2.3,8.8,,10.5,3.0
2011-03-26,대구광역시,143.0,5.7,0.5,11.2,,11.3,3.0
2011-03-27,대구광역시,143.0,8.4,1.6,13.8,,8.3,3.0
2011-03-28,대구광역시,143.0,9.6,4.9,15.2,0.0,8.6,3.0
2011-03-29,대구광역시,143.0,8.3,2.3,13.5,,9.4,3.0
2011-03-30,대구광역시,143.0,11.5,4.0,19.0,,11.4,3.0
2011-03-31,대구광역시,143.0,14.3,6.0,22.5,,11.3,3.0
2011-04-01,대구광역시,143.0,15.1,6.6,23.4,,11.4,4.0
2011-04-02,대구광역시,143.0,10.9,8.0,14.2,0.0,7.9,4.0
2011-04-03,대구광역시,143.0,8.0,5.3,12.7,4.5,1.0,4.0
2011-04-04,대구광역시,143.0,8.5,1.8,15.3,,12.1,4.0
2011-04-05,대구광역시,143.0,11.5,2.5,20.2,,11.8,4.0
2012-02-01,대구광역시,143.0,-4.4,-8.6,2.8,2.0,9.8,2.0
2012-02-02,대구광역시,143.0,-8.7,-12.4,-4.6,,9.8,2.0
2012-02-03,대구광역시,143.0,-5.1,-10.4,0.9,,10.1,2.0
2012-02-04,대구광역시,143.0,-1.0,-7.6,5.5,,8.1,2.0
2012-02-05,대구광역시,143.0,1.2,-3.5,7.5,,5.0,2.0
2012-02-06,대구광역시,143.0,2.7,-3.1,6.8,,2.1,2.0
2012-02-07,대구광역시,143.0,-1.2,-7.4,5.1,,8.7,2.0
2012-02-08,대구광역시,143.0,-5.0,-9.5,-0.2,,8.9,2.0
2012-02-09,대구광역시,143.0,-1.1,-5.2,3.0,0.0,9.1,2.0
2012-02-10,대구광역시,143.0,0.9,-2.5,5.2,,8.0,2.0
2012-02-11,대구광역시,143.0,0.2,-4.0,5.5,,10.4,2.0
2012-02-12,대구광역시,143.0,2.1,-5.6,8.6,,9.3,2.0
2012-02-13,대구광역시,143.0,2.3,-0.2,4.5,0.1,0.0,2.0
2012-02-14,대구광역시,143.0,4.2,-0.1,10.1,4.5,3.5,2.0
2012-02-15,대구광역시,143.0,5.3,3.2,9.9,,6.6,2.0
2012-02-16,대구광역시,143.0,2.3,-0.5,6.3,,9.7,2.0
2012-02-17,대구광역시,143.0,-2.3,-4.2,1.3,,10.2,2.0
2012-02-18,대구광역시,143.0,-3.4,-6.9,1.3,,10.4,2.0
2012-02-19,대구광역시,143.0,-1.3,-5.7,4.1,,10.5,2.0
2012-02-20,대구광역시,143.0,2.0,-6.2,8.4,,9.9,2.0
2012-02-21,대구광역시,143.0,1.7,-2.9,6.9,0.5,1.8,2.0
2012-02-22,대구광역시,143.0,5.0,0.7,9.1,,0.2,2.0
2012-02-23,대구광역시,143.0,8.5,5.2,13.5,,8.0,2.0
2012-02-24,대구광역시,143.0,6.3,4.9,8.8,,5.4,2.0
2012-02-25,대구광역시,143.0,4.5,2.4,6.9,,1.8,2.0
2012-02-26,대구광역시,143.0,2.4,0.3,5.9,,2.2,2.0
2012-02-27,대구광역시,143.0,2.7,-2.3,9.5,,10.7,2.0
2012-02-28,대구광역시,143.0,3.5,-1.4,7.5,0.0,0.3,2.0
2012-02-29,대구광역시,143.0,6.9,1.4,12.1,,8.0,2.0
2012-03-01,대구광역시,143.0,8.7,2.6,15.9,,7.3,3.0
2012-03-02,대구광역시,143.0,7.6,6.5,8.9,1.5,0.0,3.0
2012-03-03,대구광역시,143.0,6.8,4.4,10.5,,4.9,3.0
2012-03-04,대구광역시,143.0,6.0,3.2,9.8,3.5,0.5,3.0
2012-03-05,대구광역시,143.0,6.0,4.4,7.7,18.0,0.0,3.0
2012-03-06,대구광역시,143.0,6.5,4.4,12.1,5.5,4.8,3.0
2012-03-07,대구광역시,143.0,6.9,2.2,12.5,,7.3,3.0
2012-03-08,대구광역시,143.0,7.3,3.2,12.6,,7.6,3.0
2012-03-09,대구광역시,143.0,6.8,1.8,12.6,,7.7,3.0
2012-03-10,대구광역시,143.0,7.5,4.6,12.2,,7.3,3.0
2012-03-11,대구광역시,143.0,1.9,-1.7,5.9,0.0,9.5,3.0
2012-03-12,대구광역시,143.0,1.2,-3.4,7.2,,11.4,3.0
2012-03-13,대구광역시,143.0,3.7,-1.5,9.9,,11.1,3.0
2012-03-14,대구광역시,143.0,6.7,-2.1,14.6,,10.1,3.0
2012-03-15,대구광역시,143.0,8.5,4.4,14.3,,10.3,3.0
2012-03-16,대구광역시,143.0,7.4,4.3,10.5,2.5,0.2,3.0
2012-03-17,대구광역시,143.0,10.4,7.9,15.5,1.0,0.7,3.0
2012-03-18,대구광역시,143.0,11.5,6.6,17.6,0.1,6.2,3.0
2012-03-19,대구광역시,143.0,7.6,4.4,12.4,,8.4,3.0
2012-03-20,대구광역시,143.0,6.7,2.1,12.2,,10.8,3.0
2012-03-21,대구광역시,143.0,8.3,1.6,15.5,,11.1,3.0
2012-03-22,대구광역시,143.0,7.7,5.6,10.1,6.5,0.9,3.0
2012-03-23,대구광역시,143.0,7.4,6.1,8.4,18.5,0.0,3.0
2012-03-24,대구광역시,143.0,6.5,3.5,11.5,,8.0,3.0
2012-03-25,대구광역시,143.0,5.6,2.9,10.3,,10.9,3.0
2012-03-26,대구광역시,143.0,6.6,0.7,12.3,,11.8,3.0
2012-03-27,대구광역시,143.0,11.2,2.1,19.4,,10.8,3.0
2012-03-28,대구광역시,143.0,11.9,6.9,19.5,,10.9,3.0
2012-03-29,대구광역시,143.0,13.3,3.9,20.8,,8.4,3.0
2012-03-30,대구광역시,143.0,14.5,11.4,17.3,25.0,0.0,3.0
2012-03-31,대구광역시,143.0,9.2,5.3,14.1,,11.2,3.0
2012-04-01,대구광역시,143.0,7.7,2.4,13.8,,11.4,4.0
2012-04-02,대구광역시,143.0,12.5,3.3,20.9,0.5,8.9,4.0
2012-04-03,대구광역시,143.0,9.3,4.6,15.4,15.5,3.2,4.0
2012-04-04,대구광역시,143.0,11.2,2.6,18.7,,11.3,4.0
2013-02-01,대구광역시,143.0,9.9,6.4,12.9,13.0,0.0,2.0
2013-02-02,대구광역시,143.0,6.2,1.0,11.3,,9.0,2.0
2013-02-03,대구광역시,143.0,1.3,-2.3,3.7,1.0,3.6,2.0
2013-02-04,대구광역시,143.0,2.9,0.1,7.8,5.0,6.6,2.0
2013-02-05,대구광역시,143.0,1.7,-1.3,4.5,1.5,0.0,2.0
2013-02-06,대구광역시,143.0,3.1,0.0,6.9,1.5,6.5,2.0
2013-02-07,대구광역시,143.0,-4.2,-9.7,0.8,,7.1,2.0
2013-02-08,대구광역시,143.0,-6.5,-12.5,-0.5,,9.7,2.0
2013-02-09,대구광역시,143.0,-2.8,-6.5,2.0,,10.0,2.0
2013-02-10,대구광역시,143.0,0.2,-4.4,6.4,,9.0,2.0
2013-02-11,대구광역시,143.0,-0.1,-4.3,5.2,,10.0,2.0
2013-02-12,대구광역시,143.0,-0.5,-1.7,1.8,0.8,0.4,2.0
2013-02-13,대구광역시,143.0,1.2,-3.4,6.8,,10.1,2.0
2013-02-14,대구광역시,143.0,4.4,-0.9,9.4,,8.1,2.0
2013-02-15,대구광역시,143.0,3.7,-1.8,8.3,,9.6,2.0
2013-02-16,대구광역시,143.0,0.5,-4.2,6.3,,10.3,2.0
2013-02-17,대구광역시,143.0,2.3,-1.6,6.1,0.5,0.9,2.0
2013-02-18,대구광역시,143.0,4.5,2.4,8.3,4.0,1.8,2.0
2013-02-19,대구광역시,143.0,1.8,-1.8,6.6,,5.1,2.0
2013-02-20,대구광역시,143.0,0.0,-4.4,5.2,,10.5,2.0
2013-02-21,대구광역시,143.0,2.2,-1.7,7.0,,10.3,2.0
2013-02-22,대구광역시,143.0,3.2,-1.6,7.8,0.0,4.2,2.0
2013-02-23,대구광역시,143.0,1.8,-2.4,6.3,,10.7,2.0
2013-02-24,대구광역시,143.0,4.4,-0.1,10.2,,9.1,2.0
2013-02-25,대구광역시,143.0,5.5,-0.5,12.0,,8.1,2.0
2013-02-26,대구광역시,143.0,5.8,1.2,11.3,,1.2,2.0
2013-02-27,대구광역시,143.0,9.2,3.2,15.3,,10.0,2.0
2013-02-28,대구광역시,143.0,10.7,1.6,19.4,,9.4,2.0
2013-03-01,대구광역시,143.0,7.2,-0.4,12.9,4.5,6.9,3.0
2013-03-02,대구광역시,143.0,2.1,-2.3,7.8,,10.5,3.0
2013-03-03,대구광역시,143.0,3.5,-2.1,9.5,,10.6,3.0
2013-03-04,대구광역시,143.0,5.9,-0.9,12.6,,10.0,3.0
2013-03-05,대구광역시,143.0,8.5,0.9,15.7,,11.0,3.0
2013-03-06,대구광역시,143.0,9.9,1.2,19.0,,9.1,3.0
2013-03-07,대구광역시,143.0,12.9,7.4,17.8,,4.7,3.0
2013-03-08,대구광역시,143.0,13.7,5.0,22.2,,7.3,3.0
2013-03-09,대구광역시,143.0,17.1,6.4,26.9,,10.0,3.0
2013-03-10,대구광역시,143.0,10.9,4.7,20.9,,10.4,3.0
2013-03-11,대구광역시,143.0,7.6,0.0,15.0,,11.1,3.0
2013-03-12,대구광역시,143.0,12.1,2.8,19.6,,8.9,3.0
2013-03-13,대구광역시,143.0,10.1,3.6,16.0,11.5,0.0,3.0
2013-03-14,대구광역시,143.0,6.2,3.7,10.6,0.1,6.0,3.0
2013-03-15,대구광역시,143.0,9.0,2.1,16.4,,10.8,3.0
2013-03-16,대구광역시,143.0,11.5,6.0,19.1,,10.4,3.0
2013-03-17,대구광역시,143.0,11.3,3.2,20.4,12.0,9.1,3.0
2013-03-18,대구광역시,143.0,13.5,9.3,20.0,26.5,8.4,3.0
2013-03-19,대구광역시,143.0,14.6,7.7,21.3,,8.3,3.0
2013-03-20,대구광역시,143.0,9.2,0.5,15.2,,5.0,3.0
2013-03-21,대구광역시,143.0,5.0,-2.0,12.5,,11.5,3.0
2013-03-22,대구광역시,143.0,8.2,2.6,13.8,,3.0,3.0
2013-03-23,대구광역시,143.0,9.8,4.2,16.5,,9.2,3.0
2013-03-24,대구광역시,143.0,10.2,5.5,16.0,,9.6,3.0
2013-03-25,대구광역시,143.0,7.1,3.2,12.2,,11.6,3.0
2013-03-26,대구광역시,143.0,8.1,0.0,16.1,,11.0,3.0
2013-03-27,대구광역시,143.0,12.8,4.4,19.9,,11.1,3.0
2013-03-28,대구광역시,143.0,15.0,9.3,21.8,,11.1,3.0
2013-03-29,대구광역시,143.0,10.6,6.7,16.3,,10.4,3.0
2013-03-30,대구광역시,143.0,9.5,3.8,15.3,0.0,6.3,3.0
2013-03-31,대구광역시,143.0,9.8,6.6,16.1,0.5,8.5,3.0
2013-04-01,대구광역시,143.0,11.2,3.4,19.6,,9.5,4.0
2013-04-02,대구광역시,143.0,10.2,7.1,18.6,,7.7,4.0
2013-04-03,대구광역시,143.0,13.9,7.3,21.8,,10.4,4.0
2013-04-04,대구광역시,143.0,14.6,10.5,21.9,,9.8,4.0
2013-04-05,대구광역시,143.0,14.6,6.9,21.3,,6.2,4.0
2014-02-01,대구광역시,159.5,9.25,1.7000000000000002,18.9,0.0,6.699999999999999,2.0
2014-02-02,대구광역시,159.5,12.15,6.95,19.85,,6.050000000000001,2.0
2014-02-03,대구광역시,159.5,5.25,-3.4000000000000004,10.85,,4.05,2.0
2014-02-04,대구광역시,159.5,-3.95,-7.25,0.7,,10.1,2.0
2014-02-05,대구광역시,159.5,-2.8,-6.449999999999999,2.3,,4.7,2.0
2014-02-06,대구광역시,159.5,-0.4,-4.3,2.95,0.0,0.65,2.0
2014-02-07,대구광역시,159.5,2.25,-1.5499999999999998,5.6,0.05,0.0,2.0
2014-02-08,대구광역시,159.5,3.6,1.7999999999999998,6.8,0.0,0.15,2.0
2014-02-09,대구광역시,159.5,2.45,1.25,5.35,0.5,1.65,2.0
2014-02-10,대구광역시,159.5,1.55,-0.65,4.1,0.0,0.85,2.0
2014-02-11,대구광역시,159.5,0.25,-3.75,4.35,0.0,6.95,2.0
2014-02-12,대구광역시,159.5,1.15,-3.5,5.9,0.0,5.300000000000001,2.0
2014-02-13,대구광역시,159.5,1.75,-1.45,3.9,0.0,0.0,2.0
2014-02-14,대구광역시,159.5,2.75,1.55,4.05,0.0,0.35,2.0
2014-02-15,대구광역시,159.5,3.75,-1.5,9.9,,9.9,2.0
2014-02-16,대구광역시,159.5,4.05,-3.05,12.05,,6.4,2.0
2014-02-17,대구광역시,159.5,4.95,2.3,9.2,0.45,2.4,2.0
2014-02-18,대구광역시,159.5,2.85,0.65,5.85,,1.4500000000000002,2.0
2014-02-19,대구광역시,159.5,2.15,-0.2499999999999999,5.45,,1.6,2.0
2014-02-20,대구광역시,159.5,3.55,-2.8,10.2,,9.55,2.0
2014-02-21,대구광역시,159.5,3.65,-1.7999999999999998,9.6,,9.9,2.0
2014-02-22,대구광역시,159.5,4.15,-2.75,11.05,,9.85,2.0
2014-02-23,대구광역시,159.5,5.1,-1.5,12.05,,8.2,2.0
2014-02-24,대구광역시,159.5,6.75,-0.5,13.7,,8.350000000000001,2.0
2014-02-25,대구광역시,159.5,8.55,1.25,15.1,,7.300000000000001,2.0
2014-02-26,대구광역시,159.5,6.8,3.5,10.15,6.25,0.0,2.0
2014-02-27,대구광역시,159.5,11.55,7.6,17.95,,6.8,2.0
2014-02-28,대구광역시,159.5,8.850000000000001,6.4,11.1,,0.4499999999999999,2.0
2014-03-01,대구광역시,159.5,8.9,7.15,11.15,1.0,0.0,3.0
2014-03-02,대구광역시,159.5,7.65,3.7,12.05,0.0,7.25,3.0
2014-03-03,대구광역시,159.5,5.550000000000001,-0.6499999999999999,12.2,,10.6,3.0
2014-03-04,대구광역시,159.5,6.300000000000001,-0.4999999999999999,11.3,,3.1,3.0
2014-03-05,대구광역시,159.5,5.15,1.3,9.75,,10.4,3.0
2014-03-06,대구광역시,159.5,3.2,-1.05,7.649999999999999,,9.4,3.0
2014-03-07,대구광역시,159.5,2.85,-1.35,7.15,,10.95,3.0
2014-03-08,대구광역시,159.5,4.6,0.2,9.6,,7.25,3.0
2014-03-09,대구광역시,159.5,4.0,0.8500000000000001,8.3,0.0,5.3,3.0
2014-03-10,대구광역시,159.5,4.4,-0.9,11.0,,11.1,3.0
2014-03-11,대구광역시,159.5,7.449999999999999,-1.4,16.65,,10.25,3.0
2014-03-12,대구광역시,159.5,6.4,3.3,8.2,35.25,0.05,3.0
2014-03-13,대구광역시,159.5,4.1,1.7999999999999998,7.0,18.25,0.0,3.0
2014-03-14,대구광역시,159.5,4.45,0.55,8.8,0.0,9.2,3.0
2014-03-15,대구광역시,159.5,8.2,-0.5499999999999999,16.1,,10.65,3.0
2014-03-16,대구광역시,159.5,12.25,5.5,20.45,,9.1,3.0
2014-03-17,대구광역시,159.5,13.5,4.25,21.95,,9.55,3.0
2014-03-18,대구광역시,159.5,15.5,9.0,22.5,0.0,8.55,3.0
2014-03-19,대구광역시,159.5,9.9,8.3,13.45,,2.4000000000000004,3.0
2014-03-20,대구광역시,159.5,7.0,3.4000000000000004,12.2,4.25,2.2,3.0
2014-03-21,대구광역시,159.5,5.65,2.05,10.2,,10.05,3.0
2014-03-22,대구광역시,159.5,9.2,-0.15,17.7,,11.15,3.0
2014-03-23,대구광역시,159.5,12.9,4.050000000000001,20.6,,11.05,3.0
2014-03-24,대구광역시,159.5,13.4,4.75,20.25,,8.649999999999999,3.0
2014-03-25,대구광역시,159.5,14.95,11.9,19.450000000000003,10.25,2.1500000000000004,3.0
2014-03-26,대구광역시,159.5,14.45,11.7,18.05,14.25,0.95,3.0
2014-03-27,대구광역시,159.5,15.8,10.1,24.1,,8.5,3.0
2014-03-28,대구광역시,159.5,17.25,8.35,25.9,,8.0,3.0
2014-03-29,대구광역시,159.5,15.0,13.1,17.0,14.75,0.0,3.0
2014-03-30,대구광역시,159.5,13.9,10.0,19.75,10.5,4.6,3.0
2014-03-31,대구광역시,159.5,13.6,6.800000000000001,21.2,,5.8,3.0
2014-04-01,대구광역시,159.5,15.7,7.9,23.6,,10.8,4.0
2014-04-02,대구광역시,159.5,16.8,8.55,25.15,,10.7,4.0
2014-04-03,대구광역시,159.5,13.65,7.4,20.75,3.25,1.3,4.0
2014-04-04,대구광역시,159.5,8.75,4.550000000000001,13.9,,9.1,4.0
2014-04-05,대구광역시,159.5,8.5,4.0,14.95,,8.55,4.0
2015-02-01,대구광역시,159.5,0.0499999999999999,-6.6,7.45,,9.95,2.0
2015-02-02,대구광역시,159.5,1.1,-4.95,8.75,,7.899999999999999,2.0
2015-02-03,대구광역시,159.5,2.85,-3.25,9.35,,6.85,2.0
2015-02-04,대구광역시,159.5,3.25,-0.6,8.100000000000001,,5.6,2.0
2015-02-05,대구광역시,159.5,2.95,0.6499999999999999,6.75,,8.1,2.0
2015-02-06,대구광역시,159.5,3.15,-1.9,9.3,,9.6,2.0
2015-02-07,대구광역시,159.5,3.7,-0.8999999999999999,9.15,,6.300000000000001,2.0
2015-02-08,대구광역시,159.5,-2.5,-7.15,4.4,,10.0,2.0
2015-02-09,대구광역시,159.5,-3.3,-9.15,1.9,,10.2,2.0
2015-02-10,대구광역시,159.5,4.1,-0.65,9.85,,9.3,2.0
2015-02-11,대구광역시,159.5,4.800000000000001,-2.25,11.4,,7.25,2.0
2015-02-12,대구광역시,159.5,2.65,-1.4,6.0,,9.6,2.0
2015-02-13,대구광역시,159.5,0.95,-3.55,6.1,,10.2,2.0
2015-02-14,대구광역시,159.5,3.95,-2.8,11.35,,10.05,2.0
2015-02-15,대구광역시,159.5,5.449999999999999,-1.4500000000000002,10.6,0.2,1.75,2.0
2015-02-16,대구광역시,159.5,5.550000000000001,4.800000000000001,7.3,8.75,0.0,2.0
2015-02-17,대구광역시,159.5,4.7,2.55,8.350000000000001,0.1,4.3,2.0
2015-02-18,대구광역시,159.5,3.55,2.1,6.75,,2.75,2.0
2015-02-19,대구광역시,159.5,4.05,-0.85,10.05,,9.5,2.0
2015-02-20,대구광역시,159.5,5.050000000000001,-2.15,12.0,,9.05,2.0
2015-02-21,대구광역시,159.5,6.699999999999999,4.55,7.899999999999999,1.5,0.0,2.0
2015-02-22,대구광역시,159.5,8.899999999999999,3.5,14.25,0.05,4.949999999999999,2.0
2015-02-23,대구광역시,159.5,5.1,1.4,10.85,,6.800000000000001,2.0
2015-02-24,대구광역시,159.5,5.3,2.15,11.25,,8.05,2.0
2015-02-25,대구광역시,159.5,6.0,1.2,11.0,,1.9,2.0
2015-02-26,대구광역시,159.5,5.0,-0.2,10.25,,6.15,2.0
2015-02-27,대구광역시,159.5,0.95,-2.45,5.0,,9.65,2.0
2015-02-28,대구광역시,159.5,1.9,-2.8,6.699999999999999,2.5,0.5,2.0
2015-03-01,대구광역시,159.5,3.9,0.5,8.15,3.0,6.2,3.0
2015-03-02,대구광역시,159.5,5.15,-0.75,12.3,,10.6,3.0
2015-03-03,대구광역시,159.5,2.75,1.1,4.35,5.5,0.25,3.0
2015-03-04,대구광역시,159.5,1.6,-1.3,6.1,,10.35,3.0
2015-03-05,대구광역시,159.5,2.15,-3.1,8.1,,9.3,3.0
2015-03-06,대구광역시,159.5,4.8,-1.8,12.25,,10.55,3.0
2015-03-07,대구광역시,159.5,6.7,0.2,14.1,,10.6,3.0
2015-03-08,대구광역시,159.5,7.3,-0.5,15.1,,9.7,3.0
2015-03-09,대구광역시,159.5,6.8,-2.4000000000000004,14.55,,8.8,3.0
2015-03-10,대구광역시,159.5,-0.65,-5.05,3.95,,11.15,3.0
2015-03-11,대구광역시,159.5,3.95,-1.15,9.95,,9.5,3.0
2015-03-12,대구광역시,159.5,5.050000000000001,-0.7,11.85,,10.95,3.0
2015-03-13,대구광역시,159.5,6.55,0.75,11.05,,1.75,3.0
2015-03-14,대구광역시,159.5,7.55,0.5,13.45,,9.25,3.0
2015-03-15,대구광역시,159.5,9.4,1.1,17.9,,10.35,3.0
2015-03-16,대구광역시,159.5,11.7,3.25,21.65,,8.899999999999999,3.0
2015-03-17,대구광역시,159.5,14.8,5.2,23.6,,7.1,3.0
2015-03-18,대구광역시,159.5,9.8,8.35,14.65,38.25,0.0,3.0
2015-03-19,대구광역시,159.5,12.1,8.4,18.65,0.0,6.050000000000001,3.0
2015-03-20,대구광역시,159.5,13.8,9.4,20.200000000000003,,6.25,3.0
2015-03-21,대구광역시,159.5,15.1,8.1,22.25,,10.1,3.0
2015-03-22,대구광역시,159.5,12.75,7.65,18.450000000000003,,9.95,3.0
2015-03-23,대구광역시,159.5,7.5,2.8,12.95,,11.65,3.0
2015-03-24,대구광역시,159.5,7.5,1.2,13.8,,11.15,3.0
2015-03-25,대구광역시,159.5,8.5,0.3,15.9,,11.5,3.0
2015-03-26,대구광역시,159.5,11.55,2.65,19.3,,11.55,3.0
2015-03-27,대구광역시,159.5,13.0,5.050000000000001,19.55,,8.05,3.0
2015-03-28,대구광역시,159.5,14.3,4.85,22.45,,9.35,3.0
2015-03-29,대구광역시,159.5,15.1,9.85,21.05,,9.55,3.0
2015-03-30,대구광역시,159.5,15.45,6.9,23.75,,10.6,3.0
2015-03-31,대구광역시,159.5,14.0,10.3,16.0,0.7,0.35,3.0
2015-04-01,대구광역시,159.5,11.9,9.3,15.15,0.15,0.0,4.0
2015-04-02,대구광역시,159.5,13.25,9.4,19.55,0.6,0.7,4.0
2015-04-03,대구광역시,159.5,17.5,10.55,22.75,0.5,6.7,4.0
2015-04-04,대구광역시,159.5,10.5,7.8,15.9,14.5,5.65,4.0
2015-04-05,대구광역시,159.5,10.25,7.75,12.25,5.0,0.1,4.0
2016-02-01,대구광역시,143.0,-1.2,-3.7,2.7,,9.6,2.0
2016-02-02,대구광역시,143.0,-1.9,-5.3,3.9,,10.0,2.0
2016-02-03,대구광역시,143.0,-0.4,-6.1,5.3,,9.9,2.0
2016-02-04,대구광역시,143.0,2.3,-2.4,6.5,,7.6,2.0
2016-02-05,대구광역시,143.0,1.8,-1.8,6.0,,9.8,2.0
2016-02-06,대구광역시,143.0,0.2,-4.4,4.5,,9.4,2.0
2016-02-07,대구광역시,143.0,0.0,-5.4,6.5,,9.7,2.0
2016-02-08,대구광역시,143.0,2.6,-5.6,8.9,,8.8,2.0
2016-02-09,대구광역시,143.0,3.9,-0.6,7.9,,10.1,2.0
2016-02-10,대구광역시,143.0,3.3,-4.3,11.9,,10.2,2.0
2016-02-11,대구광역시,143.0,5.5,-2.8,13.3,,4.9,2.0
2016-02-12,대구광역시,143.0,9.7,5.7,12.6,5.0,0.0,2.0
2016-02-13,대구광역시,143.0,13.0,10.3,15.9,7.5,0.2,2.0
2016-02-14,대구광역시,143.0,4.2,-2.2,15.6,0.0,4.5,2.0
2016-02-15,대구광역시,143.0,-2.2,-5.2,0.9,,10.3,2.0
2016-02-16,대구광역시,143.0,1.1,-2.4,4.9,0.0,5.2,2.0
2016-02-17,대구광역시,143.0,2.8,-1.7,7.4,,10.3,2.0
2016-02-18,대구광역시,143.0,3.7,-2.7,10.6,,8.4,2.0
2016-02-19,대구광역시,143.0,5.4,-0.7,11.1,,4.9,2.0
2016-02-20,대구광역시,143.0,5.6,2.1,10.8,,6.5,2.0
2016-02-21,대구광역시,143.0,2.2,-1.4,6.6,,10.2,2.0
2016-02-22,대구광역시,143.0,3.6,-0.7,7.5,,2.6,2.0
2016-02-23,대구광역시,143.0,4.8,0.3,9.7,,6.3,2.0
2016-02-24,대구광역시,143.0,0.7,-1.8,4.6,0.0,4.8,2.0
2016-02-25,대구광역시,143.0,1.6,-3.1,6.8,,10.4,2.0
2016-02-26,대구광역시,143.0,3.3,-2.2,8.4,0.0,4.2,2.0
2016-02-27,대구광역시,143.0,6.6,1.5,12.3,0.0,6.9,2.0
2016-02-28,대구광역시,143.0,7.2,1.6,15.3,3.0,2.7,2.0
2016-02-29,대구광역시,143.0,-0.5,-3.1,2.4,0.0,7.6,2.0
2016-03-01,대구광역시,143.0,0.2,-4.6,5.7,,10.7,3.0
2016-03-02,대구광역시,143.0,4.8,-3.4,13.5,,10.5,3.0
2016-03-03,대구광역시,143.0,8.3,-1.5,17.5,,10.6,3.0
2016-03-04,대구광역시,143.0,7.2,4.2,9.4,11.0,0.0,3.0
2016-03-05,대구광역시,143.0,12.1,7.6,17.2,27.0,0.4,3.0
2016-03-06,대구광역시,143.0,13.5,8.1,19.1,11.5,4.3,3.0
2016-03-07,대구광역시,143.0,11.5,6.7,17.4,,6.6,3.0
2016-03-08,대구광역시,143.0,8.9,7.1,10.6,0.0,0.0,3.0
2016-03-09,대구광역시,143.0,6.4,4.2,12.2,,6.1,3.0
2016-03-10,대구광역시,143.0,2.9,0.3,7.0,,9.5,3.0
2016-03-11,대구광역시,143.0,2.3,-1.8,6.9,,11.0,3.0
2016-03-12,대구광역시,143.0,4.1,-1.8,9.8,,10.4,3.0
2016-03-13,대구광역시,143.0,5.7,2.2,9.3,,0.0,3.0
2016-03-14,대구광역시,143.0,6.2,2.2,12.1,,10.2,3.0
2016-03-15,대구광역시,143.0,7.6,-1.4,15.6,,9.8,3.0
2016-03-16,대구광역시,143.0,11.2,5.4,18.6,,7.5,3.0
2016-03-17,대구광역시,143.0,12.4,1.9,21.1,,10.0,3.0
2016-03-18,대구광역시,143.0,10.7,8.6,13.7,11.5,0.0,3.0
2016-03-19,대구광역시,143.0,10.8,6.7,16.9,,6.8,3.0
2016-03-20,대구광역시,143.0,9.0,7.3,11.7,,1.3,3.0
2016-03-21,대구광역시,143.0,10.8,5.2,16.8,,9.9,3.0
2016-03-22,대구광역시,143.0,12.9,4.5,20.2,,11.0,3.0
2016-03-23,대구광역시,143.0,10.0,6.4,15.7,0.0,7.0,3.0
2016-03-24,대구광역시,143.0,6.8,3.0,10.8,1.5,5.2,3.0
2016-03-25,대구광역시,143.0,6.5,3.3,11.6,5.0,2.2,3.0
2016-03-26,대구광역시,143.0,7.2,2.8,13.6,0.0,4.9,3.0
2016-03-27,대구광역시,143.0,9.7,1.8,15.7,,10.7,3.0
2016-03-28,대구광역시,143.0,11.6,3.7,18.7,,11.5,3.0
2016-03-29,대구광역시,143.0,12.5,5.6,18.8,,5.0,3.0
2016-03-30,대구광역시,143.0,15.4,7.8,22.4,,10.7,3.0
2016-03-31,대구광역시,143.0,13.9,6.8,21.1,,1.6,3.0
2016-04-01,대구광역시,143.0,14.4,5.6,23.2,,11.2,4.0
2016-04-02,대구광역시,143.0,15.2,6.7,24.3,,6.7,4.0
2016-04-03,대구광역시,143.0,11.7,9.2,15.6,17.0,0.0,4.0
2016-04-04,대구광역시,143.0,10.7,9.0,13.1,2.0,0.1,4.0
2017-02-01,대구광역시,143.0,0.8,-2.0,5.5,,7.4,2.0
2017-02-02,대구광역시,143.0,1.3,-3.5,7.8,,10.0,2.0
2017-02-03,대구광역시,143.0,4.3,-1.0,9.7,,9.0,2.0
2017-02-04,대구광역시,143.0,6.5,-2.0,13.2,0.0,7.4,2.0
2017-02-05,대구광역시,143.0,6.1,2.8,12.0,0.6,3.6,2.0
2017-02-06,대구광역시,143.0,2.4,-0.3,6.2,,9.8,2.0
2017-02-07,대구광역시,143.0,1.8,-3.4,8.1,,6.1,2.0
2017-02-08,대구광역시,143.0,2.4,-1.6,7.9,,0.8,2.0
2017-02-09,대구광역시,143.0,-1.0,-4.8,2.5,,7.7,2.0
2017-02-10,대구광역시,143.0,-3.0,-5.8,0.5,,10.1,2.0
2017-02-11,대구광역시,143.0,-2.1,-6.2,2.4,0.0,9.9,2.0
2017-02-12,대구광역시,143.0,0.7,-4.8,6.5,,9.8,2.0
2017-02-13,대구광역시,143.0,2.6,-4.6,8.2,0.0,9.3,2.0
2017-02-14,대구광역시,143.0,2.7,-1.7,8.4,0.0,10.0,2.0
2017-02-15,대구광역시,143.0,4.0,-4.7,12.9,,10.0,2.0
2017-02-16,대구광역시,143.0,8.9,-1.2,17.1,0.0,8.4,2.0
2017-02-17,대구광역시,143.0,9.3,1.9,14.1,0.0,6.0,2.0
2017-02-18,대구광역시,143.0,1.3,-2.1,5.4,,10.3,2.0
2017-02-19,대구광역시,143.0,4.5,-3.6,12.3,0.1,7.6,2.0
2017-02-20,대구광역시,143.0,5.2,-1.3,9.5,5.5,8.0,2.0
2017-02-21,대구광역시,143.0,2.7,-4.9,9.7,,10.4,2.0
2017-02-22,대구광역시,143.0,3.5,1.2,4.9,19.5,0.0,2.0
2017-02-23,대구광역시,143.0,2.4,-1.0,5.3,,3.0,2.0
2017-02-24,대구광역시,143.0,1.7,-3.0,7.1,,9.8,2.0
2017-02-25,대구광역시,143.0,4.1,-2.6,10.3,,10.4,2.0
2017-02-26,대구광역시,143.0,4.8,-1.7,11.0,,10.2,2.0
2017-02-27,대구광역시,143.0,5.3,-0.6,12.8,,8.3,2.0
2017-02-28,대구광역시,143.0,7.1,1.4,13.9,,10.2,2.0
2017-03-01,대구광역시,143.0,7.5,1.3,13.7,0.5,4.3,3.0
2017-03-02,대구광역시,143.0,5.2,1.7,8.7,5.0,3.8,3.0
2017-03-03,대구광역시,143.0,6.2,-0.1,13.3,,10.6,3.0
2017-03-04,대구광역시,143.0,8.2,1.5,15.8,,9.2,3.0
2017-03-05,대구광역시,143.0,8.3,1.2,15.9,,6.2,3.0
2017-03-06,대구광역시,143.0,4.7,0.7,9.1,,10.2,3.0
2017-03-07,대구광역시,143.0,1.3,-1.6,5.3,,9.4,3.0
2017-03-08,대구광역시,143.0,2.2,-2.5,6.5,,9.2,3.0
2017-03-09,대구광역시,143.0,6.6,0.7,13.1,,10.6,3.0
2017-03-10,대구광역시,143.0,7.3,1.2,13.6,,10.8,3.0
2017-03-11,대구광역시,143.0,7.9,-1.5,16.8,,10.8,3.0
2017-03-12,대구광역시,143.0,10.8,1.0,18.7,,9.2,3.0
2017-03-13,대구광역시,143.0,10.1,7.7,16.3,,9.0,3.0
2017-03-14,대구광역시,143.0,8.3,4.6,14.0,0.0,10.1,3.0
2017-03-15,대구광역시,143.0,6.6,-0.1,13.0,,11.1,3.0
2017-03-16,대구광역시,143.0,8.7,0.8,14.3,,8.6,3.0
2017-03-17,대구광역시,143.0,9.4,2.1,16.8,,11.0,3.0
2017-03-18,대구광역시,143.0,10.3,3.1,17.5,,6.6,3.0
2017-03-19,대구광역시,143.0,10.4,2.3,18.6,,10.3,3.0
2017-03-20,대구광역시,143.0,8.1,2.2,15.0,6.0,3.0,3.0
2017-03-21,대구광역시,143.0,8.9,5.3,15.3,3.0,10.0,3.0
2017-03-22,대구광역시,143.0,8.9,0.9,15.5,,8.2,3.0
2017-03-23,대구광역시,143.0,11.4,7.3,17.1,,8.4,3.0
2017-03-24,대구광역시,143.0,9.7,6.1,14.3,,4.1,3.0
2017-03-25,대구광역시,143.0,6.3,4.0,10.4,18.5,0.4,3.0
2017-03-26,대구광역시,143.0,6.5,4.0,11.4,4.0,2.0,3.0
2017-03-27,대구광역시,143.0,6.4,3.3,10.7,0.5,2.6,3.0
2017-03-28,대구광역시,143.0,8.8,0.4,15.3,,8.9,3.0
2017-03-29,대구광역시,143.0,9.8,5.4,15.2,0.4,6.8,3.0
2017-03-30,대구광역시,143.0,11.9,5.0,20.2,,10.0,3.0
2017-03-31,대구광역시,143.0,9.3,7.3,11.0,0.5,0.0,3.0
2017-04-01,대구광역시,143.0,7.6,5.1,11.0,5.5,1.9,4.0
2017-04-02,대구광역시,143.0,9.2,2.1,15.8,,9.8,4.0
2017-04-03,대구광역시,143.0,13.9,5.3,21.9,,11.8,4.0
2017-04-04,대구광역시,143.0,15.4,5.3,23.2,,10.5,4.0
2017-04-05,대구광역시,143.0,14.6,12.2,17.2,4.0,0.0,4.0
2018-02-01,대구광역시,143.0,-0.2,-5.7,5.4,,9.7,2.0
2018-02-02,대구광역시,143.0,-1.5,-8.1,5.2,,8.4,2.0
2018-02-03,대구광역시,143.0,-3.2,-6.7,-0.1,,9.0,2.0
2018-02-04,대구광역시,143.0,-6.4,-9.5,-2.3,,10.0,2.0
2018-02-05,대구광역시,143.0,-6.2,-9.0,-1.6,,10.0,2.0
2018-02-06,대구광역시,143.0,-6.7,-10.9,-2.8,,10.0,2.0
2018-02-07,대구광역시,143.0,-5.3,-10.9,0.7,,10.2,2.0
2018-02-08,대구광역시,143.0,-3.1,-10.4,5.3,,9.8,2.0
2018-02-09,대구광역시,143.0,2.3,-6.5,10.6,,8.2,2.0
2018-02-10,대구광역시,143.0,3.3,-2.1,8.7,,2.4,2.0
2018-02-11,대구광역시,143.0,-2.3,-5.8,1.3,0.0,8.6,2.0
2018-02-12,대구광역시,143.0,-2.7,-7.2,1.8,0.2,7.9,2.0
2018-02-13,대구광역시,143.0,0.7,-3.5,7.0,0.0,10.1,2.0
2018-02-14,대구광역시,143.0,6.6,-4.3,15.0,,8.0,2.0
2018-02-15,대구광역시,143.0,5.0,-0.2,10.5,,6.5,2.0
2018-02-16,대구광역시,143.0,3.0,-3.6,9.8,,7.9,2.0
2018-02-17,대구광역시,143.0,1.3,-2.4,6.0,,10.1,2.0
2018-02-18,대구광역시,143.0,2.1,-1.2,7.2,,3.2,2.0
2018-02-19,대구광역시,143.0,4.8,-1.5,11.5,,7.2,2.0
2018-02-20,대구광역시,143.0,4.3,-2.7,10.7,,7.6,2.0
2018-02-21,대구광역시,143.0,2.8,0.5,6.9,,3.7,2.0
2018-02-22,대구광역시,143.0,2.2,-4.8,8.2,,10.1,2.0
2018-02-23,대구광역시,143.0,4.3,-4.2,11.5,0.0,6.5,2.0
2018-02-24,대구광역시,143.0,6.4,1.4,12.2,,4.2,2.0
2018-02-25,대구광역시,143.0,6.3,2.5,12.2,0.4,2.8,2.0
2018-02-26,대구광역시,143.0,4.9,-3.1,13.4,,10.6,2.0
2018-02-27,대구광역시,143.0,7.0,-1.8,14.7,,6.3,2.0
2018-02-28,대구광역시,143.0,7.4,4.3,10.9,24.5,0.0,2.0
2018-03-01,대구광역시,143.0,5.1,-0.2,9.3,0.0,8.3,3.0
2018-03-02,대구광역시,143.0,3.5,-2.8,11.6,,10.6,3.0
2018-03-03,대구광역시,143.0,8.2,-0.3,17.7,,9.1,3.0
2018-03-04,대구광역시,143.0,12.7,5.8,19.0,15.5,2.9,3.0
2018-03-05,대구광역시,143.0,5.3,2.6,12.9,7.0,0.0,3.0
2018-03-06,대구광역시,143.0,5.2,0.3,10.7,,10.7,3.0
2018-03-07,대구광역시,143.0,4.7,2.4,7.9,9.0,0.0,3.0
2018-03-08,대구광역시,143.0,2.0,0.0,4.4,14.0,0.0,3.0
2018-03-09,대구광역시,143.0,2.9,-0.1,6.3,,2.5,3.0
2018-03-10,대구광역시,143.0,6.9,-0.3,13.8,,10.3,3.0
2018-03-11,대구광역시,143.0,8.6,2.2,15.7,,10.1,3.0
2018-03-12,대구광역시,143.0,9.8,0.7,20.1,,10.4,3.0
2018-03-13,대구광역시,143.0,13.3,4.0,23.0,,10.7,3.0
2018-03-14,대구광역시,143.0,16.0,8.2,24.4,,10.6,3.0
2018-03-15,대구광역시,143.0,14.8,11.9,16.5,15.5,0.0,3.0
2018-03-16,대구광역시,143.0,4.0,0.8,11.8,1.0,0.7,3.0
2018-03-17,대구광역시,143.0,5.5,-1.9,13.6,,11.0,3.0
2018-03-18,대구광역시,143.0,9.1,1.3,14.8,1.5,5.6,3.0
2018-03-19,대구광역시,143.0,8.1,4.0,11.3,23.0,0.0,3.0
2018-03-20,대구광역시,143.0,5.2,3.1,7.9,,5.2,3.0
2018-03-21,대구광역시,143.0,1.7,0.0,3.3,12.0,0.0,3.0
2018-03-22,대구광역시,143.0,6.0,1.8,11.7,0.2,9.2,3.0
2018-03-23,대구광역시,143.0,7.9,0.0,15.6,,11.3,3.0
2018-03-24,대구광역시,143.0,11.7,4.6,18.5,,9.6,3.0
2018-03-25,대구광역시,143.0,13.9,4.9,21.8,,11.3,3.0
2018-03-26,대구광역시,143.0,15.3,6.2,22.6,,11.2,3.0
2018-03-27,대구광역시,143.0,16.3,7.9,24.1,,11.0,3.0
2018-03-28,대구광역시,143.0,18.2,9.8,25.9,,10.5,3.0
2018-03-29,대구광역시,143.0,15.1,10.3,23.9,,6.5,3.0
2018-03-30,대구광역시,143.0,12.9,9.5,18.5,,9.8,3.0
2018-03-31,대구광역시,143.0,15.2,6.0,24.0,,10.2,3.0
2018-04-01,대구광역시,143.0,17.5,10.2,23.7,,5.4,4.0
2018-04-02,대구광역시,143.0,19.7,12.9,26.5,,10.2,4.0
2018-04-03,대구광역시,143.0,20.2,13.6,27.2,,9.0,4.0
2018-04-04,대구광역시,143.0,10.5,7.6,18.6,18.5,0.0,4.0
2018-04-05,대구광역시,143.0,8.2,7.2,9.6,8.0,0.0,4.0
2019-02-01,대구광역시,143.0,0.0,-4.4,4.9,,9.5,2.0
2019-02-02,대구광역시,143.0,3.0,-3.3,8.8,,9.4,2.0
2019-02-03,대구광역시,143.0,5.0,1.7,8.5,6.0,0.1,2.0
2019-02-04,대구광역시,143.0,4.1,0.2,7.9,,9.2,2.0
2019-02-05,대구광역시,143.0,3.3,-4.2,11.2,,9.0,2.0
2019-02-06,대구광역시,143.0,6.6,-1.0,15.0,,7.9,2.0
2019-02-07,대구광역시,143.0,3.9,-1.7,8.7,,3.8,2.0
2019-02-08,대구광역시,143.0,-0.1,-4.0,5.3,,7.8,2.0
2019-02-09,대구광역시,143.0,0.2,-1.5,3.0,,8.8,2.0
2019-02-10,대구광역시,143.0,1.0,-4.5,4.5,,2.6,2.0
2019-02-11,대구광역시,143.0,0.6,-2.9,4.7,,10.0,2.0
2019-02-12,대구광역시,143.0,1.5,-4.7,6.5,,9.2,2.0
2019-02-13,대구광역시,143.0,2.6,-1.2,6.2,,9.6,2.0
2019-02-14,대구광역시,143.0,2.1,-1.3,6.5,,5.4,2.0
2019-02-15,대구광역시,143.0,4.1,0.7,9.9,,3.9,2.0
2019-02-16,대구광역시,143.0,1.0,-1.4,3.4,0.0,7.4,2.0
2019-02-17,대구광역시,143.0,1.8,-3.2,7.6,,10.4,2.0
2019-02-18,대구광역시,143.0,4.9,-1.8,9.2,0.0,3.7,2.0
2019-02-19,대구광역시,143.0,3.6,1.6,6.3,19.5,0.0,2.0
2019-02-20,대구광역시,143.0,3.8,1.3,7.4,,5.3,2.0
2019-02-21,대구광역시,143.0,3.7,-2.4,10.2,,9.3,2.0
2019-02-22,대구광역시,143.0,6.0,-0.3,12.4,,5.1,2.0
2019-02-23,대구광역시,143.0,5.6,-0.7,12.6,,7.2,2.0
2019-02-24,대구광역시,143.0,6.9,-1.2,15.7,,10.3,2.0
2019-02-25,대구광역시,143.0,9.2,3.6,15.2,,9.0,2.0
2019-02-26,대구광역시,143.0,8.1,1.2,14.5,,10.1,2.0
2019-02-27,대구광역시,143.0,9.1,6.3,13.3,0.2,1.7,2.0
2019-02-28,대구광역시,143.0,9.0,3.9,15.4,0.5,8.2,2.0
2019-03-01,대구광역시,143.0,8.4,2.2,15.3,,9.9,3.0
2019-03-02,대구광역시,143.0,8.0,0.4,15.0,,8.1,3.0
2019-03-03,대구광역시,143.0,10.0,4.4,15.2,,4.5,3.0
2019-03-04,대구광역시,143.0,10.9,5.9,16.9,,9.0,3.0
2019-03-05,대구광역시,143.0,10.1,2.3,16.2,,5.0,3.0
2019-03-06,대구광역시,143.0,11.2,8.8,14.8,0.0,3.8,3.0
2019-03-07,대구광역시,143.0,8.7,5.3,12.5,0.2,4.7,3.0
2019-03-08,대구광역시,143.0,8.5,0.5,16.2,,10.4,3.0
2019-03-09,대구광역시,143.0,10.9,1.9,18.1,,9.3,3.0
2019-03-10,대구광역시,143.0,8.5,6.3,11.9,7.5,0.0,3.0
2019-03-11,대구광역시,143.0,8.2,2.1,14.4,0.5,5.7,3.0
2019-03-12,대구광역시,143.0,8.4,1.7,16.0,0.5,8.0,3.0
2019-03-13,대구광역시,143.0,5.3,1.0,10.0,,9.2,3.0
2019-03-14,대구광역시,143.0,6.8,-1.5,13.2,,10.0,3.0
2019-03-15,대구광역시,143.0,6.8,4.0,13.3,1.0,5.2,3.0
2019-03-16,대구광역시,143.0,7.6,3.0,13.2,,10.6,3.0
2019-03-17,대구광역시,143.0,8.5,4.3,14.1,,11.3,3.0
2019-03-18,대구광역시,143.0,9.0,0.6,16.9,,7.8,3.0
2019-03-19,대구광역시,143.0,13.5,4.3,21.2,,10.4,3.0
2019-03-20,대구광역시,143.0,12.6,7.0,18.1,6.0,0.0,3.0
2019-03-21,대구광역시,143.0,13.5,6.4,18.2,0.0,7.0,3.0
2019-03-22,대구광역시,143.0,7.2,3.7,12.9,,9.3,3.0
2019-03-23,대구광역시,143.0,6.0,3.1,13.1,0.5,8.2,3.0
2019-03-24,대구광역시,143.0,6.6,-0.3,13.7,,11.7,3.0
2019-03-25,대구광역시,143.0,9.3,1.1,15.6,,9.4,3.0
2019-03-26,대구광역시,143.0,11.7,3.6,19.9,,10.8,3.0
2019-03-27,대구광역시,143.0,15.0,4.6,24.2,,9.2,3.0
2019-03-28,대구광역시,143.0,12.1,8.3,16.2,,8.6,3.0
2019-03-29,대구광역시,143.0,12.5,6.3,19.4,,6.1,3.0
2019-03-30,대구광역시,143.0,9.2,5.1,14.3,4.5,6.6,3.0
2019-03-31,대구광역시,143.0,6.7,4.5,11.1,,6.0,3.0
2019-04-01,대구광역시,143.0,7.1,2.4,11.8,,8.8,4.0
2019-04-02,대구광역시,143.0,8.1,0.2,14.8,,12.0,4.0
2019-04-03,대구광역시,143.0,9.8,1.8,16.3,,12.0,4.0
2019-04-04,대구광역시,143.0,13.1,5.9,21.5,,11.8,4.0
2019-04-05,대구광역시,143.0,15.2,7.6,22.0,,11.1,4.0
2020-02-01,대구광역시,143.0,2.9,-1.8,8.1,,7.1,2.0
2020-02-02,대구광역시,143.0,3.6,-1.7,9.5,,8.3,2.0
2020-02-03,대구광역시,143.0,3.1,0.3,7.5,,7.2,2.0
2020-02-04,대구광역시,143.0,1.9,-4.3,7.7,,9.8,2.0
2020-02-05,대구광역시,143.0,-1.5,-4.9,3.4,0.0,10.1,2.0
2020-02-06,대구광역시,143.0,-2.1,-7.5,3.6,,9.3,2.0
2020-02-07,대구광역시,143.0,1.1,-4.4,7.7,,8.2,2.0
2020-02-08,대구광역시,143.0,2.9,0.4,7.2,,8.7,2.0
2020-02-09,대구광역시,143.0,1.9,-4.4,8.0,,10.1,2.0
2020-02-10,대구광역시,143.0,5.5,1.4,12.1,,9.2,2.0
2020-02-11,대구광역시,143.0,6.1,-2.9,13.5,,7.4,2.0
2020-02-12,대구광역시,143.0,8.1,6.0,9.5,6.0,0.0,2.0
2020-02-13,대구광역시,143.0,10.4,6.0,15.3,,5.1,2.0
2020-02-14,대구광역시,143.0,10.7,5.2,18.5,,8.2,2.0
2020-02-15,대구광역시,143.0,12.0,7.4,17.3,,5.8,2.0
2020-02-16,대구광역시,143.0,5.0,0.1,12.1,4.0,5.5,2.0
2020-02-17,대구광역시,143.0,-1.6,-4.2,1.8,0.0,5.5,2.0
2020-02-18,대구광역시,143.0,-0.2,-5.4,5.3,,10.4,2.0
2020-02-19,대구광역시,143.0,4.7,-0.6,11.4,,9.4,2.0
2020-02-20,대구광역시,143.0,6.1,-0.3,14.4,,9.9,2.0
2020-02-21,대구광역시,143.0,8.3,-0.8,16.7,0.0,9.4,2.0
2020-02-22,대구광역시,143.0,8.2,3.2,12.1,0.0,10.0,2.0
2020-02-23,대구광역시,143.0,4.9,0.6,11.2,,10.7,2.0
2020-02-24,대구광역시,143.0,8.1,-1.2,16.4,0.0,9.1,2.0
2020-02-25,대구광역시,143.0,7.0,5.7,9.8,29.0,0.0,2.0
2020-02-26,대구광역시,143.0,8.3,5.9,13.5,0.2,2.5,2.0
2020-02-27,대구광역시,143.0,6.1,4.6,9.3,0.0,5.4,2.0
2020-02-28,대구광역시,143.0,4.5,2.3,8.1,1.0,0.0,2.0
2020-02-29,대구광역시,143.0,6.3,2.0,11.8,,3.1,2.0
2020-03-01,대구광역시,143.0,9.4,3.6,14.7,,4.9,3.0
2020-03-02,대구광역시,143.0,7.1,4.2,11.5,,8.6,3.0
2020-03-03,대구광역시,143.0,7.7,3.7,12.5,,5.9,3.0
2020-03-04,대구광역시,143.0,5.9,1.0,10.6,,9.9,3.0
2020-03-05,대구광역시,143.0,3.7,-0.7,10.4,,10.6,3.0
2020-03-06,대구광역시,143.0,5.4,-2.9,13.9,,10.6,3.0
2020-03-07,대구광역시,143.0,5.7,1.5,10.2,2.0,0.2,3.0
2020-03-08,대구광역시,143.0,8.3,1.8,16.0,,7.6,3.0
2020-03-09,대구광역시,143.0,9.1,1.6,15.1,3.0,4.9,3.0
2020-03-10,대구광역시,143.0,9.0,5.8,10.7,10.0,0.0,3.0
2020-03-11,대구광역시,143.0,6.4,2.9,11.2,,11.1,3.0
2020-03-12,대구광역시,143.0,8.3,-0.9,17.1,,10.8,3.0
2020-03-13,대구광역시,143.0,9.4,3.8,15.4,,5.5,3.0
2020-03-14,대구광역시,143.0,6.5,1.6,11.5,,10.9,3.0
2020-03-15,대구광역시,143.0,6.2,1.6,12.2,,8.3,3.0
2020-03-16,대구광역시,143.0,6.4,0.8,12.1,,11.4,3.0
2020-03-17,대구광역시,143.0,10.5,1.1,18.6,,10.1,3.0
2020-03-18,대구광역시,143.0,11.7,3.3,19.6,,11.3,3.0
2020-03-19,대구광역시,143.0,10.8,6.0,19.4,,10.2,3.0
2020-03-20,대구광역시,143.0,12.0,7.0,18.6,,11.2,3.0
2020-03-21,대구광역시,143.0,15.0,5.2,25.4,,9.9,3.0
2020-03-22,대구광역시,143.0,14.1,7.8,21.7,,10.8,3.0
2020-03-23,대구광역시,143.0,11.5,3.0,20.1,,11.5,3.0
2020-03-24,대구광역시,143.0,11.2,3.8,19.0,,11.3,3.0
2020-03-25,대구광역시,143.0,13.1,3.6,21.4,,11.4,3.0
2020-03-26,대구광역시,143.0,13.2,9.8,16.9,3.5,0.0,3.0
2020-03-27,대구광역시,143.0,14.6,9.8,19.6,6.0,0.7,3.0
2020-03-28,대구광역시,143.0,8.2,6.2,11.1,,0.0,3.0
2020-03-29,대구광역시,143.0,8.7,3.4,14.4,,6.6,3.0
2020-03-30,대구광역시,143.0,11.5,6.1,18.3,,9.3,3.0
2020-03-31,대구광역시,143.0,12.8,4.6,21.1,,10.6,3.0
2020-04-01,대구광역시,143.0,13.9,9.0,19.8,0.0,4.3,4.0
2020-04-02,대구광역시,143.0,12.6,4.4,19.0,,11.4,4.0
2020-04-03,대구광역시,143.0,13.5,5.3,20.6,,11.4,4.0
2020-04-04,대구광역시,143.0,10.8,5.5,20.2,,11.5,4.0
2021-02-01,대구광역시,143.0,7.1,3.9,10.1,9.5,0.0,2.0
2021-02-02,대구광역시,143.0,-0.4,-3.2,7.1,,9.9,2.0
2021-02-03,대구광역시,143.0,-1.0,-5.3,4.8,,9.9,2.0
2021-02-04,대구광역시,143.0,1.4,-2.8,5.8,0.0,9.9,2.0
2021-02-05,대구광역시,143.0,1.5,-5.4,7.9,,4.9,2.0
2021-02-06,대구광역시,143.0,5.2,-2.9,14.5,,9.4,2.0
2021-02-07,대구광역시,143.0,6.6,-0.2,14.0,,8.6,2.0
2021-02-08,대구광역시,143.0,0.4,-2.3,4.4,,10.1,2.0
2021-02-09,대구광역시,143.0,1.6,-3.4,7.7,,10.2,2.0
2021-02-10,대구광역시,143.0,3.9,-2.8,10.9,,9.2,2.0
2021-02-11,대구광역시,143.0,5.8,-0.9,12.0,,6.5,2.0
2021-02-12,대구광역시,143.0,7.7,1.1,16.6,,8.6,2.0
2021-02-13,대구광역시,143.0,8.6,-0.9,19.1,,9.9,2.0
2021-02-14,대구광역시,143.0,7.7,3.4,12.8,4.3,0.3,2.0
2021-02-15,대구광역시,143.0,5.9,-1.6,11.3,1.2,7.2,2.0
2021-02-16,대구광역시,143.0,-0.1,-3.6,6.1,0.0,6.7,2.0
2021-02-17,대구광역시,143.0,-4.8,-6.4,-2.4,,8.1,2.0
2021-02-18,대구광역시,143.0,-4.4,-8.5,0.2,0.0,9.2,2.0
2021-02-19,대구광역시,143.0,4.3,-4.0,12.9,,10.5,2.0
2021-02-20,대구광역시,143.0,11.3,3.7,20.4,,9.6,2.0
2021-02-21,대구광역시,143.0,14.3,4.0,24.4,,10.2,2.0
2021-02-22,대구광역시,143.0,13.7,6.8,22.8,,9.8,2.0
2021-02-23,대구광역시,143.0,5.9,1.3,11.5,,10.0,2.0
2021-02-24,대구광역시,143.0,5.5,1.1,12.7,,6.7,2.0
2021-02-25,대구광역시,143.0,5.0,0.6,9.8,3.1,0.2,2.0
2021-02-26,대구광역시,143.0,8.3,5.0,12.0,,7.6,2.0
2021-02-27,대구광역시,143.0,6.7,4.4,8.9,,2.7,2.0
2021-02-28,대구광역시,143.0,7.4,1.7,13.0,1.1,1.9,2.0
2021-03-01,대구광역시,143.0,8.9,3.4,16.1,35.5,0.0,3.0
2021-03-02,대구광역시,143.0,2.6,0.0,6.2,9.6,0.3,3.0
2021-03-03,대구광역시,143.0,4.1,-1.5,9.5,,6.8,3.0
2021-03-04,대구광역시,143.0,5.9,0.8,11.5,0.9,0.1,3.0
2021-03-05,대구광역시,143.0,10.6,4.3,19.0,,8.0,3.0
2021-03-06,대구광역시,143.0,6.2,3.7,9.5,,1.4,3.0
2021-03-07,대구광역시,143.0,5.5,3.5,8.8,,0.4,3.0
2021-03-08,대구광역시,143.0,6.3,-0.6,14.0,,10.2,3.0
2021-03-09,대구광역시,143.0,9.0,2.2,15.1,,6.0,3.0
2021-03-10,대구광역시,143.0,8.8,2.6,14.1,,10.5,3.0
2021-03-11,대구광역시,143.0,10.0,1.5,18.2,,7.7,3.0
2021-03-12,대구광역시,143.0,9.0,7.6,11.6,19.5,0.0,3.0
2021-03-13,대구광역시,143.0,9.8,3.5,16.0,,10.0,3.0
2021-03-14,대구광역시,143.0,10.5,4.6,17.2,,9.2,3.0
2021-03-15,대구광역시,143.0,12.5,3.9,19.7,,8.9,3.0
2021-03-16,대구광역시,143.0,14.9,10.6,20.1,,9.6,3.0
2021-03-17,대구광역시,143.0,10.5,3.5,17.8,,10.5,3.0
2021-03-18,대구광역시,143.0,10.4,5.2,16.6,,8.6,3.0
2021-03-19,대구광역시,143.0,11.2,8.6,15.4,,5.8,3.0
2021-03-20,대구광역시,143.0,9.9,8.3,10.9,5.3,0.0,3.0
2021-03-21,대구광역시,143.0,8.8,5.1,11.7,,8.6,3.0
2021-03-22,대구광역시,143.0,7.9,3.3,13.0,,11.1,3.0
2021-03-23,대구광역시,143.0,11.4,1.7,20.2,,11.2,3.0
2021-03-24,대구광역시,143.0,11.5,4.3,18.2,,4.1,3.0
2021-03-25,대구광역시,143.0,14.1,5.7,22.3,,11.3,3.0
2021-03-26,대구광역시,143.0,15.3,6.7,23.9,,9.7,3.0
2021-03-27,대구광역시,143.0,12.7,6.5,17.1,18.4,0.1,3.0
2021-03-28,대구광역시,143.0,15.8,11.7,20.2,6.0,8.2,3.0
2021-03-29,대구광역시,143.0,15.1,10.9,19.5,,5.5,3.0
2021-03-30,대구광역시,143.0,14.6,10.5,21.3,,9.5,3.0
2021-03-31,대구광역시,143.0,13.6,4.7,23.1,,10.7,3.0
2021-04-01,대구광역시,143.0,13.5,9.2,17.7,,7.3,4.0
2021-04-02,대구광역시,143.0,14.7,12.2,18.7,,6.0,4.0
2021-04-03,대구광역시,143.0,14.5,11.8,18.5,16.2,0.0,4.0
2021-04-04,대구광역시,143.0,9.7,7.0,13.8,19.3,0.0,4.0
2021-04-05,대구광역시,143.0,9.9,2.7,16.2,,12.0,4.0
2022-02-01,대구광역시,143.0,1.9,-2.8,5.4,,6.3,2.0
2022-02-02,대구광역시,143.0,0.7,-2.1,5.6,,4.7,2.0
2022-02-03,대구광역시,143.0,0.4,-3.8,5.4,,9.3,2.0
2022-02-04,대구광역시,143.0,-0.6,-3.4,4.2,,9.7,2.0
2022-02-05,대구광역시,143.0,-3.0,-6.4,1.1,,9.9,2.0
2022-02-06,대구광역시,143.0,-1.1,-5.0,3.5,,9.1,2.0
2022-02-07,대구광역시,143.0,0.2,-3.6,3.6,,5.8,2.0
2022-02-08,대구광역시,143.0,1.5,-3.7,7.1,,7.7,2.0
2022-02-09,대구광역시,143.0,2.6,-5.7,9.4,,8.6,2.0
2022-02-10,대구광역시,143.0,5.3,1.2,10.7,,8.9,2.0
2022-02-11,대구광역시,143.0,3.5,-3.6,11.8,,9.9,2.0
2022-02-12,대구광역시,143.0,4.8,-2.0,12.7,,9.5,2.0
2022-02-13,대구광역시,143.0,5.4,-0.7,11.6,,4.4,2.0
2022-02-14,대구광역시,143.0,7.3,2.5,13.0,,5.6,2.0
2022-02-15,대구광역시,143.0,0.4,-4.3,6.6,,9.7,2.0
2022-02-16,대구광역시,143.0,-3.6,-5.8,0.8,,9.5,2.0
2022-02-17,대구광역시,143.0,-4.3,-8.4,1.5,,10.3,2.0
2022-02-18,대구광역시,143.0,-0.8,-9.3,8.1,,9.8,2.0
2022-02-19,대구광역시,143.0,2.4,-0.2,7.1,,4.3,2.0
2022-02-20,대구광역시,143.0,-2.2,-5.2,2.0,0.0,9.7,2.0
2022-02-21,대구광역시,143.0,1.2,-5.0,7.4,,10.0,2.0
2022-02-22,대구광역시,143.0,-0.4,-3.3,3.9,0.0,10.4,2.0
2022-02-23,대구광역시,143.0,-2.3,-6.3,2.8,,8.1,2.0
2022-02-24,대구광역시,143.0,0.5,-5.1,6.7,,10.8,2.0
2022-02-25,대구광역시,143.0,5.0,-2.0,11.7,,10.4,2.0
2022-02-26,대구광역시,143.0,6.8,-1.9,14.7,0.1,9.2,2.0
2022-02-27,대구광역시,143.0,6.3,1.7,12.6,0.0,10.8,2.0
2022-02-28,대구광역시,143.0,7.0,-2.5,15.1,,8.0,2.0
2022-03-01,대구광역시,143.0,9.9,4.9,16.3,0.0,5.9,3.0
2022-03-02,대구광역시,143.0,6.2,1.3,12.3,,10.9,3.0
2022-03-03,대구광역시,143.0,7.7,-0.2,15.2,,10.8,3.0
2022-03-04,대구광역시,143.0,8.8,-0.6,17.3,,6.7,3.0
2022-03-05,대구광역시,143.0,6.9,1.5,12.2,,10.6,3.0
2022-03-06,대구광역시,143.0,4.0,0.0,10.2,,11.0,3.0
2022-03-07,대구광역시,143.0,5.2,-2.2,12.7,,8.6,3.0
2022-03-08,대구광역시,143.0,8.1,-1.1,15.8,,10.5,3.0
2022-03-09,대구광역시,143.0,9.1,0.5,17.5,,10.7,3.0
2022-03-10,대구광역시,143.0,10.5,2.2,18.3,,7.1,3.0
2022-03-11,대구광역시,143.0,12.5,5.2,18.9,,5.9,3.0
2022-03-12,대구광역시,143.0,14.7,7.1,21.5,,4.5,3.0
2022-03-13,대구광역시,143.0,15.1,10.3,18.5,2.1,0.0,3.0
2022-03-14,대구광역시,143.0,10.8,8.9,13.9,,0.0,3.0
2022-03-15,대구광역시,143.0,11.7,6.0,19.3,,9.8,3.0
2022-03-16,대구광역시,143.0,14.4,5.1,23.0,,10.2,3.0
2022-03-17,대구광역시,143.0,8.8,6.3,13.6,6.1,0.0,3.0
2022-03-18,대구광역시,143.0,6.1,4.3,8.1,8.5,0.0,3.0
2022-03-19,대구광역시,143.0,4.9,3.0,8.1,4.2,2.2,3.0
2022-03-20,대구광역시,143.0,6.6,2.0,11.0,,3.6,3.0
2022-03-21,대구광역시,143.0,8.3,2.2,13.8,,8.4,3.0
2022-03-22,대구광역시,143.0,8.7,5.5,14.2,,9.9,3.0
2022-03-23,대구광역시,143.0,6.8,2.6,11.1,0.0,0.5,3.0
2022-03-24,대구광역시,143.0,9.1,1.4,17.0,,9.4,3.0
2022-03-25,대구광역시,143.0,13.5,6.1,20.1,1.6,4.9,3.0
2022-03-26,대구광역시,143.0,14.7,12.3,20.4,11.7,3.4,3.0
2022-03-27,대구광역시,143.0,13.1,7.3,20.7,,9.8,3.0
2022-03-28,대구광역시,143.0,9.0,3.0,14.9,,10.0,3.0
2022-03-29,대구광역시,143.0,10.8,1.8,19.8,,11.4,3.0
2022-03-30,대구광역시,143.0,14.8,5.7,23.3,,7.6,3.0
2022-03-31,대구광역시,143.0,10.5,6.7,13.4,0.1,2.1,3.0
2022-04-01,대구광역시,143.0,8.8,3.7,13.7,0.3,7.9,4.0
2022-04-02,대구광역시,143.0,10.2,1.2,17.3,,11.1,4.0
2022-04-03,대구광역시,143.0,11.3,3.4,19.3,,11.9,4.0
2022-04-04,대구광역시,143.0,13.2,4.7,21.0,,11.6,4.0
2022-04-05,대구광역시,143.0,14.4,5.7,21.5,,10.4,4.0
2023-02-01,대구광역시,143.0,3.8,-1.4,13.6,,6.8,2.0
2023-02-02,대구광역시,143.0,1.3,-2.0,6.6,,6.6,2.0
2023-02-03,대구광역시,143.0,2.4,-2.4,8.7,,6.2,2.0
2023-02-04,대구광역시,143.0,1.6,-1.9,7.2,,9.7,2.0
2023-02-05,대구광역시,143.0,1.6,-5.2,10.2,,9.9,2.0
2023-02-06,대구광역시,143.0,4.2,-4.7,13.5,,8.2,2.0
2023-02-07,대구광역시,143.0,5.3,-2.0,13.5,,6.3,2.0
2023-02-08,대구광역시,143.0,4.9,-1.7,11.7,,9.6,2.0
2023-02-09,대구광역시,143.0,3.9,-2.8,9.5,0.4,5.1,2.0
2023-02-10,대구광역시,143.0,4.6,0.9,7.8,10.3,0.0,2.0
2023-02-11,대구광역시,143.0,3.6,-1.8,10.6,,3.9,2.0
2023-02-12,대구광역시,143.0,4.8,-0.8,9.2,0.0,1.1,2.0
2023-02-13,대구광역시,143.0,6.1,4.4,7.9,0.5,0.0,2.0
2023-02-14,대구광역시,143.0,4.6,2.1,9.9,,6.7,2.0
2023-02-15,대구광역시,143.0,2.8,1.4,5.7,0.0,1.5,2.0
2023-02-16,대구광역시,143.0,4.7,1.2,11.2,,3.5,2.0
2023-02-17,대구광역시,143.0,4.4,-0.6,7.8,,1.6,2.0
2023-02-18,대구광역시,143.0,6.9,4.6,8.5,0.0,0.0,2.0
2023-02-19,대구광역시,143.0,7.2,2.2,11.3,0.0,6.5,2.0
2023-02-20,대구광역시,143.0,2.6,-1.3,7.4,,8.7,2.0
2023-02-21,대구광역시,143.0,1.3,-3.3,6.8,,10.5,2.0
2023-02-22,대구광역시,143.0,3.8,-4.6,11.1,,9.3,2.0
2023-02-23,대구광역시,143.0,7.8,3.5,12.8,0.0,9.9,2.0
2023-02-24,대구광역시,143.0,7.4,4.3,12.5,,9.0,2.0
2023-02-25,대구광역시,143.0,3.8,-0.2,9.2,,10.6,2.0
2023-02-26,대구광역시,143.0,3.7,-4.2,12.3,,10.8,2.0
2023-02-27,대구광역시,143.0,6.2,-3.5,16.9,,10.7,2.0
2023-02-28,대구광역시,143.0,8.8,-0.1,18.1,,10.7,2.0
2023-03-01,대구광역시,143.0,8.4,5.3,14.6,,1.3,3.0
2023-03-02,대구광역시,143.0,4.6,1.6,9.4,,10.8,3.0
2023-03-03,대구광역시,143.0,7.5,1.2,15.0,,10.6,3.0
2023-03-04,대구광역시,143.0,8.0,1.1,15.6,,8.0,3.0
2023-03-05,대구광역시,143.0,8.9,1.1,17.2,,10.2,3.0
2023-03-06,대구광역시,143.0,10.5,1.8,19.3,,10.4,3.0
2023-03-07,대구광역시,143.0,13.2,3.1,23.3,,9.3,3.0
2023-03-08,대구광역시,143.0,14.0,6.7,22.8,,9.5,3.0
2023-03-09,대구광역시,143.0,16.0,8.3,23.6,0.0,8.4,3.0
2023-03-10,대구광역시,143.0,14.9,6.7,23.8,,10.1,3.0
2023-03-11,대구광역시,143.0,16.7,7.9,24.6,,7.9,3.0
2023-03-12,대구광역시,143.0,9.9,2.4,19.0,6.7,3.3,3.0
2023-03-13,대구광역시,143.0,5.2,0.2,11.4,,11.1,3.0
2023-03-14,대구광역시,143.0,9.7,2.7,18.6,,9.6,3.0
2023-03-15,대구광역시,143.0,13.8,3.9,22.5,,7.7,3.0
2023-03-16,대구광역시,143.0,10.5,5.9,15.4,,7.8,3.0
2023-03-17,대구광역시,143.0,9.5,6.3,13.2,,3.4,3.0
2023-03-18,대구광역시,143.0,11.8,7.5,17.9,,5.9,3.0
2023-03-19,대구광역시,143.0,11.4,6.0,19.3,,11.2,3.0
2023-03-20,대구광역시,143.0,12.3,2.7,20.6,,10.5,3.0
2023-03-21,대구광역시,143.0,15.3,9.2,22.8,,9.0,3.0
2023-03-22,대구광역시,143.0,15.9,8.8,22.3,1.3,2.6,3.0
2023-03-23,대구광역시,143.0,15.2,14.5,16.4,19.3,0.0,3.0
2023-03-24,대구광역시,143.0,12.6,9.9,15.3,,2.3,3.0
2023-03-25,대구광역시,143.0,10.4,9.0,12.4,,0.0,3.0
2023-03-26,대구광역시,143.0,11.7,7.6,18.4,0.0,6.0,3.0
2023-03-27,대구광역시,143.0,9.7,4.1,16.7,,11.0,3.0
2023-03-28,대구광역시,143.0,11.4,2.3,19.4,,10.5,3.0
2023-03-29,대구광역시,143.0,13.3,4.6,21.8,,11.2,3.0
2023-03-30,대구광역시,143.0,15.6,6.2,24.1,,9.9,3.0
2023-03-31,대구광역시,143.0,16.4,8.0,25.6,,11.6,3.0
2023-04-01,대구광역시,143.0,15.0,7.0,23.0,,11.3,4.0
2023-04-02,대구광역시,143.0,13.6,7.6,19.6,,11.8,4.0
2023-04-03,대구광역시,143.0,13.3,6.4,19.6,,11.4,4.0
2023-04-04,대구광역시,143.0,15.1,9.3,22.8,2.0,5.4,4.0
2023-04-05,대구광역시,143.0,15.6,13.0,17.2,6.4,0.0,4.0
2024-02-01,대구광역시,143.0,6.3,3.5,9.1,0.0,0.1,2.0
2024-02-02,대구광역시,143.0,5.4,3.2,9.3,,3.2,2.0
2024-02-03,대구광역시,143.0,5.9,4.4,8.4,2.1,0.7,2.0
2024-02-04,대구광역시,143.0,5.9,3.9,8.8,1.9,0.3,2.0
2024-02-05,대구광역시,143.0,5.4,3.5,6.9,12.0,0.0,2.0
2024-02-06,대구광역시,143.0,3.5,1.2,5.3,0.0,0.0,2.0
2024-02-07,대구광역시,143.0,3.7,0.5,8.0,,9.7,2.0
2024-02-08,대구광역시,143.0,2.6,-2.6,9.6,,9.6,2.0
2024-02-09,대구광역시,143.0,3.3,-2.3,9.7,,9.1,2.0
2024-02-10,대구광역시,143.0,3.8,-1.4,9.2,,9.6,2.0
2024-02-11,대구광역시,143.0,3.1,-2.5,8.2,,7.7,2.0
2024-02-12,대구광역시,143.0,4.3,-2.8,13.5,,9.8,2.0
2024-02-13,대구광역시,143.0,8.3,-0.9,18.2,,10.0,2.0
2024-02-14,대구광역시,143.0,10.6,5.1,19.2,0.8,3.2,2.0
2024-02-15,대구광역시,143.0,8.5,3.4,17.8,,2.3,2.0
2024-02-16,대구광역시,143.0,4.6,0.3,10.0,,8.4,2.0
2024-02-17,대구광역시,143.0,5.8,-2.0,15.4,,10.3,2.0
2024-02-18,대구광역시,143.0,8.2,-1.3,14.5,5.1,3.6,2.0
2024-02-19,대구광역시,143.0,14.7,12.3,18.8,14.4,0.3,2.0
2024-02-20,대구광역시,143.0,7.5,5.5,13.0,3.9,0.0,2.0
2024-02-21,대구광역시,143.0,5.1,3.6,,4.9,0.0,2.0
2024-02-22,대구광역시,143.0,3.0,2.0,4.5,1.6,0.0,2.0
2024-02-23,대구광역시,143.0,3.0,1.2,5.5,0.3,0.0,2.0
2024-02-24,대구광역시,143.0,3.6,1.9,6.4,1.3,0.5,2.0
2024-02-25,대구광역시,143.0,4.2,1.5,8.3,1.7,0.3,2.0
2024-02-26,대구광역시,143.0,5.1,2.7,9.3,,1.8,2.0
2024-02-27,대구광역시,143.0,2.6,-1.0,6.7,,2.5,2.0
2024-02-28,대구광역시,143.0,4.6,-2.4,10.9,,7.2,2.0
2024-02-29,대구광역시,143.0,4.1,3.1,5.8,6.8,0.0,2.0
2024-03-01,대구광역시,143.0,0.5,-4.0,4.0,,9.7,3.0
2024-03-02,대구광역시,143.0,0.5,-5.5,7.0,,10.7,3.0
2024-03-03,대구광역시,143.0,6.3,1.0,12.0,0.0,6.1,3.0
2024-03-04,대구광역시,143.0,7.7,-0.2,13.9,0.0,7.3,3.0
2024-03-05,대구광역시,143.0,6.6,5.4,9.3,8.0,0.0,3.0
2024-03-06,대구광역시,143.0,6.9,4.8,10.0,0.0,1.5,3.0
2024-03-07,대구광역시,143.0,5.9,3.6,9.7,0.0,2.6,3.0
2024-03-08,대구광역시,143.0,4.7,1.4,10.2,,10.3,3.0
2024-03-09,대구광역시,143.0,3.9,-0.6,10.5,,11.1,3.0
2024-03-10,대구광역시,143.0,5.4,-2.9,13.9,,11.2,3.0
2024-03-11,대구광역시,143.0,8.0,0.9,13.4,,4.6,3.0
2024-03-12,대구광역시,143.0,6.7,2.1,12.1,0.0,2.9,3.0
2024-03-13,대구광역시,143.0,7.8,0.6,16.1,,9.3,3.0
2024-03-14,대구광역시,143.0,9.7,1.6,18.1,,9.8,3.0
2024-03-15,대구광역시,143.0,12.0,1.7,21.1,,11.0,3.0
2024-03-16,대구광역시,143.0,14.1,4.4,22.1,0.0,10.0,3.0
2024-03-17,대구광역시,143.0,13.6,8.3,18.8,,5.2,3.0
2024-03-18,대구광역시,143.0,9.9,2.7,17.4,,10.3,3.0
2024-03-19,대구광역시,143.0,9.9,5.9,16.3,0.3,3.5,3.0
2024-03-20,대구광역시,143.0,6.7,4.0,11.1,,11.0,3.0
2024-03-21,대구광역시,143.0,6.4,0.4,13.1,,11.4,3.0
2024-03-22,대구광역시,143.0,10.0,2.0,16.1,0.2,6.6,3.0
2024-03-23,대구광역시,143.0,16.0,11.1,24.1,0.3,10.1,3.0
2024-03-24,대구광역시,143.0,10.9,10.1,12.3,0.3,0.0,3.0
2024-03-25,대구광역시,143.0,9.5,7.0,12.4,16.2,0.0,3.0
2024-03-26,대구광역시,143.0,7.9,5.8,11.1,17.3,0.1,3.0
2024-03-27,대구광역시,143.0,10.0,2.2,17.0,,8.7,3.0
2024-03-28,대구광역시,143.0,9.2,8.2,11.0,27.0,0.0,3.0
2024-03-29,대구광역시,143.0,13.1,5.1,20.1,,8.8,3.0
2024-03-30,대구광역시,143.0,11.3,3.9,18.8,1.3,8.3,3.0
2024-03-31,대구광역시,143.0,13.2,8.0,19.9,,9.2,3.0
2024-04-01,대구광역시,143.0,14.6,5.3,24.0,,11.7,4.0
2024-04-02,대구광역시,143.0,15.7,7.4,24.6,2.9,6.3,4.0
2024-04-03,대구광역시,143.0,12.1,11.3,13.4,29.4,0.0,4.0
2024-04-04,대구광역시,143.0,12.4,10.6,15.7,,1.4,4.0
2025-02-01,대구광역시,143.0,3.7,2.5,5.7,5.9,0.0,2.0
2025-02-02,대구광역시,143.0,3.7,0.5,10.0,,4.5,2.0
2025-02-03,대구광역시,143.0,0.5,-3.7,3.9,,9.1,2.0
2025-02-04,대구광역시,143.0,-4.3,-7.1,-0.8,,9.9,2.0
2025-02-05,대구광역시,143.0,-4.2,-6.8,0.4,,9.8,2.0
2025-02-06,대구광역시,143.0,-2.2,-6.6,2.3,,9.4,2.0
2025-02-07,대구광역시,143.0,-4.8,-8.1,-1.0,1.0,4.3,2.0
2025-02-08,대구광역시,143.0,-5.1,-9.3,-0.2,,10.2,2.0
2025-02-09,대구광역시,143.0,-2.4,-6.9,3.2,,10.1,2.0
2025-02-10,대구광역시,143.0,-0.4,-4.6,4.6,,9.8,2.0
2025-02-11,대구광역시,143.0,0.9,-6.2,9.6,,10.0,2.0
2025-02-12,대구광역시,143.0,1.5,-1.3,4.3,5.7,0.0,2.0
2025-02-13,대구광역시,143.0,2.0,-2.2,7.1,,10.4,2.0
2025-02-14,대구광역시,143.0,3.5,-4.0,12.0,,9.9,2.0
2025-02-15,대구광역시,143.0,3.4,-2.5,9.8,,1.7,2.0
2025-02-16,대구광역시,143.0,6.3,-2.2,13.7,,9.4,2.0
2025-02-17,대구광역시,143.0,2.8,-0.7,7.4,,10.5,2.0
2025-02-18,대구광역시,143.0,0.2,-2.9,4.5,,10.4,2.0
2025-02-19,대구광역시,143.0,0.1,-3.6,5.0,,10.6,2.0
2025-02-20,대구광역시,143.0,0.0,-3.9,5.2,,10.5,2.0
2025-02-21,대구광역시,143.0,0.1,-3.5,4.8,,8.6,2.0
2025-02-22,대구광역시,143.0,0.8,-2.9,6.1,0.0,10.5,2.0
2025-02-23,대구광역시,143.0,-1.0,-3.7,2.7,,7.0,2.0
2025-02-24,대구광역시,143.0,0.9,-4.4,7.0,,10.8,2.0
2025-02-25,대구광역시,143.0,4.3,-3.1,10.7,,8.7,2.0
2025-02-26,대구광역시,143.0,6.2,-0.7,12.7,,10.3,2.0
2025-02-27,대구광역시,143.0,7.0,-3.0,15.5,0.0,10.1,2.0
2025-02-28,대구광역시,143.0,10.8,5.9,18.6,0.1,10.4,2.0
2025-03-01,대구광역시,143.0,9.4,1.7,15.2,0.0,2.7,3.0
2025-03-02,대구광역시,143.0,10.2,5.6,14.2,4.0,0.0,3.0
2025-03-03,대구광역시,143.0,3.1,0.9,5.9,13.4,0.0,3.0
2025-03-04,대구광역시,143.0,3.0,1.5,4.6,3.8,0.1,3.0
2025-03-05,대구광역시,143.0,4.9,2.6,8.0,0.0,0.0,3.0
2025-03-06,대구광역시,143.0,5.1,2.2,9.6,0.0,3.8,3.0
2025-03-07,대구광역시,143.0,5.3,-0.6,11.6,,9.1,3.0
2025-03-08,대구광역시,143.0,7.6,4.2,12.4,0.0,6.6,3.0
2025-03-09,대구광역시,143.0,7.7,0.4,15.1,,11.0,3.0
2025-03-10,대구광역시,143.0,7.4,0.1,14.5,,8.0,3.0
2025-03-11,대구광역시,143.0,10.1,1.3,19.6,,10.7,3.0
2025-03-12,대구광역시,143.0,12.3,4.2,19.4,,9.9,3.0
2025-03-13,대구광역시,143.0,12.0,7.9,18.7,,8.9,3.0
2025-03-14,대구광역시,143.0,9.6,2.8,16.6,,10.5,3.0
2025-03-15,대구광역시,143.0,8.1,6.3,9.2,0.4,0.3,3.0
2025-03-16,대구광역시,143.0,5.4,0.7,9.1,2.1,0.0,3.0
2025-03-17,대구광역시,143.0,4.2,0.4,9.7,,10.3,3.0
2025-03-18,대구광역시,143.0,2.8,0.6,5.4,0.1,1.6,3.0
2025-03-19,대구광역시,143.0,4.6,-0.6,10.1,,11.3,3.0
2025-03-20,대구광역시,143.0,9.2,-1.0,17.5,,11.2,3.0
2025-03-21,대구광역시,143.0,15.4,6.1,23.8,,11.2,3.0
2025-03-22,대구광역시,143.0,17.4,7.1,26.0,,11.4,3.0
2025-03-23,대구광역시,143.0,17.5,7.7,27.9,,10.2,3.0
2025-03-24,대구광역시,143.0,18.3,11.6,25.4,,6.9,3.0
2025-03-25,대구광역시,143.0,18.9,10.2,27.3,,10.4,3.0
2025-03-26,대구광역시,143.0,17.7,8.6,26.9,,11.4,3.0
2025-03-27,대구광역시,143.0,19.6,14.1,27.2,1.2,4.1,3.0
2025-03-28,대구광역시,143.0,9.6,7.0,14.1,0.4,4.7,3.0
2025-03-29,대구광역시,143.0,6.7,3.0,12.7,0.0,10.3,3.0
2025-03-30,대구광역시,143.0,5.5,1.0,10.5,,9.8,3.0
2025-03-31,대구광역시,143.0,7.7,-0.1,14.8,,9.8,3.0
2025-04-01,대구광역시,143.0,10.0,2.0,17.3,,11.8,4.0
2025-04-02,대구광역시,143.0,9.1,2.0,19.3,8.1,10.0,4.0
2025-04-03,대구광역시,143.0,9.0,3.4,16.0,,7.5,4.0
2025-04-04,대구광역시,143.0,11.3,3.5,18.8,,9.6,4.0
2025-04-05,대구광역시,143.0,11.8,7.9,15.6,0.0,0.1,4.0
