지점,지점명,일시,평균기온(°C),최저기온(°C),최고기온(°C),일강수량(mm),합계 일조시간(hr),월
133,대전,2001-02-01,-2.0,-6.9,3.3,0.0,8.8,2
133,대전,2001-02-02,-3.6,-10.4,1.7,0.0,8.9,2
133,대전,2001-02-03,1.9,-1.5,6.7,0.0,4.2,2
133,대전,2001-02-04,2.7,-1.0,9.5,,4.2,2
133,대전,2001-02-05,2.5,-2.7,9.4,,8.2,2
133,대전,2001-02-06,4.1,0.9,9.4,,7.2,2
133,대전,2001-02-07,0.2,-4.8,4.4,,6.2,2
133,대전,2001-02-08,-3.7,-8.6,1.3,,9.1,2
133,대전,2001-02-09,-1.4,-6.6,3.9,0.0,5.2,2
133,대전,2001-02-10,0.0,-5.3,6.1,,8.9,2
133,대전,2001-02-11,-1.0,-3.8,3.1,,5.1,2
133,대전,2001-02-12,-2.1,-4.7,1.6,,1.5,2
133,대전,2001-02-13,-2.7,-5.2,2.5,,4.2,2
133,대전,2001-02-14,-2.2,-6.7,3.2,,8.7,2
133,대전,2001-02-15,0.7,-5.4,6.9,5.3,1.2,2
133,대전,2001-02-16,-2.5,-6.2,1.3,,9.1,2
133,대전,2001-02-17,-1.1,-6.9,4.3,,5.6,2
133,대전,2001-02-18,3.7,-1.4,11.6,,8.1,2
133,대전,2001-02-19,4.7,0.2,11.6,,6.8,2
133,대전,2001-02-20,5.0,-2.8,15.0,,8.7,2
133,대전,2001-02-21,4.8,1.6,9.1,1.8,0.5,2
133,대전,2001-02-22,5.7,1.4,14.4,,5.3,2
133,대전,2001-02-23,3.8,1.3,5.5,19.5,0.0,2
133,대전,2001-02-24,1.1,-2.3,3.2,8.7,0.0,2
133,대전,2001-02-25,0.1,-4.8,6.1,,9.8,2
133,대전,2001-02-26,2.0,-4.2,9.2,,9.5,2
133,대전,2001-02-27,2.5,-3.1,7.7,23.4,2.3,2
133,대전,2001-02-28,2.9,2.1,5.1,11.3,0.0,2
133,대전,2001-03-01,4.9,1.2,11.1,,4.6,3
133,대전,2001-03-02,5.8,0.5,11.4,,4.9,3
133,대전,2001-03-03,5.3,0.6,14.0,3.0,1.3,3
133,대전,2001-03-04,0.0,-2.2,2.6,0.8,4.7,3
133,대전,2001-03-05,3.4,-1.5,9.7,,9.6,3
133,대전,2001-03-06,5.9,-0.1,12.8,,1.2,3
133,대전,2001-03-07,0.3,-2.5,3.7,0.0,7.9,3
133,대전,2001-03-08,-2.5,-4.7,1.1,0.3,5.8,3
133,대전,2001-03-09,0.9,-4.6,6.0,0.0,9.4,3
133,대전,2001-03-10,3.7,-2.0,8.2,0.0,8.6,3
133,대전,2001-03-11,1.4,-5.5,9.2,,10.0,3
133,대전,2001-03-12,2.4,-3.3,8.8,,9.8,3
133,대전,2001-03-13,5.4,-3.5,15.1,,10.2,3
133,대전,2001-03-14,9.6,0.0,17.9,0.0,6.9,3
133,대전,2001-03-15,5.5,0.6,12.5,,9.2,3
133,대전,2001-03-16,5.3,-3.2,12.7,,6.6,3
133,대전,2001-03-17,7.9,4.9,13.3,,0.4,3
133,대전,2001-03-18,8.6,0.9,16.3,,9.9,3
133,대전,2001-03-19,11.4,5.0,18.4,,6.4,3
133,대전,2001-03-20,13.2,7.7,20.2,,8.4,3
133,대전,2001-03-21,13.1,2.6,23.7,,10.2,3
133,대전,2001-03-22,12.4,6.1,20.0,,7.3,3
133,대전,2001-03-23,11.4,3.2,21.3,,9.9,3
133,대전,2001-03-24,13.6,3.3,23.5,,8.1,3
133,대전,2001-03-25,11.3,3.7,20.6,,5.6,3
133,대전,2001-03-26,4.3,0.6,9.9,,10.3,3
133,대전,2001-03-27,3.1,-2.3,9.1,0.0,1.2,3
133,대전,2001-03-28,3.8,0.6,8.3,6.7,2.3,3
133,대전,2001-03-29,2.8,-0.5,7.8,1.7,6.3,3
133,대전,2001-03-30,2.5,-1.1,8.2,3.5,3.1,3
133,대전,2001-03-31,4.9,-1.7,11.6,,9.6,3
133,대전,2001-04-01,6.7,0.0,14.2,,10.3,4
133,대전,2001-04-02,9.5,0.2,16.3,,9.3,4
133,대전,2001-04-03,9.2,3.7,16.3,,10.1,4
133,대전,2001-04-04,10.2,0.1,20.4,,10.9,4
133,대전,2001-04-05,10.7,2.8,18.7,,10.4,4
133,대전,2001-04-06,12.4,2.6,20.1,,7.6,4
133,대전,2001-04-07,14.9,10.8,22.5,0.0,3.7,4
133,대전,2001-04-08,16.9,9.5,24.7,,7.2,4
133,대전,2001-04-09,20.5,12.3,28.0,,8.6,4
133,대전,2001-04-10,19.0,13.5,26.2,,7.6,4
133,대전,2001-04-11,8.5,5.2,13.9,5.8,0.0,4
133,대전,2001-04-12,9.3,5.0,15.4,,10.4,4
133,대전,2001-04-13,12.5,4.4,18.8,,10.2,4
133,대전,2001-04-14,10.9,6.9,16.4,2.7,10.0,4
133,대전,2001-04-15,14.1,8.8,20.6,,11.0,4
133,대전,2001-04-16,15.6,6.9,24.6,,11.2,4
133,대전,2002-02-01,-0.2,-6.9,6.8,,7.9,2
133,대전,2002-02-02,2.8,-2.4,9.8,,7.2,2
133,대전,2002-02-03,2.4,-3.4,10.4,,8.5,2
133,대전,2002-02-04,2.0,-2.8,7.2,,0.0,2
133,대전,2002-02-05,4.9,0.1,11.7,,8.4,2
133,대전,2002-02-06,4.8,-2.5,10.8,0.0,5.6,2
133,대전,2002-02-07,4.9,0.4,10.9,,8.9,2
133,대전,2002-02-08,1.6,-2.8,6.7,0.0,0.5,2
133,대전,2002-02-09,-1.0,-5.1,2.6,,8.9,2
133,대전,2002-02-10,0.0,-2.1,3.4,2.0,2.8,2
133,대전,2002-02-11,-1.9,-5.8,3.1,4.5,5.0,2
133,대전,2002-02-12,-1.0,-8.1,5.8,,9.0,2
133,대전,2002-02-13,-0.3,-5.1,6.1,,9.1,2
133,대전,2002-02-14,-0.3,-6.4,6.6,,9.1,2
133,대전,2002-02-15,0.9,-6.4,8.5,,9.1,2
133,대전,2002-02-16,2.3,-3.5,8.9,,4.9,2
133,대전,2002-02-17,2.6,-0.5,7.7,0.0,1.5,2
133,대전,2002-02-18,-0.5,-3.0,3.0,,9.1,2
133,대전,2002-02-19,-0.3,-4.8,5.7,,9.2,2
133,대전,2002-02-20,2.3,-6.0,10.6,,9.2,2
133,대전,2002-02-21,1.6,-2.3,3.6,5.5,0.0,2
133,대전,2002-02-22,4.1,1.5,9.0,,3.5,2
133,대전,2002-02-23,3.7,-0.8,11.3,,8.6,2
133,대전,2002-02-24,5.0,-3.1,13.2,,9.5,2
133,대전,2002-02-25,5.9,1.4,10.8,,1.9,2
133,대전,2002-02-26,6.3,-0.4,13.2,,6.9,2
133,대전,2002-02-27,6.8,0.8,12.0,0.0,0.3,2
133,대전,2002-02-28,8.0,3.3,14.5,,8.1,2
133,대전,2002-03-01,6.2,-1.5,15.3,,7.0,3
133,대전,2002-03-02,6.8,0.4,15.7,,4.9,3
133,대전,2002-03-03,5.9,1.0,11.7,,7.8,3
133,대전,2002-03-04,4.9,-2.5,11.6,,8.9,3
133,대전,2002-03-05,3.6,1.7,6.4,8.0,0.0,3
133,대전,2002-03-06,3.1,0.8,5.2,1.0,1.2,3
133,대전,2002-03-07,1.9,-1.4,7.1,,9.9,3
133,대전,2002-03-08,4.0,-3.7,11.0,,9.9,3
133,대전,2002-03-09,9.2,-1.1,16.6,,9.3,3
133,대전,2002-03-10,10.8,5.3,15.2,2.0,5.7,3
133,대전,2002-03-11,7.3,-0.2,15.0,,10.0,3
133,대전,2002-03-12,9.2,-0.3,18.3,,9.8,3
133,대전,2002-03-13,11.5,1.5,20.9,,9.6,3
133,대전,2002-03-14,8.8,6.8,11.2,8.0,0.0,3
133,대전,2002-03-15,9.4,4.9,15.0,0.5,4.5,3
133,대전,2002-03-16,9.0,0.7,17.2,,10.0,3
133,대전,2002-03-17,12.0,7.8,17.8,,8.9,3
133,대전,2002-03-18,9.2,5.7,14.3,,8.7,3
133,대전,2002-03-19,10.7,4.7,17.1,,9.5,3
133,대전,2002-03-20,14.3,3.4,22.4,,7.3,3
133,대전,2002-03-21,9.8,6.7,18.2,8.5,0.0,3
133,대전,2002-03-22,6.8,4.3,9.6,4.5,2.3,3
133,대전,2002-03-23,6.6,2.9,11.9,,9.4,3
133,대전,2002-03-24,6.1,-0.3,12.1,,9.8,3
133,대전,2002-03-25,8.5,-1.1,16.6,,10.4,3
133,대전,2002-03-26,9.9,2.9,15.3,,3.5,3
133,대전,2002-03-27,11.6,6.8,17.9,,10.3,3
133,대전,2002-03-28,12.5,3.9,21.7,,8.3,3
133,대전,2002-03-29,13.8,10.1,19.3,0.0,8.7,3
133,대전,2002-03-30,12.2,6.8,20.0,1.0,3.8,3
133,대전,2002-03-31,11.8,8.8,16.1,,4.9,3
133,대전,2002-04-01,14.2,5.1,24.0,,9.8,4
133,대전,2002-04-02,16.6,5.7,26.0,,10.5,4
133,대전,2002-04-03,16.9,11.9,23.1,,7.0,4
133,대전,2002-04-04,15.1,4.6,24.4,,10.7,4
133,대전,2002-04-05,17.4,7.2,26.1,1.5,8.8,4
133,대전,2002-04-06,13.8,11.8,15.9,17.0,0.0,4
133,대전,2002-04-07,14.1,11.2,18.9,,6.0,4
133,대전,2002-04-08,11.0,7.3,15.5,0.0,3.9,4
133,대전,2002-04-09,8.3,4.3,13.5,,7.6,4
133,대전,2002-04-10,9.3,3.2,15.5,,7.3,4
133,대전,2002-04-11,10.3,4.2,16.1,,5.8,4
133,대전,2002-04-12,11.8,6.8,17.7,1.0,5.7,4
133,대전,2002-04-13,13.5,7.2,18.6,,10.2,4
133,대전,2002-04-14,21.1,14.1,26.5,,6.5,4
133,대전,2002-04-15,21.9,19.1,27.1,4.0,4.8,4
133,대전,2002-04-16,15.7,11.5,19.4,65.5,0.0,4
133,대전,2003-02-01,-0.9,-7.7,6.3,,8.9,2
133,대전,2003-02-02,-0.9,-6.6,5.4,,8.9,2
133,대전,2003-02-03,-0.4,-6.8,5.7,,8.9,2
133,대전,2003-02-04,0.5,-2.2,5.0,,3.5,2
133,대전,2003-02-05,-0.2,-4.3,4.7,,4.1,2
133,대전,2003-02-06,0.3,-5.8,6.3,,8.9,2
133,대전,2003-02-07,3.1,-2.3,8.1,,0.2,2
133,대전,2003-02-08,2.5,1.9,3.1,19.5,0.0,2
133,대전,2003-02-09,3.4,1.5,8.9,,3.8,2
133,대전,2003-02-10,4.0,0.5,7.9,0.5,1.1,2
133,대전,2003-02-11,1.5,-3.7,5.3,3.5,7.7,2
133,대전,2003-02-12,-3.3,-6.9,1.8,,9.1,2
133,대전,2003-02-13,0.8,-5.6,6.5,0.0,7.6,2
133,대전,2003-02-14,2.7,-2.6,9.1,,8.6,2
133,대전,2003-02-15,3.2,-2.2,8.1,,0.8,2
133,대전,2003-02-16,4.4,-0.7,11.1,,8.9,2
133,대전,2003-02-17,3.8,-2.9,10.7,,8.3,2
133,대전,2003-02-18,4.2,-1.9,9.7,,3.1,2
133,대전,2003-02-19,4.4,2.6,6.2,0.0,0.6,2
133,대전,2003-02-20,3.0,-1.1,9.0,,9.3,2
133,대전,2003-02-21,4.0,-0.1,7.2,0.2,0.0,2
133,대전,2003-02-22,4.7,3.4,5.5,33.0,0.0,2
133,대전,2003-02-23,4.6,3.9,5.4,1.0,0.0,2
133,대전,2003-02-24,4.4,2.4,7.5,1.5,0.3,2
133,대전,2003-02-25,5.5,1.6,11.3,,8.1,2
133,대전,2003-02-26,6.5,3.0,12.6,,4.1,2
133,대전,2003-02-27,6.7,2.1,12.4,,9.1,2
133,대전,2003-02-28,7.9,2.1,12.7,0.0,7.5,2
133,대전,2003-03-01,5.3,3.0,9.1,11.5,0.2,3
133,대전,2003-03-02,5.6,-0.4,12.6,0.5,7.3,3
133,대전,2003-03-03,1.9,-2.8,4.9,1.0,7.9,3
133,대전,2003-03-04,-0.7,-5.1,4.4,,7.2,3
133,대전,2003-03-05,3.2,-2.1,8.1,,0.2,3
133,대전,2003-03-06,3.7,1.5,5.5,10.0,0.0,3
133,대전,2003-03-07,3.6,2.7,4.7,1.0,0.0,3
133,대전,2003-03-08,2.4,0.6,5.1,1.0,0.2,3
133,대전,2003-03-09,3.3,-0.8,8.7,,4.7,3
133,대전,2003-03-10,5.0,-0.9,10.3,,8.5,3
133,대전,2003-03-11,5.4,-1.0,11.9,,9.9,3
133,대전,2003-03-12,7.0,2.1,12.2,,6.7,3
133,대전,2003-03-13,6.0,-0.1,12.9,,9.9,3
133,대전,2003-03-14,5.8,-0.6,12.6,0.4,5.0,3
133,대전,2003-03-15,7.8,3.0,13.2,0.5,3.7,3
133,대전,2003-03-16,7.8,6.9,8.9,8.0,0.0,3
133,대전,2003-03-17,6.1,3.8,7.6,0.1,0.1,3
133,대전,2003-03-18,6.0,0.1,12.6,,5.7,3
133,대전,2003-03-19,6.0,-1.0,13.5,,10.3,3
133,대전,2003-03-20,7.5,-1.1,15.6,,10.2,3
133,대전,2003-03-21,9.0,1.6,16.0,0.5,6.8,3
133,대전,2003-03-22,10.3,4.2,16.6,,10.4,3
133,대전,2003-03-23,9.0,3.4,15.2,,3.6,3
133,대전,2003-03-24,9.8,3.6,16.2,0.0,6.3,3
133,대전,2003-03-25,9.8,5.3,14.8,0.2,7.9,3
133,대전,2003-03-26,11.9,3.9,18.8,,6.4,3
133,대전,2003-03-27,9.0,3.5,14.1,9.5,6.5,3
133,대전,2003-03-28,6.4,1.8,12.3,,7.8,3
133,대전,2003-03-29,8.2,-0.6,15.2,,10.1,3
133,대전,2003-03-30,13.6,5.8,20.0,,5.6,3
133,대전,2003-03-31,17.0,11.7,23.0,0.0,3.8,3
133,대전,2003-04-01,16.1,12.8,21.1,,9.1,4
133,대전,2003-04-02,13.8,9.0,19.0,,7.9,4
133,대전,2003-04-03,14.2,7.2,20.0,,8.1,4
133,대전,2003-04-04,13.2,10.5,17.6,0.0,1.7,4
133,대전,2003-04-05,11.9,4.0,19.4,,10.7,4
133,대전,2003-04-06,13.3,5.5,21.0,,10.8,4
133,대전,2003-04-07,9.8,4.6,17.8,12.5,2.1,4
133,대전,2003-04-08,9.8,7.8,12.9,15.0,1.8,4
133,대전,2003-04-09,9.0,6.8,13.0,,2.3,4
133,대전,2003-04-10,12.1,3.3,19.1,,10.9,4
133,대전,2003-04-11,10.2,6.8,13.6,7.5,0.0,4
133,대전,2003-04-12,12.9,9.4,18.0,0.5,5.2,4
133,대전,2003-04-13,13.1,7.0,19.8,,9.7,4
133,대전,2003-04-14,14.0,8.5,21.0,,9.9,4
133,대전,2003-04-15,14.5,4.8,23.3,,10.8,4
133,대전,2003-04-16,16.7,8.0,25.8,,11.1,4
133,대전,2004-02-01,3.4,-3.5,11.9,,4.7,2
133,대전,2004-02-02,1.0,-2.4,3.9,0.0,8.1,2
133,대전,2004-02-03,-2.6,-6.3,1.1,0.0,7.4,2
133,대전,2004-02-04,-1.0,-5.9,3.5,4.0,4.9,2
133,대전,2004-02-05,-3.0,-6.1,0.4,1.5,4.6,2
133,대전,2004-02-06,-3.0,-9.0,1.0,2.6,6.5,2
133,대전,2004-02-07,-1.8,-5.3,1.5,0.5,6.8,2
133,대전,2004-02-08,2.0,-3.4,8.0,,6.2,2
133,대전,2004-02-09,-0.9,-5.3,4.2,,9.0,2
133,대전,2004-02-10,-0.4,-7.1,6.6,,9.0,2
133,대전,2004-02-11,3.1,-2.5,10.1,,6.7,2
133,대전,2004-02-12,2.1,-2.4,8.4,,8.7,2
133,대전,2004-02-13,4.0,-2.6,9.5,,6.1,2
133,대전,2004-02-14,5.7,2.2,9.8,0.5,6.1,2
133,대전,2004-02-15,4.4,-1.5,10.3,,9.0,2
133,대전,2004-02-16,5.8,-1.7,12.7,,8.9,2
133,대전,2004-02-17,6.1,0.4,11.0,0.0,8.9,2
133,대전,2004-02-18,5.5,-3.6,15.4,,9.1,2
133,대전,2004-02-19,7.3,-1.9,17.4,,8.4,2
133,대전,2004-02-20,10.5,0.0,20.8,,9.2,2
133,대전,2004-02-21,13.8,8.1,20.0,12.0,1.0,2
133,대전,2004-02-22,6.9,3.1,16.0,9.0,0.0,2
133,대전,2004-02-23,3.6,0.3,9.6,,9.1,2
133,대전,2004-02-24,4.8,-1.0,10.1,,7.7,2
133,대전,2004-02-25,7.9,3.9,13.3,0.0,4.6,2
133,대전,2004-02-26,3.1,0.5,5.8,0.0,3.6,2
133,대전,2004-02-27,3.3,-1.0,8.9,0.0,9.8,2
133,대전,2004-02-28,6.1,-0.9,13.2,0.1,0.3,2
133,대전,2004-02-29,6.1,2.6,10.6,0.4,8.2,2
133,대전,2004-03-01,3.8,-0.9,9.6,,9.9,3
133,대전,2004-03-02,0.5,-2.7,4.4,,10.0,3
133,대전,2004-03-03,-1.9,-3.7,1.5,0.5,5.0,3
133,대전,2004-03-04,1.4,-4.6,5.0,0.0,8.0,3
133,대전,2004-03-05,0.9,-0.4,5.2,69.8,0.0,3
133,대전,2004-03-06,-2.4,-4.5,0.3,0.4,5.8,3
133,대전,2004-03-07,-1.7,-7.1,3.1,,10.2,3
133,대전,2004-03-08,1.8,-5.8,7.3,,5.5,3
133,대전,2004-03-09,6.2,-1.1,14.1,,9.1,3
133,대전,2004-03-10,10.4,2.5,17.2,,2.1,3
133,대전,2004-03-11,6.6,4.0,10.0,,3.3,3
133,대전,2004-03-12,8.1,1.9,15.3,,10.1,3
133,대전,2004-03-13,8.1,0.5,15.7,,8.7,3
133,대전,2004-03-14,7.5,3.0,13.3,,3.5,3
133,대전,2004-03-15,8.9,1.5,17.7,,7.2,3
133,대전,2004-03-16,15.3,5.9,22.4,,6.3,3
133,대전,2004-03-17,8.3,0.2,18.7,10.5,0.0,3
133,대전,2004-03-18,3.0,-1.2,9.1,,10.6,3
133,대전,2004-03-19,5.0,-2.0,10.8,,10.3,3
133,대전,2004-03-20,8.0,2.2,14.1,,9.3,3
133,대전,2004-03-21,11.1,4.0,17.9,,6.6,3
133,대전,2004-03-22,10.6,6.7,16.2,2.0,6.2,3
133,대전,2004-03-23,10.1,2.6,17.0,,9.7,3
133,대전,2004-03-24,8.9,4.2,14.3,0.0,3.2,3
133,대전,2004-03-25,8.5,4.9,14.6,,5.6,3
133,대전,2004-03-26,9.9,1.1,17.6,,10.5,3
133,대전,2004-03-27,10.7,3.1,18.0,,8.8,3
133,대전,2004-03-28,11.9,2.0,21.0,,10.6,3
133,대전,2004-03-29,15.2,8.5,21.9,0.0,6.5,3
133,대전,2004-03-30,12.1,5.1,16.4,0.0,8.7,3
133,대전,2004-03-31,9.0,2.7,16.6,,10.4,3
133,대전,2004-04-01,9.6,2.0,19.8,13.0,4.9,4
133,대전,2004-04-02,8.3,5.7,12.9,1.0,6.5,4
133,대전,2004-04-03,7.3,3.1,11.8,,6.3,4
133,대전,2004-04-04,7.6,1.0,13.9,,10.9,4
133,대전,2004-04-05,9.7,2.0,16.9,,11.1,4
133,대전,2004-04-06,8.9,3.2,15.2,0.0,1.8,4
133,대전,2004-04-07,10.1,6.7,16.0,0.1,6.5,4
133,대전,2004-04-08,10.9,1.7,19.2,,11.1,4
133,대전,2004-04-09,13.6,5.0,21.0,,10.7,4
133,대전,2004-04-10,16.0,6.1,25.2,,10.3,4
133,대전,2004-04-11,16.9,11.5,23.3,,7.8,4
133,대전,2004-04-12,17.1,8.9,23.7,,7.9,4
133,대전,2004-04-13,17.9,12.1,24.5,,9.1,4
133,대전,2004-04-14,16.8,11.0,25.0,,11.0,4
133,대전,2004-04-15,15.9,7.0,24.7,,6.9,4
133,대전,2005-02-01,-8.1,-10.7,-5.2,0.2,6.0,2
133,대전,2005-02-02,-5.1,-9.9,-0.5,0.0,4.7,2
133,대전,2005-02-03,-2.2,-5.5,2.4,0.0,9.1,2
133,대전,2005-02-04,-0.6,-4.7,4.5,,9.1,2
133,대전,2005-02-05,-0.3,-3.6,5.0,,8.0,2
133,대전,2005-02-06,0.2,-6.5,7.7,,6.1,2
133,대전,2005-02-07,2.9,-1.7,6.9,0.0,0.0,2
133,대전,2005-02-08,2.0,-1.0,5.4,3.0,4.2,2
133,대전,2005-02-09,-0.2,-2.3,1.7,0.0,0.2,2
133,대전,2005-02-10,-3.9,-6.6,0.4,,9.3,2
133,대전,2005-02-11,-5.0,-9.5,0.8,,8.9,2
133,대전,2005-02-12,-3.9,-8.2,1.8,,3.9,2
133,대전,2005-02-13,-2.0,-9.1,4.8,,9.5,2
133,대전,2005-02-14,0.7,-4.5,5.0,,1.1,2
133,대전,2005-02-15,5.1,0.6,9.3,13.5,0.0,2
133,대전,2005-02-16,4.3,3.1,5.8,19.5,0.0,2
133,대전,2005-02-17,5.9,1.3,10.4,,5.0,2
133,대전,2005-02-18,3.2,0.5,4.8,0.5,0.5,2
133,대전,2005-02-19,-1.5,-6.0,1.6,0.3,4.8,2
133,대전,2005-02-20,-5.8,-9.5,-2.5,0.0,6.1,2
133,대전,2005-02-21,-5.0,-10.6,-0.2,0.0,10.0,2
133,대전,2005-02-22,1.8,-5.7,7.0,0.5,0.2,2
133,대전,2005-02-23,0.1,-3.8,5.3,,7.4,2
133,대전,2005-02-24,-0.6,-4.2,6.7,,4.2,2
133,대전,2005-02-25,-2.6,-5.3,1.4,0.0,9.9,2
133,대전,2005-02-26,-4.1,-8.4,0.3,0.0,10.2,2
133,대전,2005-02-27,-2.2,-8.6,3.9,,8.7,2
133,대전,2005-02-28,0.9,-3.5,7.2,,8.7,2
133,대전,2005-03-01,0.9,-5.1,6.4,,10.1,3
133,대전,2005-03-02,0.3,-1.8,3.1,0.7,0.2,3
133,대전,2005-03-03,-1.1,-5.4,3.8,,6.8,3
133,대전,2005-03-04,-0.8,-6.2,4.9,,9.5,3
133,대전,2005-03-05,-1.4,-6.0,4.0,,7.8,3
133,대전,2005-03-06,0.7,-5.6,8.0,,10.2,3
133,대전,2005-03-07,5.0,-3.1,11.8,,9.7,3
133,대전,2005-03-08,7.5,3.1,12.6,,5.6,3
133,대전,2005-03-09,8.7,-1.3,17.6,,8.9,3
133,대전,2005-03-10,13.0,8.7,17.3,0.0,2.4,3
133,대전,2005-03-11,2.0,-3.1,8.7,2.0,4.1,3
133,대전,2005-03-12,-2.7,-5.4,0.6,0.0,8.9,3
133,대전,2005-03-13,-0.9,-5.2,2.7,0.0,8.3,3
133,대전,2005-03-14,2.9,-3.5,10.0,,10.8,3
133,대전,2005-03-15,3.2,-0.1,7.1,1.5,1.6,3
133,대전,2005-03-16,7.1,0.7,14.1,0.2,6.5,3
133,대전,2005-03-17,6.4,3.7,11.8,12.0,3.5,3
133,대전,2005-03-18,4.1,0.1,9.2,,10.6,3
133,대전,2005-03-19,4.6,-2.7,12.7,,9.6,3
133,대전,2005-03-20,6.3,2.0,11.9,,9.7,3
133,대전,2005-03-21,7.8,-0.5,16.2,1.0,7.0,3
133,대전,2005-03-22,7.2,3.7,13.5,19.5,4.9,3
133,대전,2005-03-23,8.3,4.7,13.6,,6.2,3
133,대전,2005-03-24,2.5,0.4,6.4,1.9,5.5,3
133,대전,2005-03-25,4.0,-1.0,8.7,,10.5,3
133,대전,2005-03-26,8.7,4.1,14.4,,9.9,3
133,대전,2005-03-27,9.9,1.2,17.1,0.0,7.1,3
133,대전,2005-03-28,9.6,4.3,17.1,,8.9,3
133,대전,2005-03-29,5.3,1.8,10.2,,10.7,3
133,대전,2005-03-30,6.7,0.5,13.5,,11.1,3
133,대전,2005-03-31,10.1,3.2,17.2,,10.0,3
133,대전,2005-04-01,10.7,2.8,18.3,,8.3,4
133,대전,2005-04-02,11.0,4.7,17.7,,7.7,4
133,대전,2005-04-03,7.0,4.6,11.3,0.5,2.4,4
133,대전,2005-04-04,8.9,3.0,14.5,,11.2,4
133,대전,2005-04-05,14.2,5.9,21.7,,11.0,4
133,대전,2005-04-06,14.1,7.2,20.2,0.5,0.0,4
133,대전,2005-04-07,15.8,12.8,19.3,,0.2,4
133,대전,2005-04-08,16.4,7.7,24.9,,10.1,4
133,대전,2005-04-09,13.8,10.0,17.4,12.5,0.7,4
133,대전,2005-04-10,11.6,9.4,17.2,17.5,1.9,4
133,대전,2005-04-11,12.1,8.8,16.2,,6.6,4
133,대전,2005-04-12,10.2,7.0,15.2,0.0,1.6,4
133,대전,2005-04-13,10.0,5.4,16.4,,10.5,4
133,대전,2005-04-14,10.8,3.2,17.7,,11.3,4
133,대전,2005-04-15,9.5,3.3,16.8,,11.9,4
133,대전,2005-04-16,10.3,0.5,19.0,,11.9,4
133,대전,2006-02-01,1.7,-1.8,4.3,4.5,1.7,2
133,대전,2006-02-02,-0.3,-4.1,4.5,0.3,8.2,2
133,대전,2006-02-03,-8.8,-12.1,-2.5,0.0,8.6,2
133,대전,2006-02-04,-8.0,-13.5,-1.2,,9.4,2
133,대전,2006-02-05,-4.3,-10.3,-0.3,,4.8,2
133,대전,2006-02-06,0.0,-4.4,4.8,1.0,4.9,2
133,대전,2006-02-07,0.4,-2.2,2.5,6.4,0.1,2
133,대전,2006-02-08,-4.9,-6.6,-2.0,0.8,4.8,2
133,대전,2006-02-09,-3.7,-10.6,1.2,,9.0,2
133,대전,2006-02-10,1.4,-1.5,3.9,0.0,0.1,2
133,대전,2006-02-11,2.6,-1.1,6.9,,4.7,2
133,대전,2006-02-12,-0.3,-4.9,5.1,,9.5,2
133,대전,2006-02-13,4.6,-4.5,13.3,,9.6,2
133,대전,2006-02-14,7.6,4.1,10.0,15.5,0.0,2
133,대전,2006-02-15,3.8,3.2,5.4,4.5,0.0,2
133,대전,2006-02-16,3.1,-2.0,8.5,,2.5,2
133,대전,2006-02-17,-3.9,-7.4,0.0,,9.8,2
133,대전,2006-02-18,-0.7,-6.5,5.8,,6.5,2
133,대전,2006-02-19,2.8,-2.9,8.8,,7.2,2
133,대전,2006-02-20,4.8,-0.8,11.6,,9.2,2
133,대전,2006-02-21,5.1,-2.0,12.8,,8.2,2
133,대전,2006-02-22,3.5,-1.3,8.5,0.0,2.6,2
133,대전,2006-02-23,1.7,-4.4,8.3,,9.2,2
133,대전,2006-02-24,4.7,-2.5,12.8,,9.9,2
133,대전,2006-02-25,6.6,-0.3,12.3,0.0,3.2,2
133,대전,2006-02-26,3.2,-3.2,7.8,0.0,8.7,2
133,대전,2006-02-27,-0.2,-5.4,5.8,,5.3,2
133,대전,2006-02-28,3.6,0.4,6.5,0.1,0.0,2
133,대전,2006-03-01,1.5,-0.3,4.5,1.0,3.7,3
133,대전,2006-03-02,0.4,-1.2,4.4,0.0,5.5,3
133,대전,2006-03-03,0.8,-4.0,6.0,,7.8,3
133,대전,2006-03-04,4.9,-4.8,12.6,0.0,9.1,3
133,대전,2006-03-05,11.1,7.3,15.8,,6.1,3
133,대전,2006-03-06,9.6,6.4,15.6,,7.8,3
133,대전,2006-03-07,6.4,-0.1,13.8,,2.8,3
133,대전,2006-03-08,7.7,1.5,14.3,,7.5,3
133,대전,2006-03-09,9.6,2.5,15.8,,0.0,3
133,대전,2006-03-10,10.2,3.0,18.6,,8.2,3
133,대전,2006-03-11,8.0,4.3,10.6,0.1,0.0,3
133,대전,2006-03-12,-2.1,-6.3,4.3,0.0,7.1,3
133,대전,2006-03-13,-2.2,-7.5,2.5,1.5,4.8,3
133,대전,2006-03-14,1.4,-3.7,7.0,0.0,10.4,3
133,대전,2006-03-15,5.8,-2.2,12.5,,8.6,3
133,대전,2006-03-16,4.5,2.5,7.1,3.5,0.0,3
133,대전,2006-03-17,7.7,-1.0,17.2,,7.5,3
133,대전,2006-03-18,8.6,3.5,13.8,1.5,1.7,3
133,대전,2006-03-19,4.5,0.5,10.0,,11.0,3
133,대전,2006-03-20,5.5,-2.5,13.1,,5.4,3
133,대전,2006-03-21,10.7,3.7,17.7,,9.3,3
133,대전,2006-03-22,11.5,6.5,19.0,,6.1,3
133,대전,2006-03-23,7.3,2.0,13.8,,9.3,3
133,대전,2006-03-24,5.9,-1.8,13.8,,11.4,3
133,대전,2006-03-25,10.7,2.0,17.2,,9.3,3
133,대전,2006-03-26,8.6,3.4,15.0,,10.6,3
133,대전,2006-03-27,8.1,0.4,15.6,,10.2,3
133,대전,2006-03-28,2.8,0.6,6.0,0.5,4.4,3
133,대전,2006-03-29,5.2,-0.8,10.8,0.0,9.7,3
133,대전,2006-03-30,5.0,0.6,10.1,,10.9,3
133,대전,2006-03-31,8.2,-2.2,17.2,,10.2,3
133,대전,2006-04-01,9.5,5.8,12.1,12.0,0.0,4
133,대전,2006-04-02,8.1,5.1,12.1,1.0,2.4,4
133,대전,2006-04-03,11.4,4.3,18.3,,8.7,4
133,대전,2006-04-04,9.7,8.5,10.6,6.0,0.0,4
133,대전,2006-04-05,12.0,7.0,19.1,,8.8,4
133,대전,2006-04-06,10.0,2.5,15.1,,4.0,4
133,대전,2006-04-07,12.5,8.6,16.8,0.0,6.9,4
133,대전,2006-04-08,12.1,7.0,18.0,0.0,6.3,4
133,대전,2006-04-09,15.1,9.0,20.7,4.0,4.9,4
133,대전,2006-04-10,12.8,11.5,14.1,33.0,0.0,4
133,대전,2006-04-11,13.3,11.6,16.2,11.0,0.1,4
133,대전,2006-04-12,13.5,8.6,21.8,,6.8,4
133,대전,2006-04-13,8.8,7.0,11.5,,0.0,4
133,대전,2006-04-14,11.6,5.5,17.2,,10.2,4
133,대전,2006-04-15,9.4,5.8,13.8,,2.3,4
133,대전,2006-04-16,7.7,4.0,12.5,,12.2,4
133,대전,2007-02-01,-3.1,-5.6,0.6,0.0,6.4,2
133,대전,2007-02-02,-3.6,-8.3,1.7,0.0,9.3,2
133,대전,2007-02-03,1.6,-5.5,6.9,0.0,4.8,2
133,대전,2007-02-04,3.2,-3.5,11.6,,9.0,2
133,대전,2007-02-05,3.7,-3.4,11.8,,6.6,2
133,대전,2007-02-06,6.9,0.3,14.8,,6.8,2
133,대전,2007-02-07,5.2,-0.1,12.8,,3.9,2
133,대전,2007-02-08,6.8,4.5,9.0,16.0,0.0,2
133,대전,2007-02-09,5.3,3.9,7.4,1.5,0.2,2
133,대전,2007-02-10,3.9,0.2,9.1,,3.4,2
133,대전,2007-02-11,1.9,-1.5,7.8,,9.4,2
133,대전,2007-02-12,1.8,-4.5,8.6,,9.5,2
133,대전,2007-02-13,3.5,-1.7,9.1,26.5,0.6,2
133,대전,2007-02-14,2.0,-1.6,5.6,1.0,7.3,2
133,대전,2007-02-15,0.9,-3.4,6.5,,9.7,2
133,대전,2007-02-16,3.3,-4.4,11.3,,9.6,2
133,대전,2007-02-17,6.1,3.2,9.1,0.0,0.1,2
133,대전,2007-02-18,5.8,-0.8,13.8,,9.3,2
133,대전,2007-02-19,4.5,-1.3,11.6,,9.5,2
133,대전,2007-02-20,5.2,-2.5,13.6,,9.8,2
133,대전,2007-02-21,5.8,-2.2,14.8,,8.7,2
133,대전,2007-02-22,6.8,-1.1,14.8,,2.0,2
133,대전,2007-02-23,5.0,0.1,10.3,,10.0,2
133,대전,2007-02-24,4.0,-3.2,10.8,,6.7,2
133,대전,2007-02-25,7.6,5.4,11.6,0.0,1.2,2
133,대전,2007-02-26,7.7,0.5,15.0,,9.9,2
133,대전,2007-02-27,7.4,-0.1,15.0,,9.7,2
133,대전,2007-02-28,8.7,3.5,15.0,,9.9,2
133,대전,2007-03-01,9.5,0.5,16.3,,4.8,3
133,대전,2007-03-02,9.1,7.0,10.1,18.0,0.0,3
133,대전,2007-03-03,12.8,9.5,18.3,0.2,4.2,3
133,대전,2007-03-04,12.4,7.1,15.3,30.0,0.0,3
133,대전,2007-03-05,-0.3,-3.9,7.1,1.0,0.0,3
133,대전,2007-03-06,-3.2,-6.0,0.4,0.1,8.2,3
133,대전,2007-03-07,-1.2,-6.4,3.5,1.0,7.9,3
133,대전,2007-03-08,1.7,-3.2,6.5,0.1,8.4,3
133,대전,2007-03-09,4.3,-1.8,10.6,,6.8,3
133,대전,2007-03-10,2.8,-2.0,9.8,1.5,2.0,3
133,대전,2007-03-11,0.1,-4.8,4.5,0.0,5.5,3
133,대전,2007-03-12,4.1,-1.3,9.3,,8.6,3
133,대전,2007-03-13,4.7,-2.2,11.6,,10.3,3
133,대전,2007-03-14,6.3,-0.6,13.6,,6.5,3
133,대전,2007-03-15,9.3,4.0,15.8,,7.9,3
133,대전,2007-03-16,9.0,5.5,14.6,,3.9,3
133,대전,2007-03-17,6.2,1.7,12.1,,3.0,3
133,대전,2007-03-18,6.0,0.5,12.3,,6.4,3
133,대전,2007-03-19,6.0,-1.2,13.0,,8.3,3
133,대전,2007-03-20,6.6,1.2,12.0,,5.5,3
133,대전,2007-03-21,8.3,4.4,12.8,0.1,1.6,3
133,대전,2007-03-22,10.0,5.6,15.5,,8.2,3
133,대전,2007-03-23,11.7,2.9,21.1,0.5,8.5,3
133,대전,2007-03-24,9.7,8.5,12.1,19.5,0.0,3
133,대전,2007-03-25,10.0,6.0,16.1,,9.1,3
133,대전,2007-03-26,9.0,2.5,16.5,3.0,4.3,3
133,대전,2007-03-27,10.7,6.9,13.8,,2.3,3
133,대전,2007-03-28,9.7,4.0,19.3,12.0,1.6,3
133,대전,2007-03-29,9.0,5.0,15.5,19.5,0.4,3
133,대전,2007-03-30,10.8,5.5,17.0,,5.7,3
133,대전,2007-03-31,10.3,7.8,13.5,11.0,0.0,3
133,대전,2007-04-01,9.4,6.8,13.5,,0.0,4
133,대전,2007-04-02,6.5,3.2,11.8,,10.7,4
133,대전,2007-04-03,6.0,1.3,10.5,,9.4,4
133,대전,2007-04-04,7.1,3.5,11.6,,11.0,4
133,대전,2007-04-05,8.4,-0.8,16.0,,9.1,4
133,대전,2007-04-06,10.4,3.2,17.2,,10.7,4
133,대전,2007-04-07,9.9,3.0,16.7,,7.5,4
133,대전,2007-04-08,9.8,4.9,16.6,,8.0,4
133,대전,2007-04-09,10.4,2.7,17.7,,10.0,4
133,대전,2007-04-10,11.7,3.5,18.2,,10.5,4
133,대전,2007-04-11,13.2,6.0,20.2,0.1,9.7,4
133,대전,2007-04-12,14.7,7.5,22.2,,2.8,4
133,대전,2007-04-13,10.5,7.1,15.1,5.5,0.0,4
133,대전,2007-04-14,11.6,5.5,18.7,,11.3,4
133,대전,2007-04-15,12.3,7.0,18.0,0.5,3.3,4
133,대전,2007-04-16,7.4,5.8,10.0,16.5,0.8,4
133,대전,2008-02-01,-2.6,-9.2,3.8,,9.0,2
133,대전,2008-02-02,-1.2,-4.4,3.8,,7.0,2
133,대전,2008-02-03,-0.9,-4.9,4.3,,5.2,2
133,대전,2008-02-04,-1.5,-5.3,4.1,,5.5,2
133,대전,2008-02-05,-3.1,-7.9,0.6,,1.5,2
133,대전,2008-02-06,-2.1,-5.4,3.0,,9.1,2
133,대전,2008-02-07,-3.2,-8.3,2.7,,7.2,2
133,대전,2008-02-08,-3.0,-8.8,2.0,,5.0,2
133,대전,2008-02-09,-2.6,-5.3,0.8,0.4,3.1,2
133,대전,2008-02-10,-1.9,-8.8,5.2,,7.6,2
133,대전,2008-02-11,-0.2,-4.0,5.3,,4.2,2
133,대전,2008-02-12,-4.5,-7.3,-0.9,,9.1,2
133,대전,2008-02-13,-5.2,-11.1,1.5,,9.7,2
133,대전,2008-02-14,-1.3,-7.1,4.3,,9.2,2
133,대전,2008-02-15,-1.6,-4.8,2.7,,9.5,2
133,대전,2008-02-16,-2.6,-8.6,2.8,,9.3,2
133,대전,2008-02-17,-2.5,-7.6,3.7,,9.5,2
133,대전,2008-02-18,-1.8,-8.9,5.5,,8.5,2
133,대전,2008-02-19,0.0,-7.0,6.5,,9.5,2
133,대전,2008-02-20,3.3,-1.6,9.6,,9.2,2
133,대전,2008-02-21,2.5,-5.6,10.8,,8.6,2
133,대전,2008-02-22,5.4,-2.3,12.7,0.3,8.1,2
133,대전,2008-02-23,-1.3,-4.4,4.8,0.0,8.4,2
133,대전,2008-02-24,-1.3,-7.7,5.4,,10.1,2
133,대전,2008-02-25,-0.5,-4.8,3.7,3.4,0.3,2
133,대전,2008-02-26,-0.1,-2.2,2.1,5.0,4.7,2
133,대전,2008-02-27,1.3,-4.2,8.0,,9.1,2
133,대전,2008-02-28,2.4,-4.7,9.0,,10.3,2
133,대전,2008-02-29,5.2,0.3,12.1,,4.2,2
133,대전,2008-03-01,3.9,-0.3,10.3,,10.2,3
133,대전,2008-03-02,4.3,-1.3,11.6,0.0,0.0,3
133,대전,2008-03-03,3.7,-0.4,7.9,0.0,5.8,3
133,대전,2008-03-04,1.5,-3.5,7.3,0.0,6.3,3
133,대전,2008-03-05,3.1,-3.6,9.8,,9.1,3
133,대전,2008-03-06,3.4,-2.0,10.9,,4.9,3
133,대전,2008-03-07,3.9,-1.6,10.2,,10.5,3
133,대전,2008-03-08,4.9,-3.0,12.8,,10.0,3
133,대전,2008-03-09,6.3,0.6,14.3,,9.2,3
133,대전,2008-03-10,6.6,0.5,13.0,,10.0,3
133,대전,2008-03-11,10.1,4.0,17.2,,5.4,3
133,대전,2008-03-12,11.5,3.2,19.5,,8.1,3
133,대전,2008-03-13,10.4,6.8,14.2,0.5,0.2,3
133,대전,2008-03-14,9.0,5.6,14.7,0.1,9.0,3
133,대전,2008-03-15,8.8,0.7,16.2,,9.0,3
133,대전,2008-03-16,8.6,4.1,14.8,,10.5,3
133,대전,2008-03-17,8.9,-1.4,18.6,,10.6,3
133,대전,2008-03-18,11.4,2.1,19.4,,3.9,3
133,대전,2008-03-19,12.2,7.4,19.6,,5.5,3
133,대전,2008-03-20,10.9,3.4,18.0,,10.9,3
133,대전,2008-03-21,12.8,3.5,21.0,,10.2,3
133,대전,2008-03-22,12.0,8.7,16.0,5.0,3.4,3
133,대전,2008-03-23,8.7,6.0,11.1,20.5,0.0,3
133,대전,2008-03-24,8.4,4.9,15.3,1.0,10.0,3
133,대전,2008-03-25,5.9,1.6,11.1,0.0,7.7,3
133,대전,2008-03-26,6.3,2.3,10.7,0.0,4.9,3
133,대전,2008-03-27,7.6,3.4,13.6,,5.7,3
133,대전,2008-03-28,7.5,1.3,12.7,,9.5,3
133,대전,2008-03-29,8.6,6.5,11.8,1.0,0.1,3
133,대전,2008-03-30,7.3,5.2,10.0,1.0,0.0,3
133,대전,2008-03-31,7.3,3.2,12.4,,2.6,3
133,대전,2008-04-01,9.0,2.6,15.6,,9.0,4
133,대전,2008-04-02,9.4,6.2,15.1,0.0,3.7,4
133,대전,2008-04-03,10.0,5.1,17.1,,10.4,4
133,대전,2008-04-04,11.5,2.6,19.0,,11.0,4
133,대전,2008-04-05,14.6,7.7,21.8,,9.9,4
133,대전,2008-04-06,15.0,6.2,24.8,2.5,8.1,4
133,대전,2008-04-07,12.5,8.9,18.0,2.0,5.1,4
133,대전,2008-04-08,15.4,6.0,23.8,,10.4,4
133,대전,2008-04-09,11.3,9.3,14.8,13.0,0.0,4
133,대전,2008-04-10,12.6,8.4,18.6,4.0,5.4,4
133,대전,2008-04-11,13.6,6.2,22.4,,9.2,4
133,대전,2008-04-12,12.3,7.2,17.2,,3.7,4
133,대전,2008-04-13,12.3,9.3,16.2,,0.9,4
133,대전,2008-04-14,13.3,5.8,21.6,,8.3,4
133,대전,2008-04-15,16.0,6.1,24.5,,10.8,4
133,대전,2009-02-01,4.5,-1.8,11.5,,7.7,2
133,대전,2009-02-02,5.5,-0.9,11.7,0.0,0.4,2
133,대전,2009-02-03,6.8,4.0,12.7,,5.3,2
133,대전,2009-02-04,5.4,1.4,11.9,,6.1,2
133,대전,2009-02-05,3.9,-1.3,8.7,,1.0,2
133,대전,2009-02-06,4.0,-1.1,10.3,,5.4,2
133,대전,2009-02-07,3.4,-1.3,9.0,,2.8,2
133,대전,2009-02-08,4.4,-1.2,11.3,,8.0,2
133,대전,2009-02-09,4.3,1.8,8.9,,4.6,2
133,대전,2009-02-10,3.1,0.0,6.0,,0.0,2
133,대전,2009-02-11,6.2,1.2,13.0,,4.1,2
133,대전,2009-02-12,6.8,-2.2,14.9,,1.5,2
133,대전,2009-02-13,13.1,6.1,17.9,14.0,0.0,2
133,대전,2009-02-14,6.4,3.0,11.9,,5.6,2
133,대전,2009-02-15,0.3,-3.6,3.3,,0.0,2
133,대전,2009-02-16,-4.2,-7.2,0.1,,9.7,2
133,대전,2009-02-17,-3.7,-9.4,2.3,,9.8,2
133,대전,2009-02-18,-1.6,-6.4,3.8,,7.4,2
133,대전,2009-02-19,0.1,-2.7,3.8,3.0,0.3,2
133,대전,2009-02-20,-0.6,-5.0,2.5,3.0,4.6,2
133,대전,2009-02-21,-1.1,-7.9,5.6,,9.6,2
133,대전,2009-02-22,0.7,-3.1,3.5,1.5,0.0,2
133,대전,2009-02-23,6.0,-0.6,12.2,,6.3,2
133,대전,2009-02-24,8.6,4.3,12.4,0.5,0.1,2
133,대전,2009-02-25,4.4,-1.7,9.3,5.5,2.7,2
133,대전,2009-02-26,3.2,-2.3,8.8,,6.5,2
133,대전,2009-02-27,4.4,1.2,9.9,,6.6,2
133,대전,2009-02-28,3.9,-3.0,11.5,,8.5,2
133,대전,2009-03-01,3.7,-3.0,12.2,,10.3,3
133,대전,2009-03-02,3.5,-4.0,9.4,0.0,6.4,3
133,대전,2009-03-03,1.4,-0.9,4.7,9.5,0.0,3
133,대전,2009-03-04,4.2,0.3,9.5,,8.0,3
133,대전,2009-03-05,4.8,-0.4,10.3,5.5,0.0,3
133,대전,2009-03-06,2.8,-2.0,7.7,,7.5,3
133,대전,2009-03-07,2.6,-4.7,9.2,,9.5,3
133,대전,2009-03-08,6.0,-1.1,14.1,,7.3,3
133,대전,2009-03-09,6.5,-0.1,15.2,,7.2,3
133,대전,2009-03-10,4.8,-0.4,11.4,,10.6,3
133,대전,2009-03-11,3.8,-1.4,10.7,,7.3,3
133,대전,2009-03-12,7.7,-1.7,15.7,1.5,5.3,3
133,대전,2009-03-13,3.9,-1.8,6.8,11.5,0.2,3
133,대전,2009-03-14,0.8,-3.2,5.5,0.0,10.2,3
133,대전,2009-03-15,5.6,-3.0,11.6,,7.9,3
133,대전,2009-03-16,10.6,7.5,16.7,,4.9,3
133,대전,2009-03-17,13.1,2.6,23.0,,9.4,3
133,대전,2009-03-18,18.7,14.9,22.1,,2.4,3
133,대전,2009-03-19,17.8,13.2,24.1,,4.1,3
133,대전,2009-03-20,14.1,9.6,20.1,,8.3,3
133,대전,2009-03-21,14.6,7.3,21.8,15.5,6.8,3
133,대전,2009-03-22,10.0,4.4,14.4,11.5,3.4,3
133,대전,2009-03-23,5.5,0.6,11.7,,9.2,3
133,대전,2009-03-24,3.3,-1.6,9.1,0.0,7.2,3
133,대전,2009-03-25,2.9,-2.1,8.0,0.0,11.1,3
133,대전,2009-03-26,5.0,1.8,9.1,0.5,4.1,3
133,대전,2009-03-27,4.3,-1.3,10.1,,10.5,3
133,대전,2009-03-28,5.3,-1.4,13.2,,10.8,3
133,대전,2009-03-29,7.0,-0.7,13.2,,9.6,3
133,대전,2009-03-30,8.3,4.5,13.9,0.3,5.0,3
133,대전,2009-03-31,5.1,2.0,10.0,4.5,1.3,3
133,대전,2009-04-01,4.7,0.9,9.4,,5.8,4
133,대전,2009-04-02,7.1,-0.4,15.4,,10.9,4
133,대전,2009-04-03,8.1,3.7,15.2,,2.0,4
133,대전,2009-04-04,9.0,5.2,13.4,,5.0,4
133,대전,2009-04-05,9.7,2.2,17.7,,9.3,4
133,대전,2009-04-06,10.7,2.8,18.1,,10.9,4
133,대전,2009-04-07,14.7,7.2,22.6,,10.9,4
133,대전,2009-04-08,16.0,7.0,24.8,,10.7,4
133,대전,2009-04-09,16.8,6.6,26.2,,11.1,4
133,대전,2009-04-10,17.1,8.4,26.0,,10.9,4
133,대전,2009-04-11,17.4,7.0,27.0,,10.6,4
133,대전,2009-04-12,17.0,11.1,23.8,,8.3,4
133,대전,2009-04-13,16.4,9.1,22.9,,3.1,4
133,대전,2009-04-14,15.3,11.4,20.3,,5.4,4
133,대전,2009-04-15,9.8,7.6,14.6,5.5,1.6,4
133,대전,2009-04-16,11.5,7.1,17.4,,4.1,4
133,대전,2010-02-01,1.5,-1.8,6.6,,2.0,2
133,대전,2010-02-02,-3.5,-6.7,0.3,,8.1,2
133,대전,2010-02-03,-6.4,-10.0,-1.6,,9.3,2
133,대전,2010-02-04,-3.5,-8.9,1.8,0.0,8.1,2
133,대전,2010-02-05,-2.6,-6.2,2.4,,9.2,2
133,대전,2010-02-06,-3.2,-9.4,3.6,,9.6,2
133,대전,2010-02-07,0.5,-8.9,8.5,,5.7,2
133,대전,2010-02-08,3.3,1.8,4.0,2.5,0.0,2
133,대전,2010-02-09,4.7,3.6,5.5,7.0,0.0,2
133,대전,2010-02-10,5.1,4.6,5.6,9.0,0.0,2
133,대전,2010-02-11,2.1,0.8,5.3,12.0,0.0,2
133,대전,2010-02-12,0.9,-0.1,2.8,0.8,0.0,2
133,대전,2010-02-13,-1.2,-3.8,1.7,0.1,3.5,2
133,대전,2010-02-14,-2.1,-4.7,1.1,,0.0,2
133,대전,2010-02-15,-1.7,-5.1,3.8,,6.0,2
133,대전,2010-02-16,-3.0,-6.6,3.1,,9.2,2
133,대전,2010-02-17,-1.7,-6.6,2.3,0.2,5.8,2
133,대전,2010-02-18,-1.8,-4.5,1.1,1.4,7.9,2
133,대전,2010-02-19,-0.1,-5.7,5.6,0.0,7.9,2
133,대전,2010-02-20,3.6,-1.7,10.0,,9.2,2
133,대전,2010-02-21,4.4,-3.4,12.4,,9.3,2
133,대전,2010-02-22,5.1,-0.1,11.6,,3.0,2
133,대전,2010-02-23,7.1,-1.6,18.1,,7.9,2
133,대전,2010-02-24,11.6,0.7,20.0,,6.6,2
133,대전,2010-02-25,13.8,12.3,15.9,46.5,0.0,2
133,대전,2010-02-26,10.8,7.1,13.1,0.5,0.0,2
133,대전,2010-02-27,6.6,4.0,10.5,1.5,4.0,2
133,대전,2010-02-28,7.8,3.8,13.1,,4.4,2
133,대전,2010-03-01,5.3,3.8,7.8,25.5,0.0,3
133,대전,2010-03-02,3.9,1.0,6.1,1.0,0.0,3
133,대전,2010-03-03,5.5,-1.3,12.5,,8.2,3
133,대전,2010-03-04,5.9,4.9,7.2,2.0,0.0,3
133,대전,2010-03-05,6.1,4.4,7.8,6.5,0.0,3
133,대전,2010-03-06,5.1,3.3,7.6,0.5,0.0,3
133,대전,2010-03-07,4.4,2.4,8.2,,1.9,3
133,대전,2010-03-08,4.0,0.0,9.0,,5.5,3
133,대전,2010-03-09,1.6,-1.7,5.3,11.0,0.0,3
133,대전,2010-03-10,-1.0,-3.3,0.9,1.7,0.1,3
133,대전,2010-03-11,2.2,-3.4,7.7,,8.2,3
133,대전,2010-03-12,7.7,1.4,15.0,,4.3,3
133,대전,2010-03-13,5.0,0.7,10.1,,7.6,3
133,대전,2010-03-14,8.2,0.8,13.1,0.1,1.7,3
133,대전,2010-03-15,8.4,3.5,12.0,10.5,1.1,3
133,대전,2010-03-16,2.2,-1.2,6.2,,8.1,3
133,대전,2010-03-17,0.6,-3.0,4.3,3.0,3.0,3
133,대전,2010-03-18,1.0,-1.4,5.1,4.4,8.9,3
133,대전,2010-03-19,5.8,-4.2,13.9,,9.7,3
133,대전,2010-03-20,9.5,4.8,20.4,1.0,2.1,3
133,대전,2010-03-21,4.1,0.4,8.8,,11.3,3
133,대전,2010-03-22,3.8,0.8,6.7,0.0,0.0,3
133,대전,2010-03-23,6.8,2.0,12.4,,1.7,3
133,대전,2010-03-24,10.1,4.6,14.3,,7.1,3
133,대전,2010-03-25,6.2,0.7,9.2,0.4,0.3,3
133,대전,2010-03-26,3.2,-3.2,8.7,,10.3,3
133,대전,2010-03-27,7.1,3.7,11.1,,3.0,3
133,대전,2010-03-28,7.1,2.8,12.0,,10.3,3
133,대전,2010-03-29,6.5,-1.3,13.7,,11.5,3
133,대전,2010-03-30,8.4,2.5,13.9,,1.3,3
133,대전,2010-03-31,8.4,6.4,9.6,32.5,0.0,3
133,대전,2010-04-01,8.1,2.5,10.5,16.5,0.0,4
133,대전,2010-04-02,6.1,-0.5,12.9,,11.1,4
133,대전,2010-04-03,6.3,1.1,12.1,,11.7,4
133,대전,2010-04-04,8.5,-1.2,18.1,,11.1,4
133,대전,2010-04-05,12.2,3.5,19.7,,9.7,4
133,대전,2010-04-06,9.7,3.9,13.3,,4.3,4
133,대전,2010-04-07,7.3,0.2,13.7,,10.7,4
133,대전,2010-04-08,9.6,0.4,18.3,,11.4,4
133,대전,2010-04-09,12.2,5.0,20.4,,8.7,4
133,대전,2010-04-10,11.5,7.8,16.3,,0.0,4
133,대전,2010-04-11,12.8,7.3,17.5,,2.9,4
133,대전,2010-04-12,12.8,10.2,17.4,1.5,1.5,4
133,대전,2010-04-13,5.9,2.6,11.0,3.0,8.9,4
133,대전,2010-04-14,3.6,0.5,7.5,,4.2,4
133,대전,2010-04-15,6.6,-1.2,13.1,,11.0,4
133,대전,2010-04-16,7.7,0.6,14.1,,10.5,4
133,대전,2011-02-01,-0.8,-9.3,7.0,,9.0,2
133,대전,2011-02-02,1.8,-4.0,8.7,,8.5,2
133,대전,2011-02-03,1.1,-4.9,7.7,,7.8,2
133,대전,2011-02-04,2.1,-1.2,7.8,,5.8,2
133,대전,2011-02-05,0.6,-3.3,7.6,,5.1,2
133,대전,2011-02-06,1.8,-3.1,7.0,,1.5,2
133,대전,2011-02-07,1.3,-3.7,6.4,,2.7,2
133,대전,2011-02-08,1.6,-0.2,4.7,0.7,0.0,2
133,대전,2011-02-09,0.0,-3.9,4.9,,7.6,2
133,대전,2011-02-10,-2.0,-4.6,1.8,,0.3,2
133,대전,2011-02-11,-2.0,-7.3,4.9,,9.2,2
133,대전,2011-02-12,-4.1,-7.0,0.7,,9.0,2
133,대전,2011-02-13,-3.7,-9.3,2.4,,7.5,2
133,대전,2011-02-14,-2.7,-5.9,-0.2,0.0,2.9,2
133,대전,2011-02-15,-0.8,-6.6,5.8,,9.2,2
133,대전,2011-02-16,0.5,-6.8,6.7,1.5,3.4,2
133,대전,2011-02-17,-0.1,-2.5,2.6,3.1,0.0,2
133,대전,2011-02-18,0.5,-5.6,8.0,,9.2,2
133,대전,2011-02-19,1.9,-3.6,9.5,,9.0,2
133,대전,2011-02-20,4.3,-3.0,12.6,,8.4,2
133,대전,2011-02-21,6.1,0.6,12.8,,10.0,2
133,대전,2011-02-22,5.4,-1.9,13.9,,8.3,2
133,대전,2011-02-23,6.2,-1.3,14.7,,8.1,2
133,대전,2011-02-24,7.1,-0.6,15.5,,9.7,2
133,대전,2011-02-25,4.3,-0.5,9.7,,7.4,2
133,대전,2011-02-26,6.8,-2.9,14.2,,9.6,2
133,대전,2011-02-27,6.3,5.1,8.4,38.5,0.0,2
133,대전,2011-02-28,6.1,4.6,8.2,1.0,0.0,2
133,대전,2011-03-01,2.0,-1.4,5.6,3.0,0.0,3
133,대전,2011-03-02,-0.5,-3.5,4.5,,10.1,3
133,대전,2011-03-03,-1.1,-5.5,4.3,,10.1,3
133,대전,2011-03-04,0.6,-4.8,7.0,,10.6,3
133,대전,2011-03-05,2.1,-4.4,9.0,,5.9,3
133,대전,2011-03-06,4.7,-1.0,11.4,,7.3,3
133,대전,2011-03-07,2.7,-0.7,7.1,,9.4,3
133,대전,2011-03-08,2.9,-2.2,9.0,0.0,8.7,3
133,대전,2011-03-09,1.7,-1.5,6.0,0.0,8.1,3
133,대전,2011-03-10,2.4,-3.4,8.0,,9.9,3
133,대전,2011-03-11,5.7,-0.6,12.6,,10.5,3
133,대전,2011-03-12,8.7,2.3,15.8,,9.1,3
133,대전,2011-03-13,10.1,2.2,17.4,,6.7,3
133,대전,2011-03-14,9.4,5.4,17.3,,4.1,3
133,대전,2011-03-15,3.4,-1.4,8.9,,8.5,3
133,대전,2011-03-16,0.4,-3.4,5.1,0.0,6.5,3
133,대전,2011-03-17,2.5,-2.7,8.8,,10.9,3
133,대전,2011-03-18,5.7,-3.3,14.2,,6.7,3
133,대전,2011-03-19,11.2,5.8,17.1,,5.5,3
133,대전,2011-03-20,5.4,3.4,9.5,13.5,0.3,3
133,대전,2011-03-21,8.1,3.9,13.4,,2.5,3
133,대전,2011-03-22,2.9,-0.8,7.7,,9.8,3
133,대전,2011-03-23,2.9,-2.6,8.6,,11.2,3
133,대전,2011-03-24,3.9,1.1,9.9,2.5,6.3,3
133,대전,2011-03-25,2.7,-0.2,6.7,,10.1,3
133,대전,2011-03-26,3.6,-2.6,9.4,,9.9,3
133,대전,2011-03-27,5.5,-2.4,11.5,,8.8,3
133,대전,2011-03-28,7.4,2.7,12.7,,8.8,3
133,대전,2011-03-29,4.9,-1.6,11.8,,8.7,3
133,대전,2011-03-30,7.4,1.6,14.7,,11.1,3
133,대전,2011-03-31,10.1,1.1,20.3,,9.8,3
133,대전,2011-04-01,10.6,1.7,19.3,,11.4,4
133,대전,2011-04-02,9.4,5.2,13.9,0.5,0.5,4
133,대전,2011-04-03,8.6,5.9,13.3,1.5,3.1,4
133,대전,2011-04-04,10.3,4.2,16.7,0.0,9.8,4
133,대전,2011-04-05,10.8,1.7,19.5,,11.6,4
133,대전,2011-04-06,11.4,2.1,19.7,0.1,7.8,4
133,대전,2011-04-07,11.1,8.6,14.2,17.5,0.0,4
133,대전,2011-04-08,12.3,8.4,18.5,0.5,9.2,4
133,대전,2011-04-09,11.4,3.4,18.6,,11.0,4
133,대전,2011-04-10,11.8,5.3,19.6,0.5,6.7,4
133,대전,2011-04-11,10.2,5.8,15.3,3.0,11.1,4
133,대전,2011-04-12,10.0,2.3,18.0,,11.9,4
133,대전,2011-04-13,11.1,2.6,18.6,,11.5,4
133,대전,2011-04-14,12.4,3.0,20.6,,9.9,4
133,대전,2011-04-15,16.3,11.6,23.6,0.0,8.4,4
133,대전,2011-04-16,12.9,6.2,20.6,,11.9,4
133,대전,2012-02-01,-7.4,-10.4,-1.9,0.0,7.8,2
133,대전,2012-02-02,-11.0,-14.1,-6.5,0.1,7.6,2
133,대전,2012-02-03,-7.2,-13.7,-1.6,0.0,8.7,2
133,대전,2012-02-04,-1.5,-6.0,3.5,0.1,7.1,2
133,대전,2012-02-05,-0.7,-4.7,5.3,,5.3,2
133,대전,2012-02-06,0.6,-4.3,5.0,,0.0,2
133,대전,2012-02-07,-4.8,-9.5,2.3,0.0,9.1,2
133,대전,2012-02-08,-6.8,-11.7,-2.0,0.1,5.9,2
133,대전,2012-02-09,-2.9,-8.9,1.8,0.2,8.4,2
133,대전,2012-02-10,-1.0,-5.7,4.1,,6.6,2
133,대전,2012-02-11,-2.7,-8.4,3.2,,9.7,2
133,대전,2012-02-12,-0.2,-7.0,5.8,,8.7,2
133,대전,2012-02-13,2.8,0.2,7.2,,1.1,2
133,대전,2012-02-14,3.5,-0.4,9.0,,5.2,2
133,대전,2012-02-15,1.3,-1.7,6.4,,6.5,2
133,대전,2012-02-16,-0.5,-5.0,5.0,0.1,9.3,2
133,대전,2012-02-17,-3.9,-6.3,0.4,0.0,8.6,2
133,대전,2012-02-18,-5.1,-9.5,-0.2,,9.0,2
133,대전,2012-02-19,-3.4,-9.3,2.9,0.0,10.0,2
133,대전,2012-02-20,-0.9,-9.2,7.1,,9.1,2
133,대전,2012-02-21,1.4,-5.1,6.9,,2.7,2
133,대전,2012-02-22,5.0,-1.1,11.5,,6.3,2
133,대전,2012-02-23,5.3,1.8,8.9,0.0,4.9,2
133,대전,2012-02-24,5.0,-1.5,11.0,0.4,5.5,2
133,대전,2012-02-25,1.3,-1.7,4.4,1.5,0.0,2
133,대전,2012-02-26,-1.2,-3.8,3.5,,3.2,2
133,대전,2012-02-27,-0.7,-7.2,5.9,,10.2,2
133,대전,2012-02-28,1.9,-4.2,6.9,,0.0,2
133,대전,2012-02-29,5.5,-2.4,13.5,,9.6,2
133,대전,2012-03-01,8.4,1.5,15.7,,8.8,3
133,대전,2012-03-02,6.6,5.3,8.0,1.0,0.0,3
133,대전,2012-03-03,7.3,2.6,12.7,,6.7,3
133,대전,2012-03-04,5.7,3.2,7.6,0.5,0.1,3
133,대전,2012-03-05,4.9,3.5,6.1,13.5,0.0,3
133,대전,2012-03-06,5.0,3.1,6.9,3.5,0.9,3
133,대전,2012-03-07,4.2,1.1,8.4,,3.3,3
133,대전,2012-03-08,2.7,-1.2,9.6,,7.1,3
133,대전,2012-03-09,4.0,-2.3,10.6,,8.6,3
133,대전,2012-03-10,4.3,0.3,10.0,,5.7,3
133,대전,2012-03-11,-0.1,-3.4,2.6,0.0,8.7,3
133,대전,2012-03-12,-0.5,-5.4,5.2,,10.6,3
133,대전,2012-03-13,1.9,-4.1,8.2,,8.8,3
133,대전,2012-03-14,4.4,-2.6,10.3,,7.2,3
133,대전,2012-03-15,7.0,0.1,13.5,,10.2,3
133,대전,2012-03-16,7.7,6.0,10.8,3.0,0.0,3
133,대전,2012-03-17,9.2,7.4,10.8,1.5,0.0,3
133,대전,2012-03-18,7.2,2.3,11.1,,3.9,3
133,대전,2012-03-19,3.2,-1.1,8.4,,6.0,3
133,대전,2012-03-20,3.1,-3.3,9.8,,10.9,3
133,대전,2012-03-21,5.2,-2.3,12.9,,10.9,3
133,대전,2012-03-22,7.3,3.5,12.0,3.0,0.2,3
133,대전,2012-03-23,6.3,3.8,7.4,16.5,0.0,3
133,대전,2012-03-24,4.4,2.3,8.4,0.4,5.4,3
133,대전,2012-03-25,4.0,1.0,8.4,,8.0,3
133,대전,2012-03-26,4.9,-0.7,11.3,,11.4,3
133,대전,2012-03-27,7.4,-1.5,14.3,,10.0,3
133,대전,2012-03-28,10.8,5.2,17.2,,9.1,3
133,대전,2012-03-29,12.4,2.4,20.1,4.0,7.7,3
133,대전,2012-03-30,11.2,6.1,15.7,7.5,0.0,3
133,대전,2012-03-31,6.2,2.1,11.1,0.2,9.2,3
133,대전,2012-04-01,5.5,-0.9,12.0,,11.1,4
133,대전,2012-04-02,10.8,1.3,17.8,0.5,2.4,4
133,대전,2012-04-03,6.6,2.7,13.8,15.0,3.2,4
133,대전,2012-04-04,8.5,2.1,15.6,,10.1,4
133,대전,2012-04-05,7.8,2.6,14.3,,11.2,4
133,대전,2012-04-06,6.5,2.3,12.1,,10.5,4
133,대전,2012-04-07,7.6,0.7,14.6,,11.7,4
133,대전,2012-04-08,13.5,4.5,19.6,,11.0,4
133,대전,2012-04-09,16.7,13.6,21.6,0.0,4.8,4
133,대전,2012-04-10,14.1,12.3,17.0,2.0,0.0,4
133,대전,2012-04-11,13.1,6.9,18.3,0.3,2.6,4
133,대전,2012-04-12,10.2,4.4,16.6,,6.8,4
133,대전,2012-04-13,10.7,7.5,15.8,0.5,0.0,4
133,대전,2012-04-14,13.3,5.9,21.3,,11.2,4
133,대전,2012-04-15,15.7,8.0,24.7,,10.3,4
133,대전,2013-02-01,8.3,6.7,11.5,32.2,0.0,2
133,대전,2013-02-02,1.4,-4.1,7.3,,8.5,2
133,대전,2013-02-03,-1.6,-5.1,0.6,3.5,0.0,2
133,대전,2013-02-04,0.5,-2.2,4.2,8.4,5.3,2
133,대전,2013-02-05,-0.1,-3.5,2.8,3.4,0.0,2
133,대전,2013-02-06,0.1,-1.3,1.9,4.0,2.2,2
133,대전,2013-02-07,-7.4,-12.0,-0.6,0.0,8.2,2
133,대전,2013-02-08,-9.4,-14.7,-4.2,,9.5,2
133,대전,2013-02-09,-6.1,-11.4,-0.7,,9.5,2
133,대전,2013-02-10,-2.8,-7.9,1.9,0.0,2.6,2
133,대전,2013-02-11,-3.7,-9.5,0.9,,9.6,2
133,대전,2013-02-12,-2.4,-4.7,1.9,0.0,0.1,2
133,대전,2013-02-13,-1.0,-6.1,5.0,,9.2,2
133,대전,2013-02-14,1.7,-3.2,7.3,,8.3,2
133,대전,2013-02-15,0.4,-5.0,5.8,,8.5,2
133,대전,2013-02-16,-1.9,-7.8,4.2,,10.2,2
133,대전,2013-02-17,1.8,-2.3,5.4,0.1,1.5,2
133,대전,2013-02-18,2.5,-1.3,7.5,0.0,3.9,2
133,대전,2013-02-19,-1.2,-4.6,4.0,,8.0,2
133,대전,2013-02-20,-2.7,-9.1,3.7,,10.0,2
133,대전,2013-02-21,-0.3,-4.6,5.9,0.0,9.5,2
133,대전,2013-02-22,0.4,-2.6,3.3,2.6,0.1,2
133,대전,2013-02-23,-0.6,-6.4,5.1,,10.4,2
133,대전,2013-02-24,1.4,-4.8,7.5,,8.0,2
133,대전,2013-02-25,2.8,-3.5,10.0,,7.0,2
133,대전,2013-02-26,5.4,-0.4,9.9,,0.9,2
133,대전,2013-02-27,6.8,3.0,13.2,,9.2,2
133,대전,2013-02-28,8.7,-1.8,18.8,,8.5,2
133,대전,2013-03-01,3.3,-2.0,12.3,4.6,7.9,3
133,대전,2013-03-02,-0.1,-4.3,6.1,,10.5,3
133,대전,2013-03-03,1.3,-4.1,8.1,,10.6,3
133,대전,2013-03-04,3.5,-2.9,11.0,,9.8,3
133,대전,2013-03-05,4.5,-2.5,11.6,,10.1,3
133,대전,2013-03-06,8.9,-1.1,17.3,,8.9,3
133,대전,2013-03-07,10.2,5.5,13.6,2.4,3.5,3
133,대전,2013-03-08,9.4,2.8,16.8,,7.9,3
133,대전,2013-03-09,14.9,2.7,26.1,,10.0,3
133,대전,2013-03-10,4.6,-1.5,13.0,,10.8,3
133,대전,2013-03-11,5.2,-3.5,14.8,,11.2,3
133,대전,2013-03-12,9.3,0.2,16.3,2.5,5.2,3
133,대전,2013-03-13,6.1,0.2,11.2,17.7,0.7,3
133,대전,2013-03-14,5.4,0.5,11.3,,9.9,3
133,대전,2013-03-15,5.7,-1.2,13.6,,10.6,3
133,대전,2013-03-16,7.6,0.1,15.5,,10.6,3
133,대전,2013-03-17,9.5,0.7,19.9,11.6,6.6,3
133,대전,2013-03-18,8.5,6.7,11.3,13.7,0.5,3
133,대전,2013-03-19,11.4,6.6,16.0,,5.6,3
133,대전,2013-03-20,5.9,-2.3,12.4,0.2,5.0,3
133,대전,2013-03-21,2.8,-4.5,10.0,,11.3,3
133,대전,2013-03-22,4.8,-0.9,10.8,,3.8,3
133,대전,2013-03-23,7.6,0.4,16.0,,9.7,3
133,대전,2013-03-24,5.9,1.0,12.4,,10.3,3
133,대전,2013-03-25,3.5,-1.0,9.3,,11.5,3
133,대전,2013-03-26,5.4,-2.3,12.7,,10.6,3
133,대전,2013-03-27,9.5,1.7,17.4,,11.3,3
133,대전,2013-03-28,9.1,1.3,17.2,,8.6,3
133,대전,2013-03-29,6.5,1.0,13.3,,11.5,3
133,대전,2013-03-30,5.8,1.9,12.1,0.1,4.0,3
133,대전,2013-03-31,7.5,2.2,14.4,0.0,10.7,3
133,대전,2013-04-01,10.1,0.9,18.6,,7.2,4
133,대전,2013-04-02,7.2,5.5,9.1,0.6,0.2,4
133,대전,2013-04-03,10.2,4.2,17.7,,10.6,4
133,대전,2013-04-04,13.4,3.8,23.2,,11.2,4
133,대전,2013-04-05,15.4,6.9,22.6,,6.2,4
133,대전,2013-04-06,8.2,3.9,14.0,18.9,0.0,4
133,대전,2013-04-07,4.9,1.8,10.4,0.4,7.5,4
133,대전,2013-04-08,8.1,-0.2,15.7,,9.4,4
133,대전,2013-04-09,8.0,3.0,13.9,0.0,11.6,4
133,대전,2013-04-10,5.3,1.3,9.6,0.0,10.0,4
133,대전,2013-04-11,6.3,0.8,11.8,3.1,12.0,4
133,대전,2013-04-12,7.2,0.4,13.4,,11.8,4
133,대전,2013-04-13,13.1,2.0,20.9,,11.5,4
133,대전,2013-04-14,11.2,3.1,16.9,1.0,7.0,4
133,대전,2013-04-15,5.9,0.4,9.2,,2.7,4
133,대전,2013-04-16,16.9,4.4,26.7,,9.9,4
133,대전,2014-02-01,7.5,1.1,13.9,6.3,3.0,2
133,대전,2014-02-02,8.7,6.1,11.2,0.2,0.2,2
133,대전,2014-02-03,-0.2,-5.7,6.1,,3.2,2
133,대전,2014-02-04,-6.4,-10.7,-1.2,,9.6,2
133,대전,2014-02-05,-4.6,-9.0,1.0,,5.2,2
133,대전,2014-02-06,-0.6,-4.7,4.8,,4.6,2
133,대전,2014-02-07,2.7,-2.5,7.7,0.0,2.9,2
133,대전,2014-02-08,3.0,0.9,5.2,1.3,0.0,2
133,대전,2014-02-09,-0.2,-1.4,1.7,0.1,0.3,2
133,대전,2014-02-10,0.2,-2.2,3.2,0.6,2.2,2
133,대전,2014-02-11,1.1,-3.6,6.5,,9.8,2
133,대전,2014-02-12,2.6,-1.3,8.9,,8.0,2
133,대전,2014-02-13,2.8,-1.4,8.2,,4.3,2
133,대전,2014-02-14,2.4,-0.9,6.6,,5.8,2
133,대전,2014-02-15,2.5,-3.2,9.3,,9.9,2
133,대전,2014-02-16,2.8,-3.2,10.9,,4.6,2
133,대전,2014-02-17,4.6,1.0,9.2,0.0,0.0,2
133,대전,2014-02-18,3.7,0.4,7.2,,3.5,2
133,대전,2014-02-19,2.5,-2.2,8.7,,9.1,2
133,대전,2014-02-20,1.4,-3.0,7.7,,8.0,2
133,대전,2014-02-21,1.0,-4.7,7.9,,10.0,2
133,대전,2014-02-22,1.9,-4.5,8.7,,8.8,2
133,대전,2014-02-23,3.2,-3.5,10.8,,8.6,2
133,대전,2014-02-24,4.4,-2.4,11.9,,7.8,2
133,대전,2014-02-25,6.0,-1.5,13.6,,7.4,2
133,대전,2014-02-26,6.4,1.5,12.3,,0.0,2
133,대전,2014-02-27,9.1,3.8,15.6,,4.8,2
133,대전,2014-02-28,8.4,2.7,14.5,,6.1,2
133,대전,2014-03-01,7.9,4.4,10.7,,0.0,3
133,대전,2014-03-02,5.1,1.0,11.5,,9.6,3
133,대전,2014-03-03,4.8,-2.8,12.9,,10.5,3
133,대전,2014-03-04,5.3,-1.2,11.8,,3.8,3
133,대전,2014-03-05,2.9,-1.3,8.0,,10.3,3
133,대전,2014-03-06,1.2,-3.8,6.7,,10.1,3
133,대전,2014-03-07,0.9,-4.3,7.2,,10.6,3
133,대전,2014-03-08,2.7,-3.2,8.7,,8.7,3
133,대전,2014-03-09,2.3,-2.0,6.6,3.4,6.8,3
133,대전,2014-03-10,2.5,-4.5,10.1,,11.1,3
133,대전,2014-03-11,5.3,-3.2,13.8,,10.2,3
133,대전,2014-03-12,4.1,0.1,6.2,33.3,0.0,3
133,대전,2014-03-13,4.1,1.8,6.2,7.1,0.0,3
133,대전,2014-03-14,3.8,0.1,9.1,0.4,9.0,3
133,대전,2014-03-15,7.6,0.0,13.9,,10.1,3
133,대전,2014-03-16,12.2,7.6,18.6,,9.8,3
133,대전,2014-03-17,13.1,4.0,21.9,0.0,8.2,3
133,대전,2014-03-18,13.4,9.3,18.2,0.1,8.1,3
133,대전,2014-03-19,10.8,7.8,14.0,,0.4,3
133,대전,2014-03-20,7.1,2.3,10.3,0.9,5.2,3
133,대전,2014-03-21,5.5,0.3,11.2,,11.2,3
133,대전,2014-03-22,8.6,-0.2,16.4,,11.3,3
133,대전,2014-03-23,10.3,3.4,17.7,,10.5,3
133,대전,2014-03-24,10.6,1.0,17.4,,8.9,3
133,대전,2014-03-25,14.9,13.2,18.9,4.8,1.3,3
133,대전,2014-03-26,14.9,11.9,20.7,9.8,3.3,3
133,대전,2014-03-27,13.5,7.6,20.8,,7.1,3
133,대전,2014-03-28,17.4,9.4,25.7,,8.7,3
133,대전,2014-03-29,14.8,13.7,17.0,4.5,0.0,3
133,대전,2014-03-30,14.5,11.6,19.1,2.9,7.7,3
133,대전,2014-03-31,13.7,7.8,20.5,,7.7,3
133,대전,2014-04-01,14.8,6.1,23.7,,10.7,4
133,대전,2014-04-02,15.8,7.5,24.1,,10.5,4
133,대전,2014-04-03,11.6,5.0,20.7,2.5,7.0,4
133,대전,2014-04-04,7.3,1.8,13.6,,12.1,4
133,대전,2014-04-05,5.7,0.3,12.1,0.0,7.3,4
133,대전,2014-04-06,8.0,1.7,15.0,,12.2,4
133,대전,2014-04-07,11.6,5.8,19.5,,10.8,4
133,대전,2014-04-08,12.7,2.9,21.6,,11.7,4
133,대전,2014-04-09,13.7,5.6,22.6,,11.3,4
133,대전,2014-04-10,14.4,8.0,22.1,,7.9,4
133,대전,2014-04-11,14.3,10.2,19.5,0.0,1.9,4
133,대전,2014-04-12,15.1,11.7,19.8,0.5,2.3,4
133,대전,2014-04-13,15.4,11.6,21.7,0.0,6.0,4
133,대전,2014-04-14,15.3,5.4,24.6,,10.1,4
133,대전,2014-04-15,16.0,8.5,24.5,,9.3,4
133,대전,2014-04-16,17.5,11.9,24.4,,9.1,4
133,대전,2015-02-01,-2.3,-8.6,5.5,,9.6,2
133,대전,2015-02-02,-0.5,-5.8,6.7,,8.0,2
133,대전,2015-02-03,0.5,-5.2,7.1,,5.5,2
133,대전,2015-02-04,0.0,-4.1,4.9,0.0,4.7,2
133,대전,2015-02-05,0.5,-3.1,5.3,,7.4,2
133,대전,2015-02-06,1.4,-3.0,7.8,,9.3,2
133,대전,2015-02-07,1.7,-2.5,5.4,,3.2,2
133,대전,2015-02-08,-6.0,-8.8,2.8,,9.4,2
133,대전,2015-02-09,-4.5,-12.4,1.4,0.0,9.1,2
133,대전,2015-02-10,3.8,-0.5,9.2,,8.7,2
133,대전,2015-02-11,5.2,1.8,9.6,,6.0,2
133,대전,2015-02-12,-0.5,-4.1,4.4,,9.9,2
133,대전,2015-02-13,-0.8,-5.6,5.2,,10.0,2
133,대전,2015-02-14,2.4,-4.7,9.7,,7.9,2
133,대전,2015-02-15,6.1,0.0,11.7,2.3,0.5,2
133,대전,2015-02-16,4.8,4.4,6.2,17.0,0.0,2
133,대전,2015-02-17,3.1,1.5,5.6,0.0,1.7,2
133,대전,2015-02-18,1.8,1.1,4.2,,0.3,2
133,대전,2015-02-19,2.4,-1.9,8.7,,7.7,2
133,대전,2015-02-20,4.8,-3.2,12.3,,6.8,2
133,대전,2015-02-21,6.5,5.3,7.4,6.7,0.0,2
133,대전,2015-02-22,6.0,0.8,10.8,1.0,5.3,2
133,대전,2015-02-23,3.0,0.4,9.2,,6.9,2
133,대전,2015-02-24,3.5,-0.9,10.1,,8.4,2
133,대전,2015-02-25,5.8,-0.2,12.4,,4.1,2
133,대전,2015-02-26,3.3,-1.8,7.5,0.0,7.9,2
133,대전,2015-02-27,-0.4,-3.5,4.1,,9.6,2
133,대전,2015-02-28,2.1,-4.1,7.1,,0.3,2
133,대전,2015-03-01,3.0,-0.1,6.6,0.6,5.1,3
133,대전,2015-03-02,3.8,-3.1,11.0,,10.5,3
133,대전,2015-03-03,4.6,1.0,9.7,0.3,0.7,3
133,대전,2015-03-04,-0.4,-3.5,4.9,0.0,10.7,3
133,대전,2015-03-05,0.3,-6.0,6.9,,8.6,3
133,대전,2015-03-06,3.9,-4.0,12.1,,10.8,3
133,대전,2015-03-07,4.9,-2.4,12.6,,10.8,3
133,대전,2015-03-08,7.7,-2.1,16.8,,9.0,3
133,대전,2015-03-09,4.4,-4.1,11.0,,9.1,3
133,대전,2015-03-10,-1.7,-5.5,2.7,,11.0,3
133,대전,2015-03-11,2.1,-3.2,8.5,0.0,8.2,3
133,대전,2015-03-12,3.7,-2.5,10.6,,11.0,3
133,대전,2015-03-13,6.6,1.9,12.5,0.9,3.9,3
133,대전,2015-03-14,5.0,-2.9,12.3,,9.1,3
133,대전,2015-03-15,6.8,-1.7,15.9,,10.1,3
133,대전,2015-03-16,10.3,0.6,20.4,,9.3,3
133,대전,2015-03-17,13.0,3.9,20.9,,4.9,3
133,대전,2015-03-18,9.7,8.5,12.7,37.4,0.0,3
133,대전,2015-03-19,13.8,7.4,21.4,,11.0,3
133,대전,2015-03-20,14.0,8.9,21.7,,7.5,3
133,대전,2015-03-21,12.4,5.2,19.7,,9.7,3
133,대전,2015-03-22,9.7,3.1,17.2,,10.4,3
133,대전,2015-03-23,5.3,-0.4,11.7,,11.6,3
133,대전,2015-03-24,5.7,-1.4,13.6,,11.5,3
133,대전,2015-03-25,6.8,-2.1,15.6,,11.7,3
133,대전,2015-03-26,8.5,-0.7,17.8,,11.7,3
133,대전,2015-03-27,9.5,0.4,18.8,,10.4,3
133,대전,2015-03-28,10.6,0.6,20.2,0.0,9.3,3
133,대전,2015-03-29,12.9,8.4,19.7,0.0,6.3,3
133,대전,2015-03-30,14.8,6.0,23.4,,10.3,3
133,대전,2015-03-31,12.2,9.1,13.4,5.5,0.0,3
133,대전,2015-04-01,11.9,10.1,14.0,0.6,0.0,4
133,대전,2015-04-02,16.1,9.3,23.3,4.2,7.1,4
133,대전,2015-04-03,12.0,9.5,19.6,13.0,0.8,4
133,대전,2015-04-04,12.0,8.4,18.2,13.5,5.2,4
133,대전,2015-04-05,10.4,8.2,11.7,3.1,0.0,4
133,대전,2015-04-06,10.4,6.7,12.3,2.1,0.0,4
133,대전,2015-04-07,8.3,4.4,13.4,0.0,2.3,4
133,대전,2015-04-08,9.4,6.6,13.9,0.0,2.1,4
133,대전,2015-04-09,10.3,5.2,16.7,,10.1,4
133,대전,2015-04-10,11.5,4.0,19.0,,10.8,4
133,대전,2015-04-11,13.6,4.4,22.4,,11.4,4
133,대전,2015-04-12,13.0,6.5,18.3,,1.5,4
133,대전,2015-04-13,10.8,8.8,13.2,1.5,0.2,4
133,대전,2015-04-14,9.0,6.9,13.3,10.5,2.0,4
133,대전,2015-04-15,11.9,6.8,18.3,1.9,8.9,4
133,대전,2015-04-16,11.3,6.6,21.3,2.4,7.0,4
133,대전,2016-02-01,-3.9,-7.4,1.7,,9.3,2
133,대전,2016-02-02,-3.9,-9.7,2.6,,9.6,2
133,대전,2016-02-03,-1.9,-9.1,5.4,,9.5,2
133,대전,2016-02-04,-0.5,-6.3,5.9,,7.0,2
133,대전,2016-02-05,-0.7,-5.7,5.5,,9.5,2
133,대전,2016-02-06,-1.6,-4.6,3.4,0.0,9.5,2
133,대전,2016-02-07,-2.3,-9.1,4.9,,9.8,2
133,대전,2016-02-08,2.2,-5.7,8.1,,8.3,2
133,대전,2016-02-09,2.6,-1.0,7.8,,9.8,2
133,대전,2016-02-10,3.3,-4.6,12.7,,9.8,2
133,대전,2016-02-11,6.8,-1.8,14.7,0.4,4.1,2
133,대전,2016-02-12,10.0,7.7,11.9,16.8,0.0,2
133,대전,2016-02-13,13.0,9.0,18.7,8.3,2.4,2
133,대전,2016-02-14,-0.1,-3.6,8.9,0.0,2.8,2
133,대전,2016-02-15,-3.3,-6.7,0.8,0.0,9.1,2
133,대전,2016-02-16,-0.2,-3.7,4.4,0.6,5.0,2
133,대전,2016-02-17,0.9,-4.3,6.8,,10.0,2
133,대전,2016-02-18,3.8,-3.5,9.8,,8.2,2
133,대전,2016-02-19,3.5,0.0,6.3,,0.7,2
133,대전,2016-02-20,2.5,-1.0,8.9,,8.5,2
133,대전,2016-02-21,0.4,-3.7,5.8,,9.7,2
133,대전,2016-02-22,2.9,-1.4,7.0,,1.6,2
133,대전,2016-02-23,2.5,-2.7,8.1,0.7,7.0,2
133,대전,2016-02-24,-1.7,-6.5,4.1,,9.4,2
133,대전,2016-02-25,0.5,-5.7,6.1,,9.4,2
133,대전,2016-02-26,2.5,-0.1,5.9,3.8,0.5,2
133,대전,2016-02-27,5.4,1.5,11.3,2.6,7.3,2
133,대전,2016-02-28,2.2,-0.9,5.7,12.2,0.0,2
133,대전,2016-02-29,-2.7,-5.5,0.3,0.4,7.7,2
133,대전,2016-03-01,-1.4,-7.5,4.9,,10.6,3
133,대전,2016-03-02,3.0,-4.3,10.2,,10.6,3
133,대전,2016-03-03,7.4,-0.2,17.0,,6.8,3
133,대전,2016-03-04,9.8,5.4,13.0,8.0,0.0,3
133,대전,2016-03-05,12.2,7.7,18.0,26.7,1.5,3
133,대전,2016-03-06,10.3,6.5,14.7,0.0,7.0,3
133,대전,2016-03-07,9.0,3.4,16.3,,3.2,3
133,대전,2016-03-08,5.0,1.7,7.8,,0.0,3
133,대전,2016-03-09,2.2,-1.1,8.4,,8.3,3
133,대전,2016-03-10,0.3,-3.1,5.6,,10.1,3
133,대전,2016-03-11,0.6,-4.3,6.4,0.0,11.2,3
133,대전,2016-03-12,2.8,-5.0,10.2,,10.0,3
133,대전,2016-03-13,4.1,0.8,9.2,,0.7,3
133,대전,2016-03-14,4.4,0.3,10.2,,6.0,3
133,대전,2016-03-15,6.0,-2.7,14.0,,8.8,3
133,대전,2016-03-16,9.2,3.5,17.1,,9.3,3
133,대전,2016-03-17,10.1,-0.5,18.9,,9.1,3
133,대전,2016-03-18,11.0,8.4,13.9,5.6,0.1,3
133,대전,2016-03-19,11.0,6.8,18.2,,6.9,3
133,대전,2016-03-20,9.7,3.0,17.5,,10.2,3
133,대전,2016-03-21,9.5,2.3,17.4,,10.3,3
133,대전,2016-03-22,9.4,1.5,17.6,,10.9,3
133,대전,2016-03-23,8.3,4.6,14.5,,9.5,3
133,대전,2016-03-24,6.9,1.6,13.3,,9.4,3
133,대전,2016-03-25,6.8,1.2,13.3,,10.3,3
133,대전,2016-03-26,6.4,-0.2,12.9,,10.7,3
133,대전,2016-03-27,7.2,-0.3,15.1,,10.8,3
133,대전,2016-03-28,9.4,-0.3,17.9,,11.6,3
133,대전,2016-03-29,12.9,6.5,18.3,,5.9,3
133,대전,2016-03-30,14.4,7.6,22.9,,10.7,3
133,대전,2016-03-31,13.1,5.1,21.7,,7.8,3
133,대전,2016-04-01,15.0,4.8,25.4,,11.1,4
133,대전,2016-04-02,16.0,6.9,24.6,,9.8,4
133,대전,2016-04-03,13.4,10.8,16.4,2.5,0.4,4
133,대전,2016-04-04,13.5,10.1,18.3,,6.8,4
133,대전,2016-04-05,13.0,5.6,20.8,,11.8,4
133,대전,2016-04-06,13.9,5.5,23.7,4.4,6.0,4
133,대전,2016-04-07,13.2,9.1,18.6,20.1,4.4,4
133,대전,2016-04-08,14.0,8.3,21.8,,7.7,4
133,대전,2016-04-09,15.9,9.8,23.3,,8.4,4
133,대전,2016-04-10,16.6,10.7,24.6,,8.2,4
133,대전,2016-04-11,13.2,8.4,19.0,,11.4,4
133,대전,2016-04-12,14.8,7.5,22.1,0.0,9.8,4
133,대전,2016-04-13,14.4,11.9,19.0,28.1,2.5,4
133,대전,2016-04-14,15.4,10.5,21.3,,9.1,4
133,대전,2016-04-15,15.6,6.7,24.8,,11.8,4
133,대전,2017-02-01,-2.3,-6.6,3.8,0.0,7.4,2
133,대전,2017-02-02,-1.6,-9.0,5.7,,9.7,2
133,대전,2017-02-03,2.1,-3.2,8.6,,9.2,2
133,대전,2017-02-04,2.9,-3.3,8.1,0.0,2.3,2
133,대전,2017-02-05,3.2,1.2,5.5,0.5,0.0,2
133,대전,2017-02-06,0.0,-3.2,4.8,,8.7,2
133,대전,2017-02-07,-0.5,-4.7,5.8,,6.9,2
133,대전,2017-02-08,-0.1,-4.1,4.2,,1.9,2
133,대전,2017-02-09,-2.9,-5.1,0.6,0.1,6.9,2
133,대전,2017-02-10,-4.4,-6.9,-0.3,0.2,9.6,2
133,대전,2017-02-11,-2.9,-7.2,2.6,0.5,8.7,2
133,대전,2017-02-12,-0.3,-5.3,5.7,,10.0,2
133,대전,2017-02-13,0.3,-5.8,6.0,0.6,5.7,2
133,대전,2017-02-14,1.6,-2.8,8.1,,9.1,2
133,대전,2017-02-15,2.2,-5.4,10.8,,9.5,2
133,대전,2017-02-16,7.3,-3.4,15.5,1.9,7.8,2
133,대전,2017-02-17,4.6,-2.7,11.8,1.9,7.6,2
133,대전,2017-02-18,-1.0,-6.2,4.8,,10.2,2
133,대전,2017-02-19,3.1,-4.9,9.2,3.5,5.0,2
133,대전,2017-02-20,1.3,-4.9,7.2,15.3,7.0,2
133,대전,2017-02-21,0.6,-6.9,9.0,,10.1,2
133,대전,2017-02-22,3.0,0.2,4.1,17.5,0.0,2
133,대전,2017-02-23,0.5,-3.0,5.3,,8.9,2
133,대전,2017-02-24,0.6,-5.4,6.9,,10.2,2
133,대전,2017-02-25,3.5,-2.7,10.0,,10.4,2
133,대전,2017-02-26,4.0,-0.8,10.5,,9.8,2
133,대전,2017-02-27,4.2,-2.5,12.0,,10.1,2
133,대전,2017-02-28,5.3,-2.7,14.0,,10.5,2
133,대전,2017-03-01,6.1,1.0,12.8,0.1,2.3,3
133,대전,2017-03-02,3.0,-1.0,8.3,2.0,7.5,3
133,대전,2017-03-03,4.2,-3.6,12.5,,10.6,3
133,대전,2017-03-04,6.1,-1.2,15.1,,9.7,3
133,대전,2017-03-05,6.3,0.0,14.6,,8.3,3
133,대전,2017-03-06,1.8,-1.6,6.7,0.0,10.8,3
133,대전,2017-03-07,-0.2,-2.6,4.0,1.2,9.9,3
133,대전,2017-03-08,1.4,-3.7,6.0,0.0,9.2,3
133,대전,2017-03-09,4.7,-1.1,10.7,,10.5,3
133,대전,2017-03-10,5.9,-1.5,13.4,,11.0,3
133,대전,2017-03-11,7.4,-1.9,17.1,,10.8,3
133,대전,2017-03-12,8.9,0.3,16.8,,6.6,3
133,대전,2017-03-13,8.0,2.7,13.8,,9.3,3
133,대전,2017-03-14,5.6,-0.1,12.0,,11.1,3
133,대전,2017-03-15,5.9,-1.8,12.8,,11.1,3
133,대전,2017-03-16,6.3,-1.2,13.8,,10.3,3
133,대전,2017-03-17,7.6,-1.4,16.6,,10.9,3
133,대전,2017-03-18,8.8,2.9,18.0,,7.0,3
133,대전,2017-03-19,10.0,0.7,19.2,,10.6,3
133,대전,2017-03-20,8.6,2.7,13.6,0.1,2.3,3
133,대전,2017-03-21,8.4,4.9,13.0,0.0,10.0,3
133,대전,2017-03-22,7.6,0.0,14.6,,7.6,3
133,대전,2017-03-23,9.5,4.0,16.6,,8.3,3
133,대전,2017-03-24,9.0,1.7,15.6,,6.4,3
133,대전,2017-03-25,7.6,6.4,9.9,0.9,0.2,3
133,대전,2017-03-26,7.1,4.6,10.5,0.0,1.4,3
133,대전,2017-03-27,6.4,3.5,11.1,1.6,5.2,3
133,대전,2017-03-28,7.9,0.9,14.2,0.2,7.4,3
133,대전,2017-03-29,9.7,4.3,16.8,1.6,8.8,3
133,대전,2017-03-30,11.2,2.1,19.5,,11.1,3
133,대전,2017-03-31,10.0,8.0,14.6,3.9,1.4,3
133,대전,2017-04-01,9.1,5.2,13.6,1.1,6.7,4
133,대전,2017-04-02,9.3,1.9,17.1,,11.7,4
133,대전,2017-04-03,12.0,3.6,21.3,,11.7,4
133,대전,2017-04-04,14.2,4.1,22.8,,10.4,4
133,대전,2017-04-05,12.8,10.7,14.2,17.0,0.0,4
133,대전,2017-04-06,13.8,11.2,16.7,15.9,2.4,4
133,대전,2017-04-07,16.2,9.5,24.6,,9.0,4
133,대전,2017-04-08,16.7,10.2,24.6,,9.8,4
133,대전,2017-04-09,14.4,11.9,19.7,,8.2,4
133,대전,2017-04-10,15.1,9.4,21.4,,10.3,4
133,대전,2017-04-11,12.5,8.2,19.4,14.3,8.2,4
133,대전,2017-04-12,12.1,5.7,18.4,,12.0,4
133,대전,2017-04-13,13.2,5.7,20.1,,11.5,4
133,대전,2017-04-14,16.0,10.5,20.9,0.0,8.1,4
133,대전,2017-04-15,18.7,12.5,25.6,,11.6,4
133,대전,2017-04-16,19.9,10.6,28.6,,10.8,4
133,대전,2018-02-01,-2.1,-6.6,4.1,,8.9,2
133,대전,2018-02-02,-2.7,-9.0,4.5,,9.2,2
133,대전,2018-02-03,-4.7,-8.2,-1.4,0.0,9.2,2
133,대전,2018-02-04,-7.3,-11.2,-2.5,0.0,9.1,2
133,대전,2018-02-05,-8.1,-12.5,-2.4,,9.1,2
133,대전,2018-02-06,-8.2,-13.2,-3.2,0.2,9.6,2
133,대전,2018-02-07,-7.3,-13.9,0.0,0.0,9.6,2
133,대전,2018-02-08,-3.8,-11.2,4.5,,9.4,2
133,대전,2018-02-09,1.4,-5.7,9.0,,5.1,2
133,대전,2018-02-10,0.5,-5.2,6.8,,4.3,2
133,대전,2018-02-11,-3.7,-7.7,0.6,1.0,6.5,2
133,대전,2018-02-12,-4.8,-9.5,-0.4,1.4,4.7,2
133,대전,2018-02-13,-0.8,-6.7,4.4,0.9,9.8,2
133,대전,2018-02-14,5.6,-0.8,11.6,,4.8,2
133,대전,2018-02-15,0.8,-3.2,7.2,,9.1,2
133,대전,2018-02-16,0.4,-5.2,7.5,,8.9,2
133,대전,2018-02-17,-1.1,-4.9,4.1,,9.4,2
133,대전,2018-02-18,-0.1,-3.7,4.3,,0.6,2
133,대전,2018-02-19,2.5,-3.4,8.8,,8.4,2
133,대전,2018-02-20,1.9,-3.3,8.1,,6.7,2
133,대전,2018-02-21,-0.1,-3.8,5.4,,8.6,2
133,대전,2018-02-22,0.5,-7.3,7.6,0.0,8.7,2
133,대전,2018-02-23,5.5,0.2,10.0,2.0,5.1,2
133,대전,2018-02-24,6.0,0.7,11.8,,5.7,2
133,대전,2018-02-25,4.0,-0.6,11.1,,5.9,2
133,대전,2018-02-26,4.0,-4.2,13.0,,10.5,2
133,대전,2018-02-27,6.3,-1.9,13.1,,6.1,2
133,대전,2018-02-28,5.3,1.4,9.9,35.0,0.0,2
133,대전,2018-03-01,2.0,-3.2,4.8,1.0,9.1,3
133,대전,2018-03-02,1.1,-6.2,8.7,,10.6,3
133,대전,2018-03-03,8.6,-1.7,18.7,,9.2,3
133,대전,2018-03-04,15.1,9.5,23.1,11.5,5.7,3
133,대전,2018-03-05,6.6,3.3,14.5,18.6,0.0,3
133,대전,2018-03-06,5.6,-0.4,12.5,,10.7,3
133,대전,2018-03-07,6.1,3.2,10.2,4.0,2.8,3
133,대전,2018-03-08,2.9,0.6,6.2,12.5,0.1,3
133,대전,2018-03-09,3.3,0.5,6.4,,0.8,3
133,대전,2018-03-10,4.1,-1.2,11.5,,8.3,3
133,대전,2018-03-11,7.7,2.2,14.8,,8.5,3
133,대전,2018-03-12,8.6,0.1,17.6,,10.3,3
133,대전,2018-03-13,12.4,2.9,20.8,,8.9,3
133,대전,2018-03-14,16.3,7.9,24.2,,10.8,3
133,대전,2018-03-15,13.7,10.6,15.8,16.6,0.0,3
133,대전,2018-03-16,6.6,3.1,10.8,0.1,4.1,3
133,대전,2018-03-17,7.6,0.4,14.8,,10.8,3
133,대전,2018-03-18,7.8,3.0,11.4,8.0,0.0,3
133,대전,2018-03-19,8.3,5.5,11.1,22.0,0.0,3
133,대전,2018-03-20,5.9,2.8,10.3,,3.5,3
133,대전,2018-03-21,1.2,-0.3,2.9,13.5,0.0,3
133,대전,2018-03-22,5.2,0.5,12.2,0.6,10.0,3
133,대전,2018-03-23,6.3,-1.0,13.9,,10.8,3
133,대전,2018-03-24,8.4,1.7,15.1,,7.5,3
133,대전,2018-03-25,10.9,4.4,19.5,,8.5,3
133,대전,2018-03-26,12.4,3.9,20.5,,10.5,3
133,대전,2018-03-27,13.9,6.3,21.5,,10.2,3
133,대전,2018-03-28,15.1,8.3,22.0,,10.1,3
133,대전,2018-03-29,16.0,10.7,21.5,,2.4,3
133,대전,2018-03-30,15.6,10.4,21.6,,8.7,3
133,대전,2018-03-31,15.9,9.2,23.1,,9.7,3
133,대전,2018-04-01,16.0,10.3,20.6,,0.5,4
133,대전,2018-04-02,18.3,11.5,25.1,,10.3,4
133,대전,2018-04-03,19.1,13.2,25.7,,7.1,4
133,대전,2018-04-04,13.2,9.4,18.2,21.1,0.5,4
133,대전,2018-04-05,8.2,7.4,9.4,18.6,0.0,4
133,대전,2018-04-06,7.8,3.5,13.4,18.8,6.3,4
133,대전,2018-04-07,5.0,2.6,9.4,,9.2,4
133,대전,2018-04-08,8.2,0.8,13.4,,7.9,4
133,대전,2018-04-09,11.9,5.5,18.7,,10.9,4
133,대전,2018-04-10,16.2,5.3,24.2,0.3,9.2,4
133,대전,2018-04-11,15.6,10.5,21.4,14.6,11.3,4
133,대전,2018-04-12,13.9,6.0,22.2,,11.9,4
133,대전,2018-04-13,13.2,5.9,18.6,0.0,0.9,4
133,대전,2018-04-14,9.0,7.2,13.0,36.7,0.0,4
133,대전,2018-04-15,10.2,5.8,16.5,,9.2,4
133,대전,2018-04-16,11.6,3.3,18.9,,10.9,4
133,대전,2019-02-01,-1.2,-6.7,3.9,,7.3,2
133,대전,2019-02-02,1.7,-4.9,8.8,0.0,4.5,2
133,대전,2019-02-03,5.0,3.2,8.7,27.1,0.0,2
133,대전,2019-02-04,1.3,-2.2,6.5,,9.1,2
133,대전,2019-02-05,3.2,-4.3,12.0,,8.3,2
133,대전,2019-02-06,6.1,-1.2,13.5,,6.2,2
133,대전,2019-02-07,1.8,-5.1,7.6,0.0,7.0,2
133,대전,2019-02-08,-3.3,-7.5,2.1,,8.3,2
133,대전,2019-02-09,-2.7,-5.3,1.7,,9.4,2
133,대전,2019-02-10,-2.4,-7.0,2.2,,5.2,2
133,대전,2019-02-11,-1.7,-6.1,4.1,,9.7,2
133,대전,2019-02-12,-0.3,-6.2,5.4,,6.0,2
133,대전,2019-02-13,-0.3,-3.9,4.9,,9.5,2
133,대전,2019-02-14,1.5,-3.3,8.1,,8.6,2
133,대전,2019-02-15,1.7,-0.6,4.7,0.0,0.7,2
133,대전,2019-02-16,-0.7,-3.5,2.8,0.1,7.6,2
133,대전,2019-02-17,-0.7,-6.5,6.8,,10.0,2
133,대전,2019-02-18,1.9,-4.5,6.8,0.1,4.3,2
133,대전,2019-02-19,2.2,-0.1,4.1,18.8,0.0,2
133,대전,2019-02-20,1.9,-0.7,6.1,0.0,2.1,2
133,대전,2019-02-21,2.1,-3.3,8.5,,9.4,2
133,대전,2019-02-22,3.6,-1.5,9.9,,7.8,2
133,대전,2019-02-23,5.5,-1.9,14.2,,9.1,2
133,대전,2019-02-24,6.7,-0.8,15.1,,10.3,2
133,대전,2019-02-25,5.7,0.9,12.9,,9.7,2
133,대전,2019-02-26,5.3,-2.4,12.7,,10.2,2
133,대전,2019-02-27,6.6,4.2,9.8,0.2,0.0,2
133,대전,2019-02-28,6.7,0.7,13.4,,6.9,2
133,대전,2019-03-01,6.1,0.0,13.7,,8.5,3
133,대전,2019-03-02,7.4,-0.9,16.0,,7.3,3
133,대전,2019-03-03,9.0,1.4,15.5,,5.6,3
133,대전,2019-03-04,10.0,5.5,16.4,,7.3,3
133,대전,2019-03-05,8.7,2.8,14.0,,4.3,3
133,대전,2019-03-06,9.7,5.8,15.4,,6.3,3
133,대전,2019-03-07,7.1,3.0,13.2,,6.0,3
133,대전,2019-03-08,7.0,-0.6,15.5,,10.8,3
133,대전,2019-03-09,8.2,-1.4,17.3,,10.1,3
133,대전,2019-03-10,7.9,3.7,11.3,0.1,0.1,3
133,대전,2019-03-11,5.7,0.6,9.8,0.8,2.5,3
133,대전,2019-03-12,4.5,-0.3,11.1,0.5,2.3,3
133,대전,2019-03-13,3.7,-1.8,9.2,,10.7,3
133,대전,2019-03-14,5.9,-2.6,12.2,,8.2,3
133,대전,2019-03-15,6.9,2.0,12.0,1.1,6.0,3
133,대전,2019-03-16,6.0,2.1,11.1,,7.7,3
133,대전,2019-03-17,7.3,2.6,14.1,,10.4,3
133,대전,2019-03-18,7.1,-0.6,14.5,,5.9,3
133,대전,2019-03-19,10.6,1.5,19.6,,10.7,3
133,대전,2019-03-20,10.9,6.3,16.4,17.7,0.1,3
133,대전,2019-03-21,8.5,2.7,13.7,2.6,1.4,3
133,대전,2019-03-22,4.4,0.3,10.6,,10.7,3
133,대전,2019-03-23,3.2,-1.2,9.7,6.2,9.0,3
133,대전,2019-03-24,4.5,-1.9,11.2,,11.7,3
133,대전,2019-03-25,7.2,0.2,14.4,,8.4,3
133,대전,2019-03-26,11.9,4.3,19.5,,9.7,3
133,대전,2019-03-27,14.3,10.4,21.0,,8.4,3
133,대전,2019-03-28,12.0,7.3,18.1,,7.9,3
133,대전,2019-03-29,11.6,6.2,18.4,,8.2,3
133,대전,2019-03-30,6.1,4.2,10.3,4.7,2.9,3
133,대전,2019-03-31,5.5,2.8,9.7,0.0,7.8,3
133,대전,2019-04-01,6.1,0.5,11.3,0.0,8.6,4
133,대전,2019-04-02,6.6,-1.1,14.4,,12.0,4
133,대전,2019-04-03,7.6,-0.2,14.9,,12.1,4
133,대전,2019-04-04,9.2,1.1,17.3,,11.8,4
133,대전,2019-04-05,11.6,7.7,18.6,,6.9,4
133,대전,2019-04-06,12.5,2.8,20.6,,6.6,4
133,대전,2019-04-07,14.2,9.3,20.7,0.8,5.3,4
133,대전,2019-04-08,12.6,4.9,19.4,,11.1,4
133,대전,2019-04-09,10.4,5.0,16.5,31.3,2.7,4
133,대전,2019-04-10,7.9,4.9,10.6,4.9,0.0,4
133,대전,2019-04-11,10.3,4.3,15.8,,5.7,4
133,대전,2019-04-12,12.1,5.1,19.0,,11.7,4
133,대전,2019-04-13,12.2,4.7,19.9,,10.3,4
133,대전,2019-04-14,10.5,6.9,15.4,0.5,3.9,4
133,대전,2019-04-15,11.6,2.9,20.5,,12.3,4
133,대전,2019-04-16,14.6,4.0,23.8,,10.3,4
133,대전,2020-02-01,2.1,-2.5,7.3,,0.7,2
133,대전,2020-02-02,1.8,-2.3,7.6,,6.8,2
133,대전,2020-02-03,1.5,-3.6,5.9,0.0,8.4,2
133,대전,2020-02-04,0.4,-5.8,7.2,0.7,9.6,2
133,대전,2020-02-05,-4.6,-8.2,0.8,0.1,9.7,2
133,대전,2020-02-06,-5.0,-10.5,0.8,,7.8,2
133,대전,2020-02-07,-1.2,-7.6,4.8,,7.1,2
133,대전,2020-02-08,1.6,-2.1,6.5,,8.0,2
133,대전,2020-02-09,0.5,-5.4,7.2,,9.9,2
133,대전,2020-02-10,5.1,-0.2,12.0,,9.4,2
133,대전,2020-02-11,6.6,-2.1,16.0,,8.5,2
133,대전,2020-02-12,7.7,5.3,9.8,15.8,0.0,2
133,대전,2020-02-13,7.4,3.7,9.8,0.1,0.0,2
133,대전,2020-02-14,7.5,3.5,14.4,,5.7,2
133,대전,2020-02-15,9.9,3.2,16.8,1.5,5.4,2
133,대전,2020-02-16,0.8,-1.9,8.6,8.4,1.9,2
133,대전,2020-02-17,-3.2,-5.4,0.0,0.7,4.7,2
133,대전,2020-02-18,-1.6,-7.2,5.0,0.1,10.0,2
133,대전,2020-02-19,2.1,-4.0,9.2,,6.4,2
133,대전,2020-02-20,5.3,-1.2,13.0,,9.7,2
133,대전,2020-02-21,7.3,0.2,14.9,2.3,6.0,2
133,대전,2020-02-22,6.3,1.6,10.4,1.2,8.9,2
133,대전,2020-02-23,3.7,-1.9,9.8,,10.4,2
133,대전,2020-02-24,7.4,-2.3,15.9,0.4,9.9,2
133,대전,2020-02-25,7.0,6.2,9.1,55.3,0.0,2
133,대전,2020-02-26,8.0,4.2,14.7,,7.5,2
133,대전,2020-02-27,6.9,3.4,12.5,,8.3,2
133,대전,2020-02-28,5.1,3.7,6.7,4.6,0.0,2
133,대전,2020-02-29,7.4,3.8,12.9,,4.0,2
133,대전,2020-03-01,6.3,2.6,11.8,,2.6,3
133,대전,2020-03-02,5.3,2.2,10.6,,10.2,3
133,대전,2020-03-03,7.2,0.1,15.0,,8.8,3
133,대전,2020-03-04,4.2,0.2,8.8,0.0,9.8,3
133,대전,2020-03-05,3.0,-1.9,9.3,,10.4,3
133,대전,2020-03-06,4.5,-3.6,12.3,,10.9,3
133,대전,2020-03-07,6.0,2.5,10.6,0.0,0.1,3
133,대전,2020-03-08,8.7,-0.2,18.6,,10.8,3
133,대전,2020-03-09,10.0,3.0,16.1,1.6,4.8,3
133,대전,2020-03-10,6.8,3.3,9.2,8.8,0.0,3
133,대전,2020-03-11,4.8,0.7,10.2,,11.1,3
133,대전,2020-03-12,7.0,-1.6,16.2,,10.9,3
133,대전,2020-03-13,6.6,0.9,12.4,,7.1,3
133,대전,2020-03-14,4.7,-2.2,11.7,,11.3,3
133,대전,2020-03-15,5.4,0.8,12.4,0.0,9.6,3
133,대전,2020-03-16,4.4,-1.8,11.2,,11.3,3
133,대전,2020-03-17,7.8,2.6,12.8,,5.6,3
133,대전,2020-03-18,10.4,2.5,19.2,,9.3,3
133,대전,2020-03-19,10.4,6.6,15.4,,8.1,3
133,대전,2020-03-20,9.6,3.4,15.8,,11.2,3
133,대전,2020-03-21,14.6,5.6,23.1,,9.6,3
133,대전,2020-03-22,13.2,7.4,19.9,,11.2,3
133,대전,2020-03-23,10.2,2.9,18.2,,11.6,3
133,대전,2020-03-24,11.4,3.3,19.4,,11.3,3
133,대전,2020-03-25,13.6,4.2,22.6,,11.0,3
133,대전,2020-03-26,14.2,9.4,19.4,1.4,0.7,3
133,대전,2020-03-27,11.9,5.6,14.8,12.6,2.3,3
133,대전,2020-03-28,7.5,4.1,12.4,,5.2,3
133,대전,2020-03-29,8.9,0.4,16.7,,9.5,3
133,대전,2020-03-30,12.2,5.7,19.3,,11.5,3
133,대전,2020-03-31,12.6,3.7,20.9,,10.2,3
133,대전,2020-04-01,11.6,6.0,20.3,,7.5,4
133,대전,2020-04-02,10.1,2.7,18.0,,11.0,4
133,대전,2020-04-03,11.0,3.3,18.9,,11.7,4
133,대전,2020-04-04,9.5,4.3,16.6,,11.2,4
133,대전,2020-04-05,8.0,0.6,16.5,,12.2,4
133,대전,2020-04-06,9.7,0.9,18.3,,10.7,4
133,대전,2020-04-07,11.5,4.5,19.2,,11.3,4
133,대전,2020-04-08,10.1,5.1,16.3,,12.2,4
133,대전,2020-04-09,9.6,2.4,16.7,,11.1,4
133,대전,2020-04-10,10.9,5.4,17.9,,10.8,4
133,대전,2020-04-11,8.9,4.6,14.7,,4.8,4
133,대전,2020-04-12,8.6,2.5,17.3,1.3,7.5,4
133,대전,2020-04-13,10.7,4.7,18.5,,10.2,4
133,대전,2020-04-14,12.9,4.3,21.9,,12.4,4
133,대전,2020-04-15,12.8,4.0,21.4,,8.4,4
133,대전,2021-02-01,7.3,2.6,11.0,8.1,3.1,2
133,대전,2021-02-02,-2.4,-4.4,2.6,0.0,9.6,2
133,대전,2021-02-03,-1.4,-8.2,4.1,0.1,9.6,2
133,대전,2021-02-04,-0.5,-3.7,4.1,0.5,9.6,2
133,대전,2021-02-05,1.2,-5.6,7.9,,5.5,2
133,대전,2021-02-06,6.0,-1.1,9.3,0.0,1.6,2
133,대전,2021-02-07,5.8,-0.4,11.4,0.0,7.6,2
133,대전,2021-02-08,-1.7,-4.1,2.5,,9.8,2
133,대전,2021-02-09,0.0,-6.3,7.4,,9.9,2
133,대전,2021-02-10,2.6,-4.2,10.0,,7.6,2
133,대전,2021-02-11,5.3,-0.2,12.5,,6.7,2
133,대전,2021-02-12,6.9,0.3,16.3,,8.2,2
133,대전,2021-02-13,7.6,-0.5,17.4,,9.7,2
133,대전,2021-02-14,9.1,4.2,15.2,1.0,0.9,2
133,대전,2021-02-15,3.0,-2.0,9.0,0.5,4.7,2
133,대전,2021-02-16,-2.7,-5.7,2.7,3.4,5.1,2
133,대전,2021-02-17,-6.1,-7.5,-3.6,0.1,9.3,2
133,대전,2021-02-18,-4.3,-8.9,0.9,0.4,9.3,2
133,대전,2021-02-19,2.6,-7.0,9.8,,10.1,2
133,대전,2021-02-20,11.2,6.3,17.2,,8.6,2
133,대전,2021-02-21,14.3,5.6,22.6,,10.0,2
133,대전,2021-02-22,11.7,1.6,19.9,,10.1,2
133,대전,2021-02-23,1.9,-2.4,8.6,,10.4,2
133,대전,2021-02-24,4.5,-1.4,12.1,,8.4,2
133,대전,2021-02-25,4.7,-0.1,8.9,0.0,0.1,2
133,대전,2021-02-26,8.9,1.9,15.4,,8.6,2
133,대전,2021-02-27,8.7,5.1,12.9,,9.7,2
133,대전,2021-02-28,7.4,1.5,12.4,0.0,1.6,2
133,대전,2021-03-01,8.2,2.0,12.7,50.8,,3
133,대전,2021-03-02,3.0,0.7,6.7,0.2,2.5,3
133,대전,2021-03-03,4.3,-1.8,10.2,,7.9,3
133,대전,2021-03-04,5.7,1.5,10.5,3.0,0.1,3
133,대전,2021-03-05,8.5,2.4,16.9,,7.1,3
133,대전,2021-03-06,7.5,4.0,14.3,,6.7,3
133,대전,2021-03-07,6.7,4.1,11.1,,2.5,3
133,대전,2021-03-08,8.0,1.8,15.3,,9.7,3
133,대전,2021-03-09,7.5,2.9,13.7,,6.1,3
133,대전,2021-03-10,9.6,0.3,18.4,,10.7,3
133,대전,2021-03-11,11.0,2.7,19.5,,8.0,3
133,대전,2021-03-12,8.3,7.1,10.8,12.2,0.0,3
133,대전,2021-03-13,9.0,3.4,15.6,,5.3,3
133,대전,2021-03-14,9.4,3.9,15.1,,6.8,3
133,대전,2021-03-15,11.8,3.5,18.4,0.0,8.6,3
133,대전,2021-03-16,11.1,4.6,16.6,0.0,10.3,3
133,대전,2021-03-17,10.0,1.1,19.3,,10.8,3
133,대전,2021-03-18,12.5,4.1,20.8,,10.1,3
133,대전,2021-03-19,13.7,9.7,18.8,,7.5,3
133,대전,2021-03-20,9.0,7.5,11.9,6.7,0.1,3
133,대전,2021-03-21,6.4,4.2,10.5,0.0,5.9,3
133,대전,2021-03-22,7.1,2.0,13.1,,11.2,3
133,대전,2021-03-23,9.9,2.9,17.2,,10.7,3
133,대전,2021-03-24,10.8,3.3,18.4,,9.7,3
133,대전,2021-03-25,13.0,4.7,22.1,,11.1,3
133,대전,2021-03-26,14.4,5.2,22.5,,8.4,3
133,대전,2021-03-27,12.2,7.9,16.3,20.5,0.1,3
133,대전,2021-03-28,10.3,9.1,14.9,1.8,0.1,3
133,대전,2021-03-29,12.2,8.3,17.9,0.0,7.9,3
133,대전,2021-03-30,12.6,5.8,20.0,,11.5,3
133,대전,2021-03-31,14.3,4.0,24.4,,11.1,3
133,대전,2021-04-01,15.8,11.1,21.6,,,4
133,대전,2021-04-02,17.6,12.2,23.5,,5.0,4
133,대전,2021-04-03,16.4,14.5,18.2,22.0,0.0,4
133,대전,2021-04-04,11.7,9.4,14.4,6.8,1.0,4
133,대전,2021-04-05,11.6,4.4,18.2,,12.2,4
133,대전,2021-04-06,13.2,5.8,21.2,,10.6,4
133,대전,2021-04-07,14.3,6.3,22.9,,11.8,4
133,대전,2021-04-08,13.1,6.8,20.2,,11.4,4
133,대전,2021-04-09,12.3,4.7,20.0,,11.1,4
133,대전,2021-04-10,13.0,6.8,19.8,,11.5,4
133,대전,2021-04-11,15.6,6.1,23.5,,11.5,4
133,대전,2021-04-12,13.6,12.4,16.5,15.3,0.0,4
133,대전,2021-04-13,11.3,5.1,17.3,1.8,8.1,4
133,대전,2021-04-14,9.6,3.2,16.8,,12.2,4
133,대전,2021-04-15,11.6,2.3,19.6,,11.6,4
133,대전,2021-04-16,11.8,9.3,15.8,0.0,1.0,4
133,대전,2022-02-01,0.4,-0.9,2.2,0.0,1.5,2
133,대전,2022-02-02,-0.2,-3.9,4.0,,7.8,2
133,대전,2022-02-03,-1.7,-5.2,4.3,,9.4,2
133,대전,2022-02-04,-2.4,-5.0,2.6,0.0,6.1,2
133,대전,2022-02-05,-4.9,-9.1,0.2,0.0,6.1,2
133,대전,2022-02-06,-3.0,-8.6,2.9,0.0,5.4,2
133,대전,2022-02-07,-2.1,-7.5,2.7,,4.1,2
133,대전,2022-02-08,-0.1,-5.7,7.0,,6.8,2
133,대전,2022-02-09,1.5,-6.0,8.9,,8.4,2
133,대전,2022-02-10,2.9,-1.3,9.4,,9.2,2
133,대전,2022-02-11,2.8,-4.7,10.7,,9.5,2
133,대전,2022-02-12,4.3,-1.9,12.5,,9.4,2
133,대전,2022-02-13,5.0,-0.4,11.7,,4.4,2
133,대전,2022-02-14,4.1,-2.0,12.3,0.0,7.6,2
133,대전,2022-02-15,-2.3,-6.1,1.0,0.0,2.4,2
133,대전,2022-02-16,-5.6,-8.7,-1.7,0.0,6.9,2
133,대전,2022-02-17,-5.5,-10.6,0.4,,9.8,2
133,대전,2022-02-18,-0.9,-9.5,8.1,,9.6,2
133,대전,2022-02-19,0.5,-3.4,5.2,0.0,2.6,2
133,대전,2022-02-20,-3.2,-6.6,1.3,0.0,10.0,2
133,대전,2022-02-21,-0.7,-7.5,5.5,0.0,7.1,2
133,대전,2022-02-22,-2.2,-7.1,3.0,0.0,8.8,2
133,대전,2022-02-23,-4.1,-8.6,2.5,,9.8,2
133,대전,2022-02-24,-1.6,-9.3,5.9,,10.4,2
133,대전,2022-02-25,2.9,-5.2,10.1,,7.6,2
133,대전,2022-02-26,6.8,2.0,12.7,1.4,8.1,2
133,대전,2022-02-27,5.0,-1.3,12.2,,10.4,2
133,대전,2022-02-28,6.9,-1.1,14.1,,8.2,2
133,대전,2022-03-01,6.7,1.2,12.7,0.6,1.8,3
133,대전,2022-03-02,3.8,-2.9,11.6,,10.7,3
133,대전,2022-03-03,7.0,-0.5,14.6,,10.4,3
133,대전,2022-03-04,8.6,-0.3,16.8,0.0,6.8,3
133,대전,2022-03-05,3.9,-0.7,9.0,,10.7,3
133,대전,2022-03-06,2.2,-2.9,9.6,,10.8,3
133,대전,2022-03-07,4.3,-2.9,12.1,,9.7,3
133,대전,2022-03-08,6.1,-2.1,15.3,,10.4,3
133,대전,2022-03-09,7.8,-0.3,16.7,,8.2,3
133,대전,2022-03-10,9.6,0.9,18.3,,8.0,3
133,대전,2022-03-11,11.0,3.8,17.6,,1.0,3
133,대전,2022-03-12,15.3,9.0,21.6,,2.8,3
133,대전,2022-03-13,14.4,13.0,16.7,24.6,0.0,3
133,대전,2022-03-14,11.3,6.0,15.5,3.2,0.2,3
133,대전,2022-03-15,9.4,3.5,16.3,,8.6,3
133,대전,2022-03-16,11.3,3.1,19.4,,8.4,3
133,대전,2022-03-17,9.1,6.4,11.1,5.8,0.0,3
133,대전,2022-03-18,6.4,5.0,8.5,3.9,0.0,3
133,대전,2022-03-19,4.1,2.9,6.2,12.9,0.2,3
133,대전,2022-03-20,5.1,2.0,10.4,0.0,2.1,3
133,대전,2022-03-21,5.8,-1.1,12.4,,8.7,3
133,대전,2022-03-22,6.9,1.0,13.6,,9.5,3
133,대전,2022-03-23,5.8,3.1,9.6,0.0,0.7,3
133,대전,2022-03-24,8.7,1.2,15.6,,5.0,3
133,대전,2022-03-25,12.6,5.3,19.0,9.1,2.4,3
133,대전,2022-03-26,11.0,7.9,14.7,13.7,0.0,3
133,대전,2022-03-27,8.4,2.9,16.6,,11.1,3
133,대전,2022-03-28,7.7,-0.5,16.1,,11.0,3
133,대전,2022-03-29,10.7,1.6,18.9,,11.5,3
133,대전,2022-03-30,12.4,4.8,18.3,0.2,2.1,3
133,대전,2022-03-31,11.4,8.0,15.0,0.0,0.1,3
133,대전,2022-04-01,9.7,4.3,15.9,,10.5,4
133,대전,2022-04-02,8.1,1.4,15.7,,11.5,4
133,대전,2022-04-03,9.6,1.1,17.9,,11.8,4
133,대전,2022-04-04,10.8,2.7,19.7,,11.8,4
133,대전,2022-04-05,10.3,2.7,17.8,,6.8,4
133,대전,2022-04-06,12.5,5.0,20.9,,11.1,4
133,대전,2022-04-07,11.9,7.6,18.9,0.7,8.5,4
133,대전,2022-04-08,13.9,3.2,23.0,,12.0,4
133,대전,2022-04-09,18.2,9.8,25.9,,11.2,4
133,대전,2022-04-10,18.6,10.0,27.6,,9.6,4
133,대전,2022-04-11,20.6,12.1,28.3,,11.9,4
133,대전,2022-04-12,20.7,14.8,27.2,,10.7,4
133,대전,2022-04-13,14.0,9.1,17.9,29.0,0.0,4
133,대전,2022-04-14,10.7,8.7,14.1,2.2,0.5,4
133,대전,2022-04-15,12.6,6.4,19.5,,11.5,4
133,대전,2022-04-16,13.1,6.1,20.5,,12.3,4
133,대전,2023-02-01,3.1,-3.3,8.3,,8.7,2
133,대전,2023-02-02,-1.5,-4.9,4.0,,6.6,2
133,대전,2023-02-03,-0.8,-3.9,5.6,,6.4,2
133,대전,2023-02-04,-0.6,-6.4,6.6,,9.1,2
133,대전,2023-02-05,0.7,-6.1,8.6,,9.4,2
133,대전,2023-02-06,2.1,-4.9,10.9,,6.2,2
133,대전,2023-02-07,2.9,-3.0,11.2,,5.5,2
133,대전,2023-02-08,1.8,-3.7,9.8,,9.1,2
133,대전,2023-02-09,3.5,-4.3,11.7,1.1,6.0,2
133,대전,2023-02-10,2.9,-0.4,7.5,3.0,0.5,2
133,대전,2023-02-11,0.9,-2.5,5.6,,0.2,2
133,대전,2023-02-12,1.9,-2.3,5.2,,0.0,2
133,대전,2023-02-13,6.3,3.5,10.3,,0.4,2
133,대전,2023-02-14,2.4,-1.7,8.6,,9.4,2
133,대전,2023-02-15,3.4,-1.6,8.3,,3.9,2
133,대전,2023-02-16,2.7,-1.2,6.7,0.0,1.3,2
133,대전,2023-02-17,4.2,-2.2,11.6,,5.5,2
133,대전,2023-02-18,6.4,4.6,9.0,0.8,0.0,2
133,대전,2023-02-19,3.6,-1.1,8.3,0.5,5.2,2
133,대전,2023-02-20,-0.1,-3.8,5.8,,7.3,2
133,대전,2023-02-21,-1.1,-6.2,5.1,,10.2,2
133,대전,2023-02-22,2.1,-6.3,9.4,,8.3,2
133,대전,2023-02-23,3.4,-2.7,10.1,,9.2,2
133,대전,2023-02-24,2.9,-1.5,10.6,,7.2,2
133,대전,2023-02-25,0.7,-3.1,7.0,,10.2,2
133,대전,2023-02-26,1.9,-5.8,11.0,,10.5,2
133,대전,2023-02-27,4.4,-4.4,14.7,,10.5,2
133,대전,2023-02-28,5.8,-3.1,13.9,,10.5,2
133,대전,2023-03-01,6.6,2.1,11.6,,2.2,3
133,대전,2023-03-02,2.3,-1.6,7.7,,10.6,3
133,대전,2023-03-03,4.2,-4.1,13.3,,10.6,3
133,대전,2023-03-04,6.4,-0.5,14.2,,6.5,3
133,대전,2023-03-05,7.9,-0.6,17.2,,9.7,3
133,대전,2023-03-06,8.3,-0.5,17.5,,10.5,3
133,대전,2023-03-07,11.9,3.4,21.1,,9.3,3
133,대전,2023-03-08,14.5,7.8,21.2,,9.9,3
133,대전,2023-03-09,13.9,9.1,20.2,,8.6,3
133,대전,2023-03-10,14.3,4.2,24.2,,9.8,3
133,대전,2023-03-11,16.4,7.5,25.1,,8.8,3
133,대전,2023-03-12,6.8,0.3,14.4,12.4,0.3,3
133,대전,2023-03-13,3.5,-2.3,9.7,,10.9,3
133,대전,2023-03-14,9.4,-0.1,18.1,,11.0,3
133,대전,2023-03-15,11.5,3.2,19.6,,8.1,3
133,대전,2023-03-16,6.1,0.9,12.3,,7.4,3
133,대전,2023-03-17,7.3,2.1,12.4,,0.9,3
133,대전,2023-03-18,9.3,4.9,16.6,,9.4,3
133,대전,2023-03-19,8.7,0.3,17.1,,11.1,3
133,대전,2023-03-20,10.6,1.8,19.6,,10.1,3
133,대전,2023-03-21,14.0,3.7,23.8,,10.8,3
133,대전,2023-03-22,17.0,6.9,25.8,,7.2,3
133,대전,2023-03-23,15.0,11.9,20.8,11.4,1.4,3
133,대전,2023-03-24,12.4,7.0,18.1,,5.7,3
133,대전,2023-03-25,10.8,9.1,13.1,,0.0,3
133,대전,2023-03-26,9.7,4.2,16.8,,10.8,3
133,대전,2023-03-27,7.4,-0.3,15.5,,11.2,3
133,대전,2023-03-28,8.7,0.6,16.9,,8.4,3
133,대전,2023-03-29,11.8,1.8,21.5,,11.1,3
133,대전,2023-03-30,14.2,4.4,23.1,,9.6,3
133,대전,2023-03-31,14.7,4.9,24.0,,11.5,3
133,대전,2023-04-01,16.8,6.4,26.0,,11.3,4
133,대전,2023-04-02,16.9,9.6,22.8,,11.6,4
133,대전,2023-04-03,16.8,8.7,23.3,,11.1,4
133,대전,2023-04-04,15.2,11.1,22.3,7.6,3.7,4
133,대전,2023-04-05,12.1,7.9,16.0,18.5,0.0,4
133,대전,2023-04-06,8.7,7.1,10.1,4.2,0.0,4
133,대전,2023-04-07,9.0,3.2,15.9,0.3,10.6,4
133,대전,2023-04-08,8.6,1.7,16.0,,11.6,4
133,대전,2023-04-09,10.1,2.0,18.6,,12.1,4
133,대전,2023-04-10,12.6,2.5,21.3,,11.3,4
133,대전,2023-04-11,14.7,10.2,20.8,0.0,0.3,4
133,대전,2023-04-12,10.9,4.0,18.1,,11.4,4
133,대전,2023-04-13,13.5,3.1,23.2,,9.7,4
133,대전,2023-04-14,15.1,7.1,22.0,,4.2,4
133,대전,2023-04-15,12.5,8.2,15.4,13.2,2.1,4
133,대전,2023-04-16,10.9,6.9,17.0,0.0,5.2,4
133,대전,2024-02-01,4.0,2.4,6.2,,0.0,2
133,대전,2024-02-02,4.1,0.4,9.5,,7.7,2
133,대전,2024-02-03,4.6,-0.3,9.6,0.4,0.3,2
133,대전,2024-02-04,6.2,3.5,10.3,1.3,1.1,2
133,대전,2024-02-05,4.1,1.6,6.1,12.3,0.0,2
133,대전,2024-02-06,1.7,-0.2,4.2,1.1,0.0,2
133,대전,2024-02-07,0.3,-2.0,5.2,,2.6,2
133,대전,2024-02-08,0.6,-4.1,6.8,,9.1,2
133,대전,2024-02-09,1.2,-4.0,7.4,,8.9,2
133,대전,2024-02-10,1.3,-3.7,7.7,0.0,5.5,2
133,대전,2024-02-11,0.8,-4.1,7.3,0.0,4.2,2
133,대전,2024-02-12,3.6,-3.7,12.2,,9.6,2
133,대전,2024-02-13,8.4,0.1,16.3,,8.4,2
133,대전,2024-02-14,13.2,9.0,19.0,0.0,2.8,2
133,대전,2024-02-15,5.9,-0.3,13.3,2.0,0.3,2
133,대전,2024-02-16,3.1,-2.0,10.1,,8.7,2
133,대전,2024-02-17,5.5,-2.1,14.5,,10.0,2
133,대전,2024-02-18,5.5,-0.7,9.8,28.4,0.1,2
133,대전,2024-02-19,9.8,5.1,13.5,16.6,0.0,2
133,대전,2024-02-20,5.3,3.3,7.1,5.0,0.0,2
133,대전,2024-02-21,4.0,2.8,5.6,17.9,0.0,2
133,대전,2024-02-22,2.1,1.1,3.6,3.7,0.0,2
133,대전,2024-02-23,3.0,0.7,6.8,0.0,3.2,2
133,대전,2024-02-24,2.9,0.2,7.2,3.3,2.6,2
133,대전,2024-02-25,2.3,0.0,4.7,1.7,0.0,2
133,대전,2024-02-26,3.7,-2.0,9.4,,7.3,2
133,대전,2024-02-27,5.3,1.4,10.6,,7.3,2
133,대전,2024-02-28,6.3,2.4,11.8,,3.7,2
133,대전,2024-02-29,5.1,2.4,7.0,0.2,0.0,2
133,대전,2024-03-01,-2.2,-5.8,2.5,,10.2,3
133,대전,2024-03-02,-0.9,-7.9,4.3,0.0,9.9,3
133,대전,2024-03-03,5.3,1.2,10.8,1.2,5.1,3
133,대전,2024-03-04,6.7,-0.3,13.1,,5.7,3
133,대전,2024-03-05,5.9,4.6,8.1,2.5,0.0,3
133,대전,2024-03-06,7.0,2.0,12.2,,5.8,3
133,대전,2024-03-07,4.6,0.6,8.6,0.0,6.7,3
133,대전,2024-03-08,2.9,-0.7,8.7,,10.2,3
133,대전,2024-03-09,2.3,-3.2,9.1,,10.9,3
133,대전,2024-03-10,4.6,-3.2,13.0,,11.0,3
133,대전,2024-03-11,6.4,-0.4,12.0,,4.4,3
133,대전,2024-03-12,5.6,2.7,10.6,2.0,0.9,3
133,대전,2024-03-13,6.6,0.2,13.3,,10.8,3
133,대전,2024-03-14,8.4,1.8,16.5,,10.8,3
133,대전,2024-03-15,9.5,0.7,18.5,,11.0,3
133,대전,2024-03-16,11.4,1.8,21.4,0.0,8.8,3
133,대전,2024-03-17,9.7,3.9,14.2,0.0,6.8,3
133,대전,2024-03-18,7.9,0.1,15.6,,10.2,3
133,대전,2024-03-19,7.2,4.2,12.4,0.0,3.2,3
133,대전,2024-03-20,4.6,1.1,9.6,,9.9,3
133,대전,2024-03-21,5.2,-1.6,11.7,,11.0,3
133,대전,2024-03-22,10.1,2.3,18.2,4.1,5.9,3
133,대전,2024-03-23,14.9,10.1,21.3,0.3,9.3,3
133,대전,2024-03-24,14.1,10.7,19.4,,3.6,3
133,대전,2024-03-25,9.4,6.6,13.4,6.8,0.0,3
133,대전,2024-03-26,6.7,3.3,11.7,19.5,3.0,3
133,대전,2024-03-27,10.2,2.2,17.7,,9.0,3
133,대전,2024-03-28,9.0,8.3,10.3,21.3,0.0,3
133,대전,2024-03-29,9.3,5.8,13.8,0.2,2.5,3
133,대전,2024-03-30,10.0,1.8,16.5,0.0,4.4,3
133,대전,2024-03-31,10.9,2.3,18.8,,11.2,3
133,대전,2024-04-01,13.1,3.7,22.1,,11.6,4
133,대전,2024-04-02,16.1,5.9,26.1,0.0,8.6,4
133,대전,2024-04-03,13.2,12.1,14.2,16.0,0.0,4
133,대전,2024-04-04,13.4,11.5,16.9,0.0,0.2,4
133,대전,2024-04-05,13.3,9.9,19.2,0.0,6.1,4
133,대전,2024-04-06,13.2,7.7,20.2,,5.3,4
133,대전,2024-04-07,15.9,7.1,24.7,,11.4,4
133,대전,2024-04-08,16.5,8.4,23.7,,5.6,4
133,대전,2024-04-09,15.3,9.2,21.4,,11.3,4
133,대전,2024-04-10,14.5,9.2,20.6,,9.3,4
133,대전,2024-04-11,16.1,11.1,23.2,,6.7,4
133,대전,2024-04-12,17.5,10.0,25.5,,11.5,4
133,대전,2024-04-13,19.3,10.3,28.4,,11.9,4
133,대전,2024-04-14,20.3,11.2,29.3,,10.5,4
133,대전,2024-04-15,16.2,12.5,19.6,7.5,0.0,4
133,대전,2025-02-01,3.5,1.2,7.8,0.2,0.7,2
133,대전,2025-02-02,2.4,-1.3,9.1,,3.4,2
133,대전,2025-02-03,-1.4,-6.0,1.9,0.2,9.0,2
133,대전,2025-02-04,-6.2,-8.2,-2.3,0.0,6.7,2
133,대전,2025-02-05,-6.4,-10.6,-1.6,0.0,9.1,2
133,대전,2025-02-06,-4.1,-10.2,2.2,0.7,8.9,2
133,대전,2025-02-07,-6.4,-9.8,-0.5,1.3,3.9,2
133,대전,2025-02-08,-6.6,-11.3,-1.0,0.0,7.9,2
133,대전,2025-02-09,-3.9,-9.8,2.6,0.0,8.6,2
133,대전,2025-02-10,-2.6,-7.6,3.0,0.0,5.1,2
133,대전,2025-02-11,0.3,-7.1,9.3,,9.7,2
133,대전,2025-02-12,1.1,-1.6,4.4,8.3,0.0,2
133,대전,2025-02-13,1.1,-4.4,7.4,,9.9,2
133,대전,2025-02-14,3.5,-3.1,11.1,,9.7,2
133,대전,2025-02-15,2.9,-2.9,8.6,,2.3,2
133,대전,2025-02-16,5.1,-0.7,11.9,,7.6,2
133,대전,2025-02-17,1.3,-2.2,6.8,,10.0,2
133,대전,2025-02-18,-0.9,-4.5,4.5,,10.1,2
133,대전,2025-02-19,-1.6,-6.6,4.0,,10.1,2
133,대전,2025-02-20,-1.9,-6.8,4.2,,10.1,2
133,대전,2025-02-21,-1.5,-6.5,4.3,,10.1,2
133,대전,2025-02-22,-1.0,-5.4,4.1,0.4,10.0,2
133,대전,2025-02-23,-2.7,-6.8,2.1,0.0,6.7,2
133,대전,2025-02-24,-0.7,-7.2,6.4,,10.3,2
133,대전,2025-02-25,1.7,-5.3,7.6,,8.0,2
133,대전,2025-02-26,5.3,0.4,11.8,0.0,10.1,2
133,대전,2025-02-27,6.6,-3.5,17.0,0.0,10.0,2
133,대전,2025-02-28,9.8,5.4,17.0,0.0,5.9,2
133,대전,2025-03-01,6.3,1.7,8.7,2.6,1.5,3
133,대전,2025-03-02,9.7,5.0,17.4,5.7,0.5,3
133,대전,2025-03-03,3.5,1.1,7.0,23.0,1.0,3
133,대전,2025-03-04,3.4,1.6,5.7,0.9,0.8,3
133,대전,2025-03-05,5.5,3.4,9.1,0.0,0.0,3
133,대전,2025-03-06,5.1,0.6,11.0,,6.9,3
133,대전,2025-03-07,5.6,-1.6,12.7,,8.8,3
133,대전,2025-03-08,6.2,3.0,11.1,0.0,4.0,3
133,대전,2025-03-09,6.8,-0.7,15.0,,10.5,3
133,대전,2025-03-10,8.2,0.7,16.8,,10.8,3
133,대전,2025-03-11,9.8,1.0,18.6,,10.7,3
133,대전,2025-03-12,9.6,4.5,16.0,,3.3,3
133,대전,2025-03-13,10.3,4.6,17.3,,7.6,3
133,대전,2025-03-14,12.9,3.7,21.5,,10.6,3
133,대전,2025-03-15,9.8,7.1,14.2,,4.4,3
133,대전,2025-03-16,4.5,0.5,7.5,0.9,3.3,3
133,대전,2025-03-17,3.8,-0.9,9.6,,11.1,3
133,대전,2025-03-18,1.2,-0.2,3.3,3.9,0.5,3
133,대전,2025-03-19,3.2,-2.1,9.1,,10.2,3
133,대전,2025-03-20,7.6,-1.2,15.6,,10.3,3
133,대전,2025-03-21,12.8,8.0,21.3,,11.1,3
133,대전,2025-03-22,14.9,7.5,22.8,,11.2,3
133,대전,2025-03-23,16.6,6.9,26.4,,8.9,3
133,대전,2025-03-24,16.6,12.2,22.2,0.0,8.3,3
133,대전,2025-03-25,15.4,10.5,25.8,,7.5,3
133,대전,2025-03-26,18.5,6.0,29.3,,10.6,3
133,대전,2025-03-27,16.1,7.2,21.5,0.7,0.0,3
133,대전,2025-03-28,7.5,4.5,12.8,0.0,7.8,3
133,대전,2025-03-29,3.9,0.3,9.1,0.0,6.8,3
133,대전,2025-03-30,4.4,-1.5,9.7,,9.5,3
133,대전,2025-03-31,8.1,1.3,14.6,,8.8,3
133,대전,2025-04-01,10.3,1.9,18.9,,11.5,4
133,대전,2025-04-02,9.6,3.0,18.0,,7.3,4
133,대전,2025-04-03,10.3,3.3,18.3,,11.1,4
133,대전,2025-04-04,11.7,7.0,18.9,0.4,9.8,4
133,대전,2025-04-05,9.4,7.3,14.7,11.7,1.7,4
133,대전,2025-04-06,10.7,4.7,18.5,,11.6,4
133,대전,2025-04-07,13.8,3.2,21.8,,11.6,4
133,대전,2025-04-08,15.6,9.8,21.6,,10.4,4
133,대전,2025-04-09,13.9,5.6,21.7,0.0,7.4,4
133,대전,2025-04-10,14.0,10.0,19.0,0.0,3.8,4
133,대전,2025-04-11,16.2,5.8,26.1,,11.5,4
133,대전,2025-04-12,14.7,3.2,24.0,13.0,3.3,4
133,대전,2025-04-13,5.8,1.9,10.3,5.2,4.3,4
133,대전,2025-04-14,5.1,3.5,9.2,6.2,0.9,4
133,대전,2025-04-15,8.8,2.8,15.6,0.0,10.4,4
133,대전,2025-04-16,16.0,4.5,25.4,,10.8,4
